{
"type": "FeatureCollection",
"name": "Demand_Layer_Toilet",
"crs": { "type": "name", "properties": { "name": "urn:ogc:def:crs:EPSG::32643" } },
"features": [
{ "type": "Feature", "properties": { "id": 16.0, "temple": 0.0, "parking": 0.0, "junction": 0.0, "building": 0.0, "hotel": 0.0, "id_2": 1, "GHAT_NAME": "Sunheri Ghat", "n": 1, "distance": 710.24303258624411, "Demand": 2.0, "Class": "Very Low" }, "geometry": { "type": "MultiPolygon", "coordinates": [ [ [ [ 577439.29183314461261, 2564796.490011479705572 ], [ 577441.462564746616408, 2564801.161535685416311 ], [ 577441.462564746616408, 2564758.865538750775158 ], [ 577433.982585719437338, 2564758.865538750775158 ], [ 577439.29183314461261, 2564796.490011479705572 ] ] ] ] } },
{ "type": "Feature", "properties": { "id": 17.0, "temple": 0.0, "parking": 0.0, "junction": 0.0, "building": 0.0, "hotel": 0.0, "id_2": 6, "GHAT_NAME": "Mevada Mali Ghat", "n": 1, "distance": 693.93610846082504, "Demand": 2.0, "Class": "Very Low" }, "geometry": { "type": "MultiPolygon", "coordinates": [ [ [ [ 577433.982585719437338, 2564758.865538750775158 ], [ 577441.462564746616408, 2564758.865538750775158 ], [ 577441.462564746616408, 2564708.865538750775158 ], [ 577426.927008537808433, 2564708.865538750775158 ], [ 577433.982585719437338, 2564758.865538750775158 ] ] ] ] } },
{ "type": "Feature", "properties": { "id": 18.0, "temple": 0.0, "parking": 0.0, "junction": 0.0, "building": 0.0, "hotel": 0.0, "id_2": 6, "GHAT_NAME": "Mevada Mali Ghat", "n": 1, "distance": 655.25316609246238, "Demand": 2.0, "Class": "Very Low" }, "geometry": { "type": "MultiPolygon", "coordinates": [ [ [ [ 577426.927008537808433, 2564708.865538750775158 ], [ 577441.462564746616408, 2564708.865538750775158 ], [ 577441.462564746616408, 2564658.865538750775158 ], [ 577419.871431356063113, 2564658.865538750775158 ], [ 577426.927008537808433, 2564708.865538750775158 ] ] ] ] } },
{ "type": "Feature", "properties": { "id": 19.0, "temple": 0.0, "parking": 0.0, "junction": 0.0, "building": 0.0, "hotel": 0.0, "id_2": 6, "GHAT_NAME": "Mevada Mali Ghat", "n": 1, "distance": 614.88110040082267, "Demand": 2.0, "Class": "Very Low" }, "geometry": { "type": "MultiPolygon", "coordinates": [ [ [ [ 577419.871431356063113, 2564658.865538750775158 ], [ 577441.462564746616408, 2564658.865538750775158 ], [ 577441.462564746616408, 2564608.865538750775158 ], [ 577412.815854174434207, 2564608.865538750775158 ], [ 577419.871431356063113, 2564658.865538750775158 ] ] ] ] } },
{ "type": "Feature", "properties": { "id": 20.0, "temple": 0.0, "parking": 0.0, "junction": 0.0, "building": 0.0, "hotel": 0.0, "id_2": 6, "GHAT_NAME": "Mevada Mali Ghat", "n": 1, "distance": 574.36508203586038, "Demand": 2.0, "Class": "Very Low" }, "geometry": { "type": "MultiPolygon", "coordinates": [ [ [ [ 577412.815854174434207, 2564608.865538750775158 ], [ 577441.462564746616408, 2564608.865538750775158 ], [ 577441.462564746616408, 2564558.865538750775158 ], [ 577405.760276992805302, 2564558.865538750775158 ], [ 577412.815854174434207, 2564608.865538750775158 ] ] ] ] } },
{ "type": "Feature", "properties": { "id": 21.0, "temple": 0.0, "parking": 0.0, "junction": 0.0, "building": 0.0, "hotel": 0.0, "id_2": 6, "GHAT_NAME": "Mevada Mali Ghat", "n": 1, "distance": 535.45469210195051, "Demand": 2.0, "Class": "Very Low" }, "geometry": { "type": "MultiPolygon", "coordinates": [ [ [ [ 577405.760276992805302, 2564558.865538750775158 ], [ 577441.462564746616408, 2564558.865538750775158 ], [ 577441.462564746616408, 2564508.865538750775158 ], [ 577398.704699811176397, 2564508.865538750775158 ], [ 577405.760276992805302, 2564558.865538750775158 ] ] ] ] } },
{ "type": "Feature", "properties": { "id": 22.0, "temple": 0.0, "parking": 0.0, "junction": 0.0, "building": 0.0, "hotel": 0.0, "id_2": 6, "GHAT_NAME": "Mevada Mali Ghat", "n": 1, "distance": 498.31721500402574, "Demand": 6.0, "Class": "Low" }, "geometry": { "type": "MultiPolygon", "coordinates": [ [ [ [ 577398.704699811176397, 2564508.865538750775158 ], [ 577441.462564746616408, 2564508.865538750775158 ], [ 577441.462564746616408, 2564458.865538750775158 ], [ 577391.649122629431076, 2564458.865538750775158 ], [ 577398.704699811176397, 2564508.865538750775158 ] ] ] ] } },
{ "type": "Feature", "properties": { "id": 23.0, "temple": 0.0, "parking": 0.0, "junction": 0.0, "building": 2.0, "hotel": 0.0, "id_2": 6, "GHAT_NAME": "Mevada Mali Ghat", "n": 1, "distance": 461.53267614299921, "Demand": 8.0, "Class": "Low" }, "geometry": { "type": "MultiPolygon", "coordinates": [ [ [ [ 577391.462564746616408, 2564457.543479066342115 ], [ 577391.649122629431076, 2564458.865538750775158 ], [ 577441.462564746616408, 2564458.865538750775158 ], [ 577441.462564746616408, 2564408.865538750775158 ], [ 577398.848718983121216, 2564408.865538750775158 ], [ 577391.462564746616408, 2564457.543479066342115 ] ] ] ] } },
{ "type": "Feature", "properties": { "id": 24.0, "temple": 0.0, "parking": 0.0, "junction": 0.0, "building": 0.0, "hotel": 0.0, "id_2": 6, "GHAT_NAME": "Mevada Mali Ghat", "n": 1, "distance": 421.87094241472505, "Demand": 6.0, "Class": "Low" }, "geometry": { "type": "MultiPolygon", "coordinates": [ [ [ [ 577398.848718983121216, 2564408.865538750775158 ], [ 577441.462564746616408, 2564408.865538750775158 ], [ 577441.462564746616408, 2564358.865538750775158 ], [ 577406.435476134880446, 2564358.865538750775158 ], [ 577398.848718983121216, 2564408.865538750775158 ] ] ] ] } },
{ "type": "Feature", "properties": { "id": 25.0, "temple": 0.0, "parking": 0.0, "junction": 0.0, "building": 1.0, "hotel": 0.0, "id_2": 6, "GHAT_NAME": "Mevada Mali Ghat", "n": 1, "distance": 381.59266245447839, "Demand": 7.0, "Class": "Low" }, "geometry": { "type": "MultiPolygon", "coordinates": [ [ [ [ 577406.435476134880446, 2564358.865538750775158 ], [ 577441.462564746616408, 2564358.865538750775158 ], [ 577441.462564746616408, 2564308.865538750775158 ], [ 577414.022233286756091, 2564308.865538750775158 ], [ 577406.435476134880446, 2564358.865538750775158 ] ] ] ] } },
{ "type": "Feature", "properties": { "id": 26.0, "temple": 0.0, "parking": 0.0, "junction": 0.0, "building": 0.0, "hotel": 0.0, "id_2": 6, "GHAT_NAME": "Mevada Mali Ghat", "n": 1, "distance": 342.49875771913463, "Demand": 6.0, "Class": "Low" }, "geometry": { "type": "MultiPolygon", "coordinates": [ [ [ [ 577414.022233286756091, 2564308.865538750775158 ], [ 577441.462564746616408, 2564308.865538750775158 ], [ 577441.462564746616408, 2564258.865538750775158 ], [ 577421.60899043851532, 2564258.865538750775158 ], [ 577414.022233286756091, 2564308.865538750775158 ] ] ] ] } },
{ "type": "Feature", "properties": { "id": 27.0, "temple": 0.0, "parking": 0.0, "junction": 0.0, "building": 2.0, "hotel": 0.0, "id_2": 6, "GHAT_NAME": "Mevada Mali Ghat", "n": 1, "distance": 306.57684351214687, "Demand": 8.0, "Class": "Low" }, "geometry": { "type": "MultiPolygon", "coordinates": [ [ [ [ 577421.60899043851532, 2564258.865538750775158 ], [ 577441.462564746616408, 2564258.865538750775158 ], [ 577441.462564746616408, 2564208.865538750775158 ], [ 577429.195747590390965, 2564208.865538750775158 ], [ 577421.60899043851532, 2564258.865538750775158 ] ] ] ] } },
{ "type": "Feature", "properties": { "id": 28.0, "temple": 0.0, "parking": 0.0, "junction": 0.0, "building": 0.0, "hotel": 0.0, "id_2": 6, "GHAT_NAME": "Mevada Mali Ghat", "n": 1, "distance": 272.32239423101595, "Demand": 6.0, "Class": "Low" }, "geometry": { "type": "MultiPolygon", "coordinates": [ [ [ [ 577429.195747590390965, 2564208.865538750775158 ], [ 577441.462564746616408, 2564208.865538750775158 ], [ 577441.462564746616408, 2564158.865538750775158 ], [ 577436.782504742150195, 2564158.865538750775158 ], [ 577429.195747590390965, 2564208.865538750775158 ] ] ] ] } },
{ "type": "Feature", "properties": { "id": 29.0, "temple": 0.0, "parking": 0.0, "junction": 0.0, "building": 0.0, "hotel": 0.0, "id_2": 6, "GHAT_NAME": "Mevada Mali Ghat", "n": 1, "distance": 250.48221852869784, "Demand": 6.0, "Class": "Low" }, "geometry": { "type": "MultiPolygon", "coordinates": [ [ [ [ 577436.782504742150195, 2564158.865538750775158 ], [ 577441.462564746616408, 2564158.865538750775158 ], [ 577441.462564746616408, 2564128.021925921551883 ], [ 577436.782504742150195, 2564158.865538750775158 ] ] ] ] } },
{ "type": "Feature", "properties": { "id": 58.0, "temple": 0.0, "parking": 0.0, "junction": 0.0, "building": 0.0, "hotel": 0.0, "id_2": 3, "GHAT_NAME": "Kabir Ghat", "n": 1, "distance": 642.79261655608525, "Demand": 2.0, "Class": "Very Low" }, "geometry": { "type": "MultiPolygon", "coordinates": [ [ [ [ 577491.462564746616408, 2564908.764064747840166 ], [ 577491.462564746616408, 2564858.865538750775158 ], [ 577468.276062332559377, 2564858.865538750775158 ], [ 577491.462564746616408, 2564908.764064747840166 ] ] ] ] } },
{ "type": "Feature", "properties": { "id": 59.0, "temple": 0.0, "parking": 0.0, "junction": 0.0, "building": 0.0, "hotel": 0.0, "id_2": 3, "GHAT_NAME": "Kabir Ghat", "n": 1, "distance": 653.73122962135972, "Demand": 2.0, "Class": "Very Low" }, "geometry": { "type": "MultiPolygon", "coordinates": [ [ [ [ 577468.276062332559377, 2564858.865538750775158 ], [ 577491.462564746616408, 2564858.865538750775158 ], [ 577491.462564746616408, 2564808.865538750775158 ], [ 577445.042407679837197, 2564808.865538750775158 ], [ 577468.276062332559377, 2564858.865538750775158 ] ] ] ] } },
{ "type": "Feature", "properties": { "id": 60.0, "temple": 0.0, "parking": 0.0, "junction": 0.0, "building": 0.0, "hotel": 0.0, "id_2": 1, "GHAT_NAME": "Sunheri Ghat", "n": 1, "distance": 659.73779309671932, "Demand": 2.0, "Class": "Very Low" }, "geometry": { "type": "MultiPolygon", "coordinates": [ [ [ [ 577445.042407679837197, 2564808.865538750775158 ], [ 577491.462564746616408, 2564808.865538750775158 ], [ 577491.462564746616408, 2564758.865538750775158 ], [ 577441.462564746616408, 2564758.865538750775158 ], [ 577441.462564746616408, 2564801.161535685416311 ], [ 577445.042407679837197, 2564808.865538750775158 ] ] ] ] } },
{ "type": "Feature", "properties": { "id": 61.0, "temple": 0.0, "parking": 0.0, "junction": 1.0, "building": 0.0, "hotel": 0.0, "id_2": 6, "GHAT_NAME": "Mevada Mali Ghat", "n": 1, "distance": 664.32989272891768, "Demand": 4.0, "Class": "Very Low" }, "geometry": { "type": "MultiPolygon", "coordinates": [ [ [ [ 577441.462564746616408, 2564758.865538750775158 ], [ 577491.462564746616408, 2564758.865538750775158 ], [ 577491.462564746616408, 2564708.865538750775158 ], [ 577441.462564746616408, 2564708.865538750775158 ], [ 577441.462564746616408, 2564758.865538750775158 ] ] ] ] } },
{ "type": "Feature", "properties": { "id": 62.0, "temple": 0.0, "parking": 0.0, "junction": 0.0, "building": 1.0, "hotel": 0.0, "id_2": 6, "GHAT_NAME": "Mevada Mali Ghat", "n": 1, "distance": 623.81375058719038, "Demand": 3.0, "Class": "Very Low" }, "geometry": { "type": "MultiPolygon", "coordinates": [ [ [ [ 577441.462564746616408, 2564708.865538750775158 ], [ 577491.462564746616408, 2564708.865538750775158 ], [ 577491.462564746616408, 2564658.865538750775158 ], [ 577441.462564746616408, 2564658.865538750775158 ], [ 577441.462564746616408, 2564708.865538750775158 ] ] ] ] } },
{ "type": "Feature", "properties": { "id": 63.0, "temple": 0.0, "parking": 0.0, "junction": 0.0, "building": 0.0, "hotel": 0.0, "id_2": 6, "GHAT_NAME": "Mevada Mali Ghat", "n": 1, "distance": 584.76746187702645, "Demand": 2.0, "Class": "Very Low" }, "geometry": { "type": "MultiPolygon", "coordinates": [ [ [ [ 577441.462564746616408, 2564658.865538750775158 ], [ 577491.462564746616408, 2564658.865538750775158 ], [ 577491.462564746616408, 2564608.865538750775158 ], [ 577441.462564746616408, 2564608.865538750775158 ], [ 577441.462564746616408, 2564658.865538750775158 ] ] ] ] } },
{ "type": "Feature", "properties": { "id": 64.0, "temple": 0.0, "parking": 0.0, "junction": 0.0, "building": 1.0, "hotel": 0.0, "id_2": 6, "GHAT_NAME": "Mevada Mali Ghat", "n": 1, "distance": 545.51068741138181, "Demand": 3.0, "Class": "Very Low" }, "geometry": { "type": "MultiPolygon", "coordinates": [ [ [ [ 577441.462564746616408, 2564608.865538750775158 ], [ 577491.462564746616408, 2564608.865538750775158 ], [ 577491.462564746616408, 2564558.865538750775158 ], [ 577441.462564746616408, 2564558.865538750775158 ], [ 577441.462564746616408, 2564608.865538750775158 ] ] ] ] } },
{ "type": "Feature", "properties": { "id": 65.0, "temple": 0.0, "parking": 0.0, "junction": 0.0, "building": 0.0, "hotel": 0.0, "id_2": 6, "GHAT_NAME": "Mevada Mali Ghat", "n": 1, "distance": 504.37921241063481, "Demand": 2.0, "Class": "Very Low" }, "geometry": { "type": "MultiPolygon", "coordinates": [ [ [ [ 577441.462564746616408, 2564558.865538750775158 ], [ 577491.462564746616408, 2564558.865538750775158 ], [ 577491.462564746616408, 2564508.865538750775158 ], [ 577441.462564746616408, 2564508.865538750775158 ], [ 577441.462564746616408, 2564558.865538750775158 ] ] ] ] } },
{ "type": "Feature", "properties": { "id": 66.0, "temple": 0.0, "parking": 0.0, "junction": 0.0, "building": 1.0, "hotel": 1.0, "id_2": 6, "GHAT_NAME": "Mevada Mali Ghat", "n": 1, "distance": 464.98910712392637, "Demand": 9.0, "Class": "Low" }, "geometry": { "type": "MultiPolygon", "coordinates": [ [ [ [ 577441.462564746616408, 2564508.865538750775158 ], [ 577491.462564746616408, 2564508.865538750775158 ], [ 577491.462564746616408, 2564458.865538750775158 ], [ 577441.462564746616408, 2564458.865538750775158 ], [ 577441.462564746616408, 2564508.865538750775158 ] ] ] ] } },
{ "type": "Feature", "properties": { "id": 67.0, "temple": 0.0, "parking": 0.0, "junction": 0.0, "building": 0.0, "hotel": 0.0, "id_2": 6, "GHAT_NAME": "Mevada Mali Ghat", "n": 1, "distance": 427.66679802394287, "Demand": 6.0, "Class": "Low" }, "geometry": { "type": "MultiPolygon", "coordinates": [ [ [ [ 577441.462564746616408, 2564458.865538750775158 ], [ 577491.462564746616408, 2564458.865538750775158 ], [ 577491.462564746616408, 2564408.865538750775158 ], [ 577441.462564746616408, 2564408.865538750775158 ], [ 577441.462564746616408, 2564458.865538750775158 ] ] ] ] } },
{ "type": "Feature", "properties": { "id": 68.0, "temple": 0.0, "parking": 0.0, "junction": 0.0, "building": 0.0, "hotel": 0.0, "id_2": 6, "GHAT_NAME": "Mevada Mali Ghat", "n": 1, "distance": 390.88225916283744, "Demand": 6.0, "Class": "Low" }, "geometry": { "type": "MultiPolygon", "coordinates": [ [ [ [ 577441.462564746616408, 2564408.865538750775158 ], [ 577491.462564746616408, 2564408.865538750775158 ], [ 577491.462564746616408, 2564358.865538750775158 ], [ 577441.462564746616408, 2564358.865538750775158 ], [ 577441.462564746616408, 2564408.865538750775158 ] ] ] ] } },
{ "type": "Feature", "properties": { "id": 69.0, "temple": 0.0, "parking": 0.0, "junction": 0.0, "building": 0.0, "hotel": 0.0, "id_2": 6, "GHAT_NAME": "Mevada Mali Ghat", "n": 1, "distance": 351.96733269356736, "Demand": 6.0, "Class": "Low" }, "geometry": { "type": "MultiPolygon", "coordinates": [ [ [ [ 577441.462564746616408, 2564358.865538750775158 ], [ 577491.462564746616408, 2564358.865538750775158 ], [ 577491.462564746616408, 2564308.865538750775158 ], [ 577441.462564746616408, 2564308.865538750775158 ], [ 577441.462564746616408, 2564358.865538750775158 ] ] ] ] } },
{ "type": "Feature", "properties": { "id": 70.0, "temple": 0.0, "parking": 0.0, "junction": 0.0, "building": 0.0, "hotel": 0.0, "id_2": 6, "GHAT_NAME": "Mevada Mali Ghat", "n": 1, "distance": 311.68905273332069, "Demand": 6.0, "Class": "Low" }, "geometry": { "type": "MultiPolygon", "coordinates": [ [ [ [ 577441.462564746616408, 2564308.865538750775158 ], [ 577491.462564746616408, 2564308.865538750775158 ], [ 577491.462564746616408, 2564258.865538750775158 ], [ 577441.462564746616408, 2564258.865538750775158 ], [ 577441.462564746616408, 2564308.865538750775158 ] ] ] ] } },
{ "type": "Feature", "properties": { "id": 71.0, "temple": 0.0, "parking": 0.0, "junction": 0.0, "building": 1.0, "hotel": 0.0, "id_2": 6, "GHAT_NAME": "Mevada Mali Ghat", "n": 1, "distance": 271.99420652665037, "Demand": 7.0, "Class": "Low" }, "geometry": { "type": "MultiPolygon", "coordinates": [ [ [ [ 577441.462564746616408, 2564258.865538750775158 ], [ 577491.462564746616408, 2564258.865538750775158 ], [ 577491.462564746616408, 2564208.865538750775158 ], [ 577441.462564746616408, 2564208.865538750775158 ], [ 577441.462564746616408, 2564258.865538750775158 ] ] ] ] } },
{ "type": "Feature", "properties": { "id": 72.0, "temple": 0.0, "parking": 0.0, "junction": 0.0, "building": 0.0, "hotel": 0.0, "id_2": 6, "GHAT_NAME": "Mevada Mali Ghat", "n": 1, "distance": 235.89942476886631, "Demand": 6.0, "Class": "Low" }, "geometry": { "type": "MultiPolygon", "coordinates": [ [ [ [ 577441.462564746616408, 2564208.865538750775158 ], [ 577491.462564746616408, 2564208.865538750775158 ], [ 577491.462564746616408, 2564158.865538750775158 ], [ 577441.462564746616408, 2564158.865538750775158 ], [ 577441.462564746616408, 2564208.865538750775158 ] ] ] ] } },
{ "type": "Feature", "properties": { "id": 73.0, "temple": 0.0, "parking": 0.0, "junction": 0.0, "building": 0.0, "hotel": 0.0, "id_2": 6, "GHAT_NAME": "Mevada Mali Ghat", "n": 1, "distance": 201.64067795380899, "Demand": 6.0, "Class": "Low" }, "geometry": { "type": "MultiPolygon", "coordinates": [ [ [ [ 577442.814409674145281, 2564119.112685118801892 ], [ 577441.462564746616408, 2564128.021925921551883 ], [ 577441.462564746616408, 2564158.865538750775158 ], [ 577491.462564746616408, 2564158.865538750775158 ], [ 577491.462564746616408, 2564108.865538750775158 ], [ 577447.706651940941811, 2564108.865538750775158 ], [ 577442.814409674145281, 2564119.112685118801892 ] ] ] ] } },
{ "type": "Feature", "properties": { "id": 74.0, "temple": 0.0, "parking": 0.0, "junction": 0.0, "building": 0.0, "hotel": 0.0, "id_2": 6, "GHAT_NAME": "Mevada Mali Ghat", "n": 1, "distance": 166.18945356030591, "Demand": 10.0, "Class": "Low" }, "geometry": { "type": "MultiPolygon", "coordinates": [ [ [ [ 577447.706651940941811, 2564108.865538750775158 ], [ 577491.462564746616408, 2564108.865538750775158 ], [ 577491.462564746616408, 2564058.865538750775158 ], [ 577471.577894192654639, 2564058.865538750775158 ], [ 577447.706651940941811, 2564108.865538750775158 ] ] ] ] } },
{ "type": "Feature", "properties": { "id": 75.0, "temple": 0.0, "parking": 0.0, "junction": 0.0, "building": 0.0, "hotel": 0.0, "id_2": 6, "GHAT_NAME": "Mevada Mali Ghat", "n": 1, "distance": 136.38997845649666, "Demand": 10.0, "Class": "Low" }, "geometry": { "type": "MultiPolygon", "coordinates": [ [ [ [ 577471.577894192654639, 2564058.865538750775158 ], [ 577491.462564746616408, 2564058.865538750775158 ], [ 577491.462564746616408, 2564017.215694255661219 ], [ 577471.577894192654639, 2564058.865538750775158 ] ] ] ] } },
{ "type": "Feature", "properties": { "id": 99.0, "temple": 0.0, "parking": 0.0, "junction": 0.0, "building": 0.0, "hotel": 0.0, "id_2": 3, "GHAT_NAME": "Kabir Ghat", "n": 1, "distance": 568.52974716865299, "Demand": 2.0, "Class": "Very Low" }, "geometry": { "type": "MultiPolygon", "coordinates": [ [ [ [ 577541.462564746616408, 2565016.366593810264021 ], [ 577541.462564746616408, 2565008.865538750775158 ], [ 577537.977026290842332, 2565008.865538750775158 ], [ 577541.462564746616408, 2565016.366593810264021 ] ] ] ] } },
{ "type": "Feature", "properties": { "id": 100.0, "temple": 0.0, "parking": 0.0, "junction": 0.0, "building": 0.0, "hotel": 0.0, "id_2": 3, "GHAT_NAME": "Kabir Ghat", "n": 1, "distance": 570.25680364548282, "Demand": 2.0, "Class": "Very Low" }, "geometry": { "type": "MultiPolygon", "coordinates": [ [ [ [ 577537.977026290842332, 2565008.865538750775158 ], [ 577541.462564746616408, 2565008.865538750775158 ], [ 577541.462564746616408, 2564958.865538750775158 ], [ 577514.743371638120152, 2564958.865538750775158 ], [ 577537.977026290842332, 2565008.865538750775158 ] ] ] ] } },
{ "type": "Feature", "properties": { "id": 101.0, "temple": 0.0, "parking": 0.0, "junction": 0.0, "building": 0.0, "hotel": 0.0, "id_2": 3, "GHAT_NAME": "Kabir Ghat", "n": 1, "distance": 582.24979182265258, "Demand": 2.0, "Class": "Very Low" }, "geometry": { "type": "MultiPolygon", "coordinates": [ [ [ [ 577514.743371638120152, 2564958.865538750775158 ], [ 577541.462564746616408, 2564958.865538750775158 ], [ 577541.462564746616408, 2564908.865538750775158 ], [ 577491.509716985397972, 2564908.865538750775158 ], [ 577514.743371638120152, 2564958.865538750775158 ] ] ] ] } },
{ "type": "Feature", "properties": { "id": 102.0, "temple": 0.0, "parking": 0.0, "junction": 0.0, "building": 0.0, "hotel": 0.0, "id_2": 3, "GHAT_NAME": "Kabir Ghat", "n": 1, "distance": 594.21854635736747, "Demand": 2.0, "Class": "Very Low" }, "geometry": { "type": "MultiPolygon", "coordinates": [ [ [ [ 577491.509716985397972, 2564908.865538750775158 ], [ 577541.462564746616408, 2564908.865538750775158 ], [ 577541.462564746616408, 2564858.865538750775158 ], [ 577491.462564746616408, 2564858.865538750775158 ], [ 577491.462564746616408, 2564908.764064747840166 ], [ 577491.509716985397972, 2564908.865538750775158 ] ] ] ] } },
{ "type": "Feature", "properties": { "id": 103.0, "temple": 0.0, "parking": 0.0, "junction": 0.0, "building": 0.0, "hotel": 0.0, "id_2": 3, "GHAT_NAME": "Kabir Ghat", "n": 1, "distance": 604.85849831747748, "Demand": 2.0, "Class": "Very Low" }, "geometry": { "type": "MultiPolygon", "coordinates": [ [ [ [ 577491.462564746616408, 2564858.865538750775158 ], [ 577541.462564746616408, 2564858.865538750775158 ], [ 577541.462564746616408, 2564808.865538750775158 ], [ 577491.462564746616408, 2564808.865538750775158 ], [ 577491.462564746616408, 2564858.865538750775158 ] ] ] ] } },
{ "type": "Feature", "properties": { "id": 104.0, "temple": 0.0, "parking": 0.0, "junction": 0.0, "building": 0.0, "hotel": 0.0, "id_2": 1, "GHAT_NAME": "Sunheri Ghat", "n": 1, "distance": 609.96854861319491, "Demand": 2.0, "Class": "Very Low" }, "geometry": { "type": "MultiPolygon", "coordinates": [ [ [ [ 577491.462564746616408, 2564808.865538750775158 ], [ 577541.462564746616408, 2564808.865538750775158 ], [ 577541.462564746616408, 2564758.865538750775158 ], [ 577491.462564746616408, 2564758.865538750775158 ], [ 577491.462564746616408, 2564808.865538750775158 ] ] ] ] } },
{ "type": "Feature", "properties": { "id": 105.0, "temple": 0.0, "parking": 0.0, "junction": 0.0, "building": 0.0, "hotel": 0.0, "id_2": 1, "GHAT_NAME": "Sunheri Ghat", "n": 1, "distance": 615.25781177267743, "Demand": 2.0, "Class": "Very Low" }, "geometry": { "type": "MultiPolygon", "coordinates": [ [ [ [ 577491.462564746616408, 2564758.865538750775158 ], [ 577541.462564746616408, 2564758.865538750775158 ], [ 577541.462564746616408, 2564708.865538750775158 ], [ 577491.462564746616408, 2564708.865538750775158 ], [ 577491.462564746616408, 2564758.865538750775158 ] ] ] ] } },
{ "type": "Feature", "properties": { "id": 106.0, "temple": 0.0, "parking": 0.0, "junction": 0.0, "building": 0.0, "hotel": 0.0, "id_2": 6, "GHAT_NAME": "Mevada Mali Ghat", "n": 1, "distance": 594.92056542795581, "Demand": 2.0, "Class": "Very Low" }, "geometry": { "type": "MultiPolygon", "coordinates": [ [ [ [ 577491.462564746616408, 2564708.865538750775158 ], [ 577541.462564746616408, 2564708.865538750775158 ], [ 577541.462564746616408, 2564658.865538750775158 ], [ 577491.462564746616408, 2564658.865538750775158 ], [ 577491.462564746616408, 2564708.865538750775158 ] ] ] ] } },
{ "type": "Feature", "properties": { "id": 107.0, "temple": 0.0, "parking": 0.0, "junction": 0.0, "building": 0.0, "hotel": 0.0, "id_2": 6, "GHAT_NAME": "Mevada Mali Ghat", "n": 1, "distance": 553.84101348452054, "Demand": 2.0, "Class": "Very Low" }, "geometry": { "type": "MultiPolygon", "coordinates": [ [ [ [ 577491.462564746616408, 2564658.865538750775158 ], [ 577541.462564746616408, 2564658.865538750775158 ], [ 577541.462564746616408, 2564608.865538750775158 ], [ 577491.462564746616408, 2564608.865538750775158 ], [ 577491.462564746616408, 2564658.865538750775158 ] ] ] ] } },
{ "type": "Feature", "properties": { "id": 108.0, "temple": 0.0, "parking": 0.0, "junction": 0.0, "building": 1.0, "hotel": 0.0, "id_2": 6, "GHAT_NAME": "Mevada Mali Ghat", "n": 1, "distance": 514.34352068049145, "Demand": 3.0, "Class": "Very Low" }, "geometry": { "type": "MultiPolygon", "coordinates": [ [ [ [ 577491.462564746616408, 2564608.865538750775158 ], [ 577541.462564746616408, 2564608.865538750775158 ], [ 577541.462564746616408, 2564558.865538750775158 ], [ 577491.462564746616408, 2564558.865538750775158 ], [ 577491.462564746616408, 2564608.865538750775158 ] ] ] ] } },
{ "type": "Feature", "properties": { "id": 109.0, "temple": 0.0, "parking": 0.0, "junction": 0.0, "building": 1.0, "hotel": 1.0, "id_2": 6, "GHAT_NAME": "Mevada Mali Ghat", "n": 1, "distance": 476.53441904016751, "Demand": 9.0, "Class": "Low" }, "geometry": { "type": "MultiPolygon", "coordinates": [ [ [ [ 577491.462564746616408, 2564558.865538750775158 ], [ 577541.462564746616408, 2564558.865538750775158 ], [ 577541.462564746616408, 2564508.865538750775158 ], [ 577491.462564746616408, 2564508.865538750775158 ], [ 577491.462564746616408, 2564558.865538750775158 ] ] ] ] } },
{ "type": "Feature", "properties": { "id": 110.0, "temple": 0.0, "parking": 0.0, "junction": 0.0, "building": 1.0, "hotel": 0.0, "id_2": 6, "GHAT_NAME": "Mevada Mali Ghat", "n": 1, "distance": 434.62803908846473, "Demand": 7.0, "Class": "Low" }, "geometry": { "type": "MultiPolygon", "coordinates": [ [ [ [ 577491.462564746616408, 2564508.865538750775158 ], [ 577541.462564746616408, 2564508.865538750775158 ], [ 577541.462564746616408, 2564458.865538750775158 ], [ 577491.462564746616408, 2564458.865538750775158 ], [ 577491.462564746616408, 2564508.865538750775158 ] ] ] ] } },
{ "type": "Feature", "properties": { "id": 111.0, "temple": 0.0, "parking": 0.0, "junction": 0.0, "building": 0.0, "hotel": 0.0, "id_2": 6, "GHAT_NAME": "Mevada Mali Ghat", "n": 1, "distance": 394.61121650786606, "Demand": 6.0, "Class": "Low" }, "geometry": { "type": "MultiPolygon", "coordinates": [ [ [ [ 577491.462564746616408, 2564458.865538750775158 ], [ 577541.462564746616408, 2564458.865538750775158 ], [ 577541.462564746616408, 2564408.865538750775158 ], [ 577491.462564746616408, 2564408.865538750775158 ], [ 577491.462564746616408, 2564458.865538750775158 ] ] ] ] } },
{ "type": "Feature", "properties": { "id": 112.0, "temple": 0.0, "parking": 0.0, "junction": 0.0, "building": 0.0, "hotel": 0.0, "id_2": 6, "GHAT_NAME": "Mevada Mali Ghat", "n": 1, "distance": 357.01638104385989, "Demand": 6.0, "Class": "Low" }, "geometry": { "type": "MultiPolygon", "coordinates": [ [ [ [ 577491.462564746616408, 2564408.865538750775158 ], [ 577541.462564746616408, 2564408.865538750775158 ], [ 577541.462564746616408, 2564358.865538750775158 ], [ 577491.462564746616408, 2564358.865538750775158 ], [ 577491.462564746616408, 2564408.865538750775158 ] ] ] ] } },
{ "type": "Feature", "properties": { "id": 113.0, "temple": 0.0, "parking": 0.0, "junction": 0.0, "building": 0.0, "hotel": 0.0, "id_2": 6, "GHAT_NAME": "Mevada Mali Ghat", "n": 1, "distance": 320.23184218275452, "Demand": 6.0, "Class": "Low" }, "geometry": { "type": "MultiPolygon", "coordinates": [ [ [ [ 577491.462564746616408, 2564358.865538750775158 ], [ 577541.462564746616408, 2564358.865538750775158 ], [ 577541.462564746616408, 2564308.865538750775158 ], [ 577491.462564746616408, 2564308.865538750775158 ], [ 577491.462564746616408, 2564358.865538750775158 ] ] ] ] } },
{ "type": "Feature", "properties": { "id": 114.0, "temple": 0.0, "parking": 0.0, "junction": 0.0, "building": 0.0, "hotel": 0.0, "id_2": 6, "GHAT_NAME": "Mevada Mali Ghat", "n": 1, "distance": 282.06372297234071, "Demand": 6.0, "Class": "Low" }, "geometry": { "type": "MultiPolygon", "coordinates": [ [ [ [ 577491.462564746616408, 2564308.865538750775158 ], [ 577541.462564746616408, 2564308.865538750775158 ], [ 577541.462564746616408, 2564258.865538750775158 ], [ 577491.462564746616408, 2564258.865538750775158 ], [ 577491.462564746616408, 2564308.865538750775158 ] ] ] ] } },
{ "type": "Feature", "properties": { "id": 115.0, "temple": 0.0, "parking": 0.0, "junction": 0.0, "building": 0.0, "hotel": 0.0, "id_2": 6, "GHAT_NAME": "Mevada Mali Ghat", "n": 1, "distance": 241.78544301216309, "Demand": 6.0, "Class": "Low" }, "geometry": { "type": "MultiPolygon", "coordinates": [ [ [ [ 577491.462564746616408, 2564258.865538750775158 ], [ 577541.462564746616408, 2564258.865538750775158 ], [ 577541.462564746616408, 2564208.865538750775158 ], [ 577491.462564746616408, 2564208.865538750775158 ], [ 577491.462564746616408, 2564258.865538750775158 ] ] ] ] } },
{ "type": "Feature", "properties": { "id": 116.0, "temple": 0.0, "parking": 0.0, "junction": 0.0, "building": 0.0, "hotel": 0.0, "id_2": 6, "GHAT_NAME": "Mevada Mali Ghat", "n": 1, "distance": 201.63406886975659, "Demand": 6.0, "Class": "Low" }, "geometry": { "type": "MultiPolygon", "coordinates": [ [ [ [ 577491.462564746616408, 2564208.865538750775158 ], [ 577541.462564746616408, 2564208.865538750775158 ], [ 577541.462564746616408, 2564158.865538750775158 ], [ 577491.462564746616408, 2564158.865538750775158 ], [ 577491.462564746616408, 2564208.865538750775158 ] ] ] ] } },
{ "type": "Feature", "properties": { "id": 117.0, "temple": 0.0, "parking": 0.0, "junction": 0.0, "building": 0.0, "hotel": 0.0, "id_2": 6, "GHAT_NAME": "Mevada Mali Ghat", "n": 1, "distance": 165.222006025501, "Demand": 10.0, "Class": "Low" }, "geometry": { "type": "MultiPolygon", "coordinates": [ [ [ [ 577491.462564746616408, 2564158.865538750775158 ], [ 577541.462564746616408, 2564158.865538750775158 ], [ 577541.462564746616408, 2564108.865538750775158 ], [ 577491.462564746616408, 2564108.865538750775158 ], [ 577491.462564746616408, 2564158.865538750775158 ] ] ] ] } },
{ "type": "Feature", "properties": { "id": 118.0, "temple": 0.0, "parking": 0.0, "junction": 0.0, "building": 0.0, "hotel": 0.0, "id_2": 6, "GHAT_NAME": "Mevada Mali Ghat", "n": 1, "distance": 130.93026058896444, "Demand": 10.0, "Class": "Low" }, "geometry": { "type": "MultiPolygon", "coordinates": [ [ [ [ 577491.462564746616408, 2564108.865538750775158 ], [ 577541.462564746616408, 2564108.865538750775158 ], [ 577541.462564746616408, 2564058.865538750775158 ], [ 577491.462564746616408, 2564058.865538750775158 ], [ 577491.462564746616408, 2564108.865538750775158 ] ] ] ] } },
{ "type": "Feature", "properties": { "id": 119.0, "temple": 0.0, "parking": 0.0, "junction": 0.0, "building": 0.0, "hotel": 0.0, "id_2": 6, "GHAT_NAME": "Mevada Mali Ghat", "n": 1, "distance": 95.479036195461376, "Demand": 10.0, "Class": "Low" }, "geometry": { "type": "MultiPolygon", "coordinates": [ [ [ [ 577491.462564746616408, 2564017.215694255661219 ], [ 577491.462564746616408, 2564058.865538750775158 ], [ 577541.462564746616408, 2564058.865538750775158 ], [ 577541.462564746616408, 2564008.865538750775158 ], [ 577495.449136444483884, 2564008.865538750775158 ], [ 577491.462564746616408, 2564017.215694255661219 ] ] ] ] } },
{ "type": "Feature", "properties": { "id": 120.0, "temple": 0.0, "parking": 0.0, "junction": 0.0, "building": 0.0, "hotel": 0.0, "id_2": 6, "GHAT_NAME": "Mevada Mali Ghat", "n": 1, "distance": 60.011469470856639, "Demand": 10.0, "Class": "Low" }, "geometry": { "type": "MultiPolygon", "coordinates": [ [ [ [ 577495.449136444483884, 2564008.865538750775158 ], [ 577541.462564746616408, 2564008.865538750775158 ], [ 577541.462564746616408, 2563958.865538750775158 ], [ 577519.320378696196713, 2563958.865538750775158 ], [ 577495.449136444483884, 2564008.865538750775158 ] ] ] ] } },
{ "type": "Feature", "properties": { "id": 121.0, "temple": 0.0, "parking": 0.0, "junction": 0.0, "building": 0.0, "hotel": 0.0, "id_2": 6, "GHAT_NAME": "Mevada Mali Ghat", "n": 1, "distance": 46.04028890596237, "Demand": 2.0, "Class": "Very Low" }, "geometry": { "type": "MultiPolygon", "coordinates": [ [ [ [ 577519.320378696196713, 2563958.865538750775158 ], [ 577541.462564746616408, 2563958.865538750775158 ], [ 577541.462564746616408, 2563912.487168875988573 ], [ 577519.320378696196713, 2563958.865538750775158 ] ] ] ] } },
{ "type": "Feature", "properties": { "id": 141.0, "temple": 0.0, "parking": 0.0, "junction": 0.0, "building": 0.0, "hotel": 0.0, "id_2": 3, "GHAT_NAME": "Kabir Ghat", "n": 1, "distance": 497.87794617916848, "Demand": 6.0, "Class": "Low" }, "geometry": { "type": "MultiPolygon", "coordinates": [ [ [ [ 577591.462564746616408, 2565113.54078984213993 ], [ 577591.462564746616408, 2565108.865538750775158 ], [ 577587.185754746198654, 2565108.865538750775158 ], [ 577591.462564746616408, 2565113.54078984213993 ] ] ] ] } },
{ "type": "Feature", "properties": { "id": 142.0, "temple": 0.0, "parking": 0.0, "junction": 0.0, "building": 0.0, "hotel": 0.0, "id_2": 3, "GHAT_NAME": "Kabir Ghat", "n": 1, "distance": 498.91115753793628, "Demand": 6.0, "Class": "Low" }, "geometry": { "type": "MultiPolygon", "coordinates": [ [ [ [ 577581.614177919458598, 2565102.774896277114749 ], [ 577587.185754746198654, 2565108.865538750775158 ], [ 577591.462564746616408, 2565108.865538750775158 ], [ 577591.462564746616408, 2565058.865538750775158 ], [ 577561.210680943680927, 2565058.865538750775158 ], [ 577581.614177919458598, 2565102.774896277114749 ] ] ] ] } },
{ "type": "Feature", "properties": { "id": 143.0, "temple": 0.0, "parking": 0.0, "junction": 0.0, "building": 0.0, "hotel": 0.0, "id_2": 3, "GHAT_NAME": "Kabir Ghat", "n": 1, "distance": 510.08804079876126, "Demand": 2.0, "Class": "Very Low" }, "geometry": { "type": "MultiPolygon", "coordinates": [ [ [ [ 577561.210680943680927, 2565058.865538750775158 ], [ 577591.462564746616408, 2565058.865538750775158 ], [ 577591.462564746616408, 2565008.865538750775158 ], [ 577541.462564746616408, 2565008.865538750775158 ], [ 577541.462564746616408, 2565016.366593810264021 ], [ 577561.210680943680927, 2565058.865538750775158 ] ] ] ] } },
{ "type": "Feature", "properties": { "id": 144.0, "temple": 0.0, "parking": 0.0, "junction": 0.0, "building": 0.0, "hotel": 0.0, "id_2": 3, "GHAT_NAME": "Kabir Ghat", "n": 1, "distance": 521.69124680186849, "Demand": 2.0, "Class": "Very Low" }, "geometry": { "type": "MultiPolygon", "coordinates": [ [ [ [ 577541.462564746616408, 2565008.865538750775158 ], [ 577591.462564746616408, 2565008.865538750775158 ], [ 577591.462564746616408, 2564958.865538750775158 ], [ 577541.462564746616408, 2564958.865538750775158 ], [ 577541.462564746616408, 2565008.865538750775158 ] ] ] ] } },
{ "type": "Feature", "properties": { "id": 145.0, "temple": 0.0, "parking": 0.0, "junction": 0.0, "building": 0.0, "hotel": 0.0, "id_2": 3, "GHAT_NAME": "Kabir Ghat", "n": 1, "distance": 533.71398517339037, "Demand": 2.0, "Class": "Very Low" }, "geometry": { "type": "MultiPolygon", "coordinates": [ [ [ [ 577541.462564746616408, 2564958.865538750775158 ], [ 577591.462564746616408, 2564958.865538750775158 ], [ 577591.462564746616408, 2564908.865538750775158 ], [ 577541.462564746616408, 2564908.865538750775158 ], [ 577541.462564746616408, 2564958.865538750775158 ] ] ] ] } },
{ "type": "Feature", "properties": { "id": 146.0, "temple": 0.0, "parking": 0.0, "junction": 0.0, "building": 0.0, "hotel": 0.0, "id_2": 3, "GHAT_NAME": "Kabir Ghat", "n": 1, "distance": 545.4284882497883, "Demand": 2.0, "Class": "Very Low" }, "geometry": { "type": "MultiPolygon", "coordinates": [ [ [ [ 577541.462564746616408, 2564908.865538750775158 ], [ 577591.462564746616408, 2564908.865538750775158 ], [ 577591.462564746616408, 2564858.865538750775158 ], [ 577541.462564746616408, 2564858.865538750775158 ], [ 577541.462564746616408, 2564908.865538750775158 ] ] ] ] } },
{ "type": "Feature", "properties": { "id": 147.0, "temple": 0.0, "parking": 0.0, "junction": 0.0, "building": 0.0, "hotel": 0.0, "id_2": 3, "GHAT_NAME": "Kabir Ghat", "n": 1, "distance": 555.98576701348156, "Demand": 2.0, "Class": "Very Low" }, "geometry": { "type": "MultiPolygon", "coordinates": [ [ [ [ 577541.462564746616408, 2564858.865538750775158 ], [ 577591.462564746616408, 2564858.865538750775158 ], [ 577591.462564746616408, 2564808.865538750775158 ], [ 577541.462564746616408, 2564808.865538750775158 ], [ 577541.462564746616408, 2564858.865538750775158 ] ] ] ] } },
{ "type": "Feature", "properties": { "id": 148.0, "temple": 0.0, "parking": 0.0, "junction": 0.0, "building": 0.0, "hotel": 0.0, "id_2": 1, "GHAT_NAME": "Sunheri Ghat", "n": 1, "distance": 560.20777720718547, "Demand": 2.0, "Class": "Very Low" }, "geometry": { "type": "MultiPolygon", "coordinates": [ [ [ [ 577541.462564746616408, 2564808.865538750775158 ], [ 577591.462564746616408, 2564808.865538750775158 ], [ 577591.462564746616408, 2564758.865538750775158 ], [ 577541.462564746616408, 2564758.865538750775158 ], [ 577541.462564746616408, 2564808.865538750775158 ] ] ] ] } },
{ "type": "Feature", "properties": { "id": 149.0, "temple": 0.0, "parking": 0.0, "junction": 0.0, "building": 0.0, "hotel": 0.0, "id_2": 1, "GHAT_NAME": "Sunheri Ghat", "n": 1, "distance": 565.61194980309608, "Demand": 2.0, "Class": "Very Low" }, "geometry": { "type": "MultiPolygon", "coordinates": [ [ [ [ 577541.462564746616408, 2564758.865538750775158 ], [ 577591.462564746616408, 2564758.865538750775158 ], [ 577591.462564746616408, 2564708.865538750775158 ], [ 577541.462564746616408, 2564708.865538750775158 ], [ 577541.462564746616408, 2564758.865538750775158 ] ] ] ] } },
{ "type": "Feature", "properties": { "id": 150.0, "temple": 0.0, "parking": 0.0, "junction": 0.0, "building": 0.0, "hotel": 0.0, "id_2": 1, "GHAT_NAME": "Sunheri Ghat", "n": 1, "distance": 568.48190007009543, "Demand": 2.0, "Class": "Very Low" }, "geometry": { "type": "MultiPolygon", "coordinates": [ [ [ [ 577541.462564746616408, 2564708.865538750775158 ], [ 577591.462564746616408, 2564708.865538750775158 ], [ 577591.462564746616408, 2564658.865538750775158 ], [ 577541.462564746616408, 2564658.865538750775158 ], [ 577541.462564746616408, 2564708.865538750775158 ] ] ] ] } },
{ "type": "Feature", "properties": { "id": 151.0, "temple": 0.0, "parking": 0.0, "junction": 0.0, "building": 0.0, "hotel": 0.0, "id_2": 6, "GHAT_NAME": "Mevada Mali Ghat", "n": 1, "distance": 525.85811010673035, "Demand": 2.0, "Class": "Very Low" }, "geometry": { "type": "MultiPolygon", "coordinates": [ [ [ [ 577541.462564746616408, 2564658.865538750775158 ], [ 577591.462564746616408, 2564658.865538750775158 ], [ 577591.462564746616408, 2564608.865538750775158 ], [ 577541.462564746616408, 2564608.865538750775158 ], [ 577541.462564746616408, 2564658.865538750775158 ] ] ] ] } },
{ "type": "Feature", "properties": { "id": 152.0, "temple": 0.0, "parking": 0.0, "junction": 0.0, "building": 0.0, "hotel": 0.0, "id_2": 6, "GHAT_NAME": "Mevada Mali Ghat", "n": 1, "distance": 484.08278322355608, "Demand": 6.0, "Class": "Low" }, "geometry": { "type": "MultiPolygon", "coordinates": [ [ [ [ 577541.462564746616408, 2564608.865538750775158 ], [ 577591.462564746616408, 2564608.865538750775158 ], [ 577591.462564746616408, 2564558.865538750775158 ], [ 577541.462564746616408, 2564558.865538750775158 ], [ 577541.462564746616408, 2564608.865538750775158 ] ] ] ] } },
{ "type": "Feature", "properties": { "id": 153.0, "temple": 0.0, "parking": 0.0, "junction": 0.0, "building": 1.0, "hotel": 0.0, "id_2": 6, "GHAT_NAME": "Mevada Mali Ghat", "n": 1, "distance": 444.01073192199601, "Demand": 7.0, "Class": "Low" }, "geometry": { "type": "MultiPolygon", "coordinates": [ [ [ [ 577541.462564746616408, 2564558.865538750775158 ], [ 577591.462564746616408, 2564558.865538750775158 ], [ 577591.462564746616408, 2564508.865538750775158 ], [ 577541.462564746616408, 2564508.865538750775158 ], [ 577541.462564746616408, 2564558.865538750775158 ] ] ] ] } },
{ "type": "Feature", "properties": { "id": 154.0, "temple": 0.0, "parking": 0.0, "junction": 0.0, "building": 1.0, "hotel": 0.0, "id_2": 6, "GHAT_NAME": "Mevada Mali Ghat", "n": 1, "distance": 406.14642570180143, "Demand": 7.0, "Class": "Low" }, "geometry": { "type": "MultiPolygon", "coordinates": [ [ [ [ 577541.462564746616408, 2564508.865538750775158 ], [ 577591.462564746616408, 2564508.865538750775158 ], [ 577591.462564746616408, 2564458.865538750775158 ], [ 577541.462564746616408, 2564458.865538750775158 ], [ 577541.462564746616408, 2564508.865538750775158 ] ] ] ] } },
{ "type": "Feature", "properties": { "id": 155.0, "temple": 0.0, "parking": 0.0, "junction": 0.0, "building": 0.0, "hotel": 0.0, "id_2": 6, "GHAT_NAME": "Mevada Mali Ghat", "n": 1, "distance": 365.24604694889666, "Demand": 6.0, "Class": "Low" }, "geometry": { "type": "MultiPolygon", "coordinates": [ [ [ [ 577541.462564746616408, 2564458.865538750775158 ], [ 577591.462564746616408, 2564458.865538750775158 ], [ 577591.462564746616408, 2564408.865538750775158 ], [ 577541.462564746616408, 2564408.865538750775158 ], [ 577541.462564746616408, 2564458.865538750775158 ] ] ] ] } },
{ "type": "Feature", "properties": { "id": 156.0, "temple": 0.0, "parking": 0.0, "junction": 0.0, "building": 1.0, "hotel": 0.0, "id_2": 6, "GHAT_NAME": "Mevada Mali Ghat", "n": 1, "distance": 324.37810444561393, "Demand": 7.0, "Class": "Low" }, "geometry": { "type": "MultiPolygon", "coordinates": [ [ [ [ 577541.462564746616408, 2564408.865538750775158 ], [ 577591.462564746616408, 2564408.865538750775158 ], [ 577591.462564746616408, 2564358.865538750775158 ], [ 577541.462564746616408, 2564358.865538750775158 ], [ 577541.462564746616408, 2564408.865538750775158 ] ] ] ] } },
{ "type": "Feature", "properties": { "id": 157.0, "temple": 0.0, "parking": 0.0, "junction": 0.0, "building": 0.0, "hotel": 0.0, "id_2": 6, "GHAT_NAME": "Mevada Mali Ghat", "n": 1, "distance": 286.36596406369813, "Demand": 6.0, "Class": "Low" }, "geometry": { "type": "MultiPolygon", "coordinates": [ [ [ [ 577541.462564746616408, 2564358.865538750775158 ], [ 577591.462564746616408, 2564358.865538750775158 ], [ 577591.462564746616408, 2564308.865538750775158 ], [ 577541.462564746616408, 2564308.865538750775158 ], [ 577541.462564746616408, 2564358.865538750775158 ] ] ] ] } },
{ "type": "Feature", "properties": { "id": 158.0, "temple": 0.0, "parking": 0.0, "junction": 0.0, "building": 0.0, "hotel": 0.0, "id_2": 6, "GHAT_NAME": "Mevada Mali Ghat", "n": 1, "distance": 249.58142520267162, "Demand": 6.0, "Class": "Low" }, "geometry": { "type": "MultiPolygon", "coordinates": [ [ [ [ 577541.462564746616408, 2564308.865538750775158 ], [ 577591.462564746616408, 2564308.865538750775158 ], [ 577591.462564746616408, 2564258.865538750775158 ], [ 577541.462564746616408, 2564258.865538750775158 ], [ 577541.462564746616408, 2564308.865538750775158 ] ] ] ] } },
{ "type": "Feature", "properties": { "id": 159.0, "temple": 0.0, "parking": 0.0, "junction": 0.0, "building": 0.0, "hotel": 0.0, "id_2": 6, "GHAT_NAME": "Mevada Mali Ghat", "n": 1, "distance": 212.16011325118308, "Demand": 6.0, "Class": "Low" }, "geometry": { "type": "MultiPolygon", "coordinates": [ [ [ [ 577541.462564746616408, 2564258.865538750775158 ], [ 577591.462564746616408, 2564258.865538750775158 ], [ 577591.462564746616408, 2564208.865538750775158 ], [ 577541.462564746616408, 2564208.865538750775158 ], [ 577541.462564746616408, 2564258.865538750775158 ] ] ] ] } },
{ "type": "Feature", "properties": { "id": 160.0, "temple": 0.0, "parking": 0.0, "junction": 0.0, "building": 0.0, "hotel": 0.0, "id_2": 6, "GHAT_NAME": "Mevada Mali Ghat", "n": 1, "distance": 171.88183329100542, "Demand": 10.0, "Class": "Low" }, "geometry": { "type": "MultiPolygon", "coordinates": [ [ [ [ 577541.462564746616408, 2564208.865538750775158 ], [ 577591.462564746616408, 2564208.865538750775158 ], [ 577591.462564746616408, 2564158.865538750775158 ], [ 577541.462564746616408, 2564158.865538750775158 ], [ 577541.462564746616408, 2564208.865538750775158 ] ] ] ] } },
{ "type": "Feature", "properties": { "id": 161.0, "temple": 0.0, "parking": 0.0, "junction": 0.0, "building": 0.0, "hotel": 0.0, "id_2": 6, "GHAT_NAME": "Mevada Mali Ghat", "n": 1, "distance": 131.60355333075873, "Demand": 10.0, "Class": "Low" }, "geometry": { "type": "MultiPolygon", "coordinates": [ [ [ [ 577541.462564746616408, 2564158.865538750775158 ], [ 577591.462564746616408, 2564158.865538750775158 ], [ 577591.462564746616408, 2564108.865538750775158 ], [ 577541.462564746616408, 2564108.865538750775158 ], [ 577541.462564746616408, 2564158.865538750775158 ] ] ] ] } },
{ "type": "Feature", "properties": { "id": 162.0, "temple": 0.0, "parking": 0.0, "junction": 0.0, "building": 0.0, "hotel": 0.0, "id_2": 6, "GHAT_NAME": "Mevada Mali Ghat", "n": 1, "distance": 94.54458728213568, "Demand": 10.0, "Class": "Low" }, "geometry": { "type": "MultiPolygon", "coordinates": [ [ [ [ 577541.462564746616408, 2564108.865538750775158 ], [ 577591.462564746616408, 2564108.865538750775158 ], [ 577591.462564746616408, 2564058.865538750775158 ], [ 577541.462564746616408, 2564058.865538750775158 ], [ 577541.462564746616408, 2564108.865538750775158 ] ] ] ] } },
{ "type": "Feature", "properties": { "id": 163.0, "temple": 0.0, "parking": 0.0, "junction": 0.0, "building": 0.0, "hotel": 0.0, "id_2": 6, "GHAT_NAME": "Mevada Mali Ghat", "n": 1, "distance": 60.219843223789702, "Demand": 10.0, "Class": "Low" }, "geometry": { "type": "MultiPolygon", "coordinates": [ [ [ [ 577541.462564746616408, 2564058.865538750775158 ], [ 577591.462564746616408, 2564058.865538750775158 ], [ 577591.462564746616408, 2564008.865538750775158 ], [ 577541.462564746616408, 2564008.865538750775158 ], [ 577541.462564746616408, 2564058.865538750775158 ] ] ] ] } },
{ "type": "Feature", "properties": { "id": 164.0, "temple": 0.0, "parking": 0.0, "junction": 0.0, "building": 0.0, "hotel": 0.0, "id_2": 6, "GHAT_NAME": "Mevada Mali Ghat", "n": 1, "distance": 24.768618830286641, "Demand": 2.0, "Class": "Very Low" }, "geometry": { "type": "MultiPolygon", "coordinates": [ [ [ [ 577541.462564746616408, 2564008.865538750775158 ], [ 577591.462564746616408, 2564008.865538750775158 ], [ 577591.462564746616408, 2563958.865538750775158 ], [ 577541.462564746616408, 2563958.865538750775158 ], [ 577541.462564746616408, 2564008.865538750775158 ] ] ] ] } },
{ "type": "Feature", "properties": { "id": 165.0, "temple": 0.0, "parking": 0.0, "junction": 0.0, "building": 0.0, "hotel": 0.0, "id_2": 6, "GHAT_NAME": "Mevada Mali Ghat", "n": 1, "distance": 0.0, "Demand": 2.0, "Class": "Very Low" }, "geometry": { "type": "MultiPolygon", "coordinates": [ [ [ [ 577541.462564746616408, 2563912.487168875988573 ], [ 577541.462564746616408, 2563958.865538750775158 ], [ 577591.462564746616408, 2563958.865538750775158 ], [ 577591.462564746616408, 2563908.865538750775158 ], [ 577543.191620947909541, 2563908.865538750775158 ], [ 577541.462564746616408, 2563912.487168875988573 ] ] ] ] } },
{ "type": "Feature", "properties": { "id": 166.0, "temple": 0.0, "parking": 0.0, "junction": 0.0, "building": 0.0, "hotel": 0.0, "id_2": 6, "GHAT_NAME": "Mevada Mali Ghat", "n": 1, "distance": 4.5228112490412, "Demand": 2.0, "Class": "Very Low" }, "geometry": { "type": "MultiPolygon", "coordinates": [ [ [ [ 577543.191620947909541, 2563908.865538750775158 ], [ 577591.462564746616408, 2563908.865538750775158 ], [ 577591.462564746616408, 2563858.865538750775158 ], [ 577567.062863199738786, 2563858.865538750775158 ], [ 577543.191620947909541, 2563908.865538750775158 ] ] ] ] } },
{ "type": "Feature", "properties": { "id": 167.0, "temple": 0.0, "parking": 0.0, "junction": 0.0, "building": 0.0, "hotel": 0.0, "id_2": 6, "GHAT_NAME": "Mevada Mali Ghat", "n": 1, "distance": 49.239470041616769, "Demand": 2.0, "Class": "Very Low" }, "geometry": { "type": "MultiPolygon", "coordinates": [ [ [ [ 577588.326971139525995, 2563814.326365389861166 ], [ 577567.062863199738786, 2563858.865538750775158 ], [ 577591.462564746616408, 2563858.865538750775158 ], [ 577591.462564746616408, 2563810.970013070851564 ], [ 577588.326971139525995, 2563814.326365389861166 ] ] ] ] } },
{ "type": "Feature", "properties": { "id": 184.0, "temple": 0.0, "parking": 0.0, "junction": 0.0, "building": 0.0, "hotel": 0.0, "id_2": 3, "GHAT_NAME": "Kabir Ghat", "n": 1, "distance": 438.06675523371496, "Demand": 6.0, "Class": "Low" }, "geometry": { "type": "MultiPolygon", "coordinates": [ [ [ [ 577641.462564746616408, 2565168.198947335127741 ], [ 577641.462564746616408, 2565158.865538750775158 ], [ 577632.924581568455324, 2565158.865538750775158 ], [ 577641.462564746616408, 2565168.198947335127741 ] ] ] ] } },
{ "type": "Feature", "properties": { "id": 185.0, "temple": 0.0, "parking": 0.0, "junction": 0.0, "building": 0.0, "hotel": 0.0, "id_2": 3, "GHAT_NAME": "Kabir Ghat", "n": 1, "distance": 439.59691852481262, "Demand": 6.0, "Class": "Low" }, "geometry": { "type": "MultiPolygon", "coordinates": [ [ [ [ 577632.924581568455324, 2565158.865538750775158 ], [ 577641.462564746616408, 2565158.865538750775158 ], [ 577641.462564746616408, 2565108.865538750775158 ], [ 577591.462564746616408, 2565108.865538750775158 ], [ 577591.462564746616408, 2565113.54078984213993 ], [ 577632.924581568455324, 2565158.865538750775158 ] ] ] ] } },
{ "type": "Feature", "properties": { "id": 186.0, "temple": 0.0, "parking": 0.0, "junction": 0.0, "building": 0.0, "hotel": 0.0, "id_2": 3, "GHAT_NAME": "Kabir Ghat", "n": 1, "distance": 450.14742078696389, "Demand": 6.0, "Class": "Low" }, "geometry": { "type": "MultiPolygon", "coordinates": [ [ [ [ 577591.462564746616408, 2565108.865538750775158 ], [ 577641.462564746616408, 2565108.865538750775158 ], [ 577641.462564746616408, 2565058.865538750775158 ], [ 577591.462564746616408, 2565058.865538750775158 ], [ 577591.462564746616408, 2565108.865538750775158 ] ] ] ] } },
{ "type": "Feature", "properties": { "id": 187.0, "temple": 0.0, "parking": 0.0, "junction": 0.0, "building": 0.0, "hotel": 0.0, "id_2": 3, "GHAT_NAME": "Kabir Ghat", "n": 1, "distance": 461.43136833815885, "Demand": 6.0, "Class": "Low" }, "geometry": { "type": "MultiPolygon", "coordinates": [ [ [ [ 577591.462564746616408, 2565058.865538750775158 ], [ 577641.462564746616408, 2565058.865538750775158 ], [ 577641.462564746616408, 2565008.865538750775158 ], [ 577591.462564746616408, 2565008.865538750775158 ], [ 577591.462564746616408, 2565058.865538750775158 ] ] ] ] } },
{ "type": "Feature", "properties": { "id": 188.0, "temple": 0.0, "parking": 0.0, "junction": 0.0, "building": 0.0, "hotel": 0.0, "id_2": 3, "GHAT_NAME": "Kabir Ghat", "n": 1, "distance": 473.15914831189866, "Demand": 6.0, "Class": "Low" }, "geometry": { "type": "MultiPolygon", "coordinates": [ [ [ [ 577591.462564746616408, 2565008.865538750775158 ], [ 577641.462564746616408, 2565008.865538750775158 ], [ 577641.462564746616408, 2564958.865538750775158 ], [ 577591.462564746616408, 2564958.865538750775158 ], [ 577591.462564746616408, 2565008.865538750775158 ] ] ] ] } },
{ "type": "Feature", "properties": { "id": 189.0, "temple": 0.0, "parking": 0.0, "junction": 0.0, "building": 0.0, "hotel": 0.0, "id_2": 3, "GHAT_NAME": "Kabir Ghat", "n": 1, "distance": 485.16417690733903, "Demand": 6.0, "Class": "Low" }, "geometry": { "type": "MultiPolygon", "coordinates": [ [ [ [ 577591.462564746616408, 2564958.865538750775158 ], [ 577641.462564746616408, 2564958.865538750775158 ], [ 577641.462564746616408, 2564908.865538750775158 ], [ 577591.462564746616408, 2564908.865538750775158 ], [ 577591.462564746616408, 2564958.865538750775158 ] ] ] ] } },
{ "type": "Feature", "properties": { "id": 190.0, "temple": 0.0, "parking": 0.0, "junction": 0.0, "building": 0.0, "hotel": 0.0, "id_2": 3, "GHAT_NAME": "Kabir Ghat", "n": 1, "distance": 496.55575694579238, "Demand": 6.0, "Class": "Low" }, "geometry": { "type": "MultiPolygon", "coordinates": [ [ [ [ 577591.462564746616408, 2564908.865538750775158 ], [ 577641.462564746616408, 2564908.865538750775158 ], [ 577641.462564746616408, 2564858.865538750775158 ], [ 577591.462564746616408, 2564858.865538750775158 ], [ 577591.462564746616408, 2564908.865538750775158 ] ] ] ] } },
{ "type": "Feature", "properties": { "id": 191.0, "temple": 0.0, "parking": 0.0, "junction": 0.0, "building": 0.0, "hotel": 0.0, "id_2": 1, "GHAT_NAME": "Sunheri Ghat", "n": 1, "distance": 507.02168947622795, "Demand": 2.0, "Class": "Very Low" }, "geometry": { "type": "MultiPolygon", "coordinates": [ [ [ [ 577591.462564746616408, 2564858.865538750775158 ], [ 577641.462564746616408, 2564858.865538750775158 ], [ 577641.462564746616408, 2564808.865538750775158 ], [ 577591.462564746616408, 2564808.865538750775158 ], [ 577591.462564746616408, 2564858.865538750775158 ] ] ] ] } },
{ "type": "Feature", "properties": { "id": 192.0, "temple": 0.0, "parking": 0.0, "junction": 0.0, "building": 0.0, "hotel": 0.0, "id_2": 1, "GHAT_NAME": "Sunheri Ghat", "n": 1, "distance": 510.44700580117598, "Demand": 2.0, "Class": "Very Low" }, "geometry": { "type": "MultiPolygon", "coordinates": [ [ [ [ 577591.462564746616408, 2564808.865538750775158 ], [ 577641.462564746616408, 2564808.865538750775158 ], [ 577641.462564746616408, 2564758.865538750775158 ], [ 577591.462564746616408, 2564758.865538750775158 ], [ 577591.462564746616408, 2564808.865538750775158 ] ] ] ] } },
{ "type": "Feature", "properties": { "id": 193.0, "temple": 0.0, "parking": 0.0, "junction": 0.0, "building": 0.0, "hotel": 0.0, "id_2": 1, "GHAT_NAME": "Sunheri Ghat", "n": 1, "distance": 515.96608783351473, "Demand": 2.0, "Class": "Very Low" }, "geometry": { "type": "MultiPolygon", "coordinates": [ [ [ [ 577591.462564746616408, 2564758.865538750775158 ], [ 577641.462564746616408, 2564758.865538750775158 ], [ 577641.462564746616408, 2564708.865538750775158 ], [ 577591.462564746616408, 2564708.865538750775158 ], [ 577591.462564746616408, 2564758.865538750775158 ] ] ] ] } },
{ "type": "Feature", "properties": { "id": 194.0, "temple": 0.0, "parking": 0.0, "junction": 1.0, "building": 0.0, "hotel": 0.0, "id_2": 1, "GHAT_NAME": "Sunheri Ghat", "n": 1, "distance": 518.48190007009543, "Demand": 4.0, "Class": "Very Low" }, "geometry": { "type": "MultiPolygon", "coordinates": [ [ [ [ 577591.462564746616408, 2564708.865538750775158 ], [ 577641.462564746616408, 2564708.865538750775158 ], [ 577641.462564746616408, 2564658.865538750775158 ], [ 577591.462564746616408, 2564658.865538750775158 ], [ 577591.462564746616408, 2564708.865538750775158 ] ] ] ] } },
{ "type": "Feature", "properties": { "id": 195.0, "temple": 0.0, "parking": 0.0, "junction": 0.0, "building": 0.0, "hotel": 0.0, "id_2": 6, "GHAT_NAME": "Mevada Mali Ghat", "n": 1, "distance": 501.31191459258514, "Demand": 2.0, "Class": "Very Low" }, "geometry": { "type": "MultiPolygon", "coordinates": [ [ [ [ 577591.462564746616408, 2564658.865538750775158 ], [ 577641.462564746616408, 2564658.865538750775158 ], [ 577641.462564746616408, 2564608.865538750775158 ], [ 577591.462564746616408, 2564608.865538750775158 ], [ 577591.462564746616408, 2564658.865538750775158 ] ] ] ] } },
{ "type": "Feature", "properties": { "id": 196.0, "temple": 0.0, "parking": 0.0, "junction": 0.0, "building": 0.0, "hotel": 0.0, "id_2": 6, "GHAT_NAME": "Mevada Mali Ghat", "n": 1, "distance": 457.29970999435983, "Demand": 6.0, "Class": "Low" }, "geometry": { "type": "MultiPolygon", "coordinates": [ [ [ [ 577591.462564746616408, 2564608.865538750775158 ], [ 577641.462564746616408, 2564608.865538750775158 ], [ 577641.462564746616408, 2564558.865538750775158 ], [ 577591.462564746616408, 2564558.865538750775158 ], [ 577591.462564746616408, 2564608.865538750775158 ] ] ] ] } },
{ "type": "Feature", "properties": { "id": 197.0, "temple": 0.0, "parking": 0.0, "junction": 0.0, "building": 0.0, "hotel": 0.0, "id_2": 6, "GHAT_NAME": "Mevada Mali Ghat", "n": 1, "distance": 414.64733667222299, "Demand": 6.0, "Class": "Low" }, "geometry": { "type": "MultiPolygon", "coordinates": [ [ [ [ 577591.462564746616408, 2564558.865538750775158 ], [ 577641.462564746616408, 2564558.865538750775158 ], [ 577641.462564746616408, 2564508.865538750775158 ], [ 577591.462564746616408, 2564508.865538750775158 ], [ 577591.462564746616408, 2564558.865538750775158 ] ] ] ] } },
{ "type": "Feature", "properties": { "id": 198.0, "temple": 0.0, "parking": 0.0, "junction": 0.0, "building": 0.0, "hotel": 0.0, "id_2": 6, "GHAT_NAME": "Mevada Mali Ghat", "n": 1, "distance": 373.8205490042115, "Demand": 6.0, "Class": "Low" }, "geometry": { "type": "MultiPolygon", "coordinates": [ [ [ [ 577591.462564746616408, 2564508.865538750775158 ], [ 577641.462564746616408, 2564508.865538750775158 ], [ 577641.462564746616408, 2564458.865538750775158 ], [ 577591.462564746616408, 2564458.865538750775158 ], [ 577591.462564746616408, 2564508.865538750775158 ] ] ] ] } },
{ "type": "Feature", "properties": { "id": 199.0, "temple": 0.0, "parking": 0.0, "junction": 0.0, "building": 1.0, "hotel": 0.0, "id_2": 6, "GHAT_NAME": "Mevada Mali Ghat", "n": 1, "distance": 335.48650033384706, "Demand": 7.0, "Class": "Low" }, "geometry": { "type": "MultiPolygon", "coordinates": [ [ [ [ 577591.462564746616408, 2564458.865538750775158 ], [ 577641.462564746616408, 2564458.865538750775158 ], [ 577641.462564746616408, 2564408.865538750775158 ], [ 577591.462564746616408, 2564408.865538750775158 ], [ 577591.462564746616408, 2564458.865538750775158 ] ] ] ] } },
{ "type": "Feature", "properties": { "id": 200.0, "temple": 0.0, "parking": 0.0, "junction": 0.0, "building": 0.0, "hotel": 0.0, "id_2": 6, "GHAT_NAME": "Mevada Mali Ghat", "n": 1, "distance": 296.49252479903652, "Demand": 6.0, "Class": "Low" }, "geometry": { "type": "MultiPolygon", "coordinates": [ [ [ [ 577591.462564746616408, 2564408.865538750775158 ], [ 577641.462564746616408, 2564408.865538750775158 ], [ 577641.462564746616408, 2564358.865538750775158 ], [ 577591.462564746616408, 2564358.865538750775158 ], [ 577591.462564746616408, 2564408.865538750775158 ] ] ] ] } },
{ "type": "Feature", "properties": { "id": 201.0, "temple": 0.0, "parking": 0.0, "junction": 0.0, "building": 0.0, "hotel": 0.0, "id_2": 6, "GHAT_NAME": "Mevada Mali Ghat", "n": 1, "distance": 254.40970322226568, "Demand": 6.0, "Class": "Low" }, "geometry": { "type": "MultiPolygon", "coordinates": [ [ [ [ 577591.462564746616408, 2564358.865538750775158 ], [ 577641.462564746616408, 2564358.865538750775158 ], [ 577641.462564746616408, 2564308.865538750775158 ], [ 577591.462564746616408, 2564308.865538750775158 ], [ 577591.462564746616408, 2564358.865538750775158 ] ] ] ] } },
{ "type": "Feature", "properties": { "id": 202.0, "temple": 0.0, "parking": 0.0, "junction": 0.0, "building": 0.0, "hotel": 0.0, "id_2": 6, "GHAT_NAME": "Mevada Mali Ghat", "n": 1, "distance": 215.71554708361518, "Demand": 6.0, "Class": "Low" }, "geometry": { "type": "MultiPolygon", "coordinates": [ [ [ [ 577591.462564746616408, 2564308.865538750775158 ], [ 577641.462564746616408, 2564308.865538750775158 ], [ 577641.462564746616408, 2564258.865538750775158 ], [ 577591.462564746616408, 2564258.865538750775158 ], [ 577591.462564746616408, 2564308.865538750775158 ] ] ] ] } },
{ "type": "Feature", "properties": { "id": 203.0, "temple": 0.0, "parking": 0.0, "junction": 0.0, "building": 0.0, "hotel": 0.0, "id_2": 6, "GHAT_NAME": "Mevada Mali Ghat", "n": 1, "distance": 178.93100822250986, "Demand": 10.0, "Class": "Low" }, "geometry": { "type": "MultiPolygon", "coordinates": [ [ [ [ 577591.462564746616408, 2564258.865538750775158 ], [ 577641.462564746616408, 2564258.865538750775158 ], [ 577641.462564746616408, 2564208.865538750775158 ], [ 577591.462564746616408, 2564208.865538750775158 ], [ 577591.462564746616408, 2564258.865538750775158 ] ] ] ] } },
{ "type": "Feature", "properties": { "id": 204.0, "temple": 0.0, "parking": 0.0, "junction": 0.0, "building": 0.0, "hotel": 0.0, "id_2": 6, "GHAT_NAME": "Mevada Mali Ghat", "n": 1, "distance": 142.14646936148335, "Demand": 10.0, "Class": "Low" }, "geometry": { "type": "MultiPolygon", "coordinates": [ [ [ [ 577591.462564746616408, 2564208.865538750775158 ], [ 577641.462564746616408, 2564208.865538750775158 ], [ 577641.462564746616408, 2564158.865538750775158 ], [ 577591.462564746616408, 2564158.865538750775158 ], [ 577591.462564746616408, 2564208.865538750775158 ] ] ] ] } },
{ "type": "Feature", "properties": { "id": 205.0, "temple": 0.0, "parking": 0.0, "junction": 0.0, "building": 0.0, "hotel": 0.0, "id_2": 6, "GHAT_NAME": "Mevada Mali Ghat", "n": 1, "distance": 101.97822356977876, "Demand": 10.0, "Class": "Low" }, "geometry": { "type": "MultiPolygon", "coordinates": [ [ [ [ 577591.462564746616408, 2564158.865538750775158 ], [ 577641.462564746616408, 2564158.865538750775158 ], [ 577641.462564746616408, 2564108.865538750775158 ], [ 577591.462564746616408, 2564108.865538750775158 ], [ 577591.462564746616408, 2564158.865538750775158 ] ] ] ] } },
{ "type": "Feature", "properties": { "id": 206.0, "temple": 0.0, "parking": 0.0, "junction": 0.0, "building": 0.0, "hotel": 0.0, "id_2": 6, "GHAT_NAME": "Mevada Mali Ghat", "n": 1, "distance": 61.699943609601064, "Demand": 10.0, "Class": "Low" }, "geometry": { "type": "MultiPolygon", "coordinates": [ [ [ [ 577591.462564746616408, 2564108.865538750775158 ], [ 577641.462564746616408, 2564108.865538750775158 ], [ 577641.462564746616408, 2564058.865538750775158 ], [ 577591.462564746616408, 2564058.865538750775158 ], [ 577591.462564746616408, 2564108.865538750775158 ] ] ] ] } },
{ "type": "Feature", "properties": { "id": 207.0, "temple": 0.0, "parking": 0.0, "junction": 0.0, "building": 0.0, "hotel": 0.0, "id_2": 6, "GHAT_NAME": "Mevada Mali Ghat", "n": 1, "distance": 23.867168538855175, "Demand": 2.0, "Class": "Very Low" }, "geometry": { "type": "MultiPolygon", "coordinates": [ [ [ [ 577591.462564746616408, 2564058.865538750775158 ], [ 577641.462564746616408, 2564058.865538750775158 ], [ 577641.462564746616408, 2564008.865538750775158 ], [ 577591.462564746616408, 2564008.865538750775158 ], [ 577591.462564746616408, 2564058.865538750775158 ] ] ] ] } },
{ "type": "Feature", "properties": { "id": 208.0, "temple": 0.0, "parking": 0.0, "junction": 0.0, "building": 0.0, "hotel": 0.0, "id_2": 6, "GHAT_NAME": "Mevada Mali Ghat", "n": 1, "distance": 0.0, "Demand": 2.0, "Class": "Very Low" }, "geometry": { "type": "MultiPolygon", "coordinates": [ [ [ [ 577591.462564746616408, 2564008.865538750775158 ], [ 577641.462564746616408, 2564008.865538750775158 ], [ 577641.462564746616408, 2563958.865538750775158 ], [ 577591.462564746616408, 2563958.865538750775158 ], [ 577591.462564746616408, 2564008.865538750775158 ] ] ] ] } },
{ "type": "Feature", "properties": { "id": 209.0, "temple": 0.0, "parking": 0.0, "junction": 0.0, "building": 0.0, "hotel": 0.0, "id_2": 6, "GHAT_NAME": "Mevada Mali Ghat", "n": 1, "distance": 0.0, "Demand": 2.0, "Class": "Very Low" }, "geometry": { "type": "MultiPolygon", "coordinates": [ [ [ [ 577591.462564746616408, 2563958.865538750775158 ], [ 577641.462564746616408, 2563958.865538750775158 ], [ 577641.462564746616408, 2563908.865538750775158 ], [ 577591.462564746616408, 2563908.865538750775158 ], [ 577591.462564746616408, 2563958.865538750775158 ] ] ] ] } },
{ "type": "Feature", "properties": { "id": 210.0, "temple": 0.0, "parking": 0.0, "junction": 0.0, "building": 0.0, "hotel": 0.0, "id_2": 6, "GHAT_NAME": "Mevada Mali Ghat", "n": 1, "distance": 0.0, "Demand": 2.0, "Class": "Very Low" }, "geometry": { "type": "MultiPolygon", "coordinates": [ [ [ [ 577591.462564746616408, 2563908.865538750775158 ], [ 577641.462564746616408, 2563908.865538750775158 ], [ 577641.462564746616408, 2563858.865538750775158 ], [ 577591.462564746616408, 2563858.865538750775158 ], [ 577591.462564746616408, 2563908.865538750775158 ] ] ] ] } },
{ "type": "Feature", "properties": { "id": 211.0, "temple": 0.0, "parking": 0.0, "junction": 0.0, "building": 0.0, "hotel": 0.0, "id_2": 6, "GHAT_NAME": "Mevada Mali Ghat", "n": 1, "distance": 47.193702331744134, "Demand": 2.0, "Class": "Very Low" }, "geometry": { "type": "MultiPolygon", "coordinates": [ [ [ [ 577591.462564746616408, 2563810.970013070851564 ], [ 577591.462564746616408, 2563858.865538750775158 ], [ 577641.462564746616408, 2563858.865538750775158 ], [ 577641.462564746616408, 2563808.865538750775158 ], [ 577593.428620630409569, 2563808.865538750775158 ], [ 577591.462564746616408, 2563810.970013070851564 ] ] ] ] } },
{ "type": "Feature", "properties": { "id": 212.0, "temple": 0.0, "parking": 0.0, "junction": 0.0, "building": 0.0, "hotel": 0.0, "id_2": 6, "GHAT_NAME": "Mevada Mali Ghat", "n": 1, "distance": 97.193702331744134, "Demand": 10.0, "Class": "Low" }, "geometry": { "type": "MultiPolygon", "coordinates": [ [ [ [ 577593.428620630409569, 2563808.865538750775158 ], [ 577641.462564746616408, 2563808.865538750775158 ], [ 577641.462564746616408, 2563758.865538750775158 ], [ 577640.139950508368202, 2563758.865538750775158 ], [ 577593.428620630409569, 2563808.865538750775158 ] ] ] ] } },
{ "type": "Feature", "properties": { "id": 213.0, "temple": 0.0, "parking": 0.0, "junction": 0.0, "building": 0.0, "hotel": 0.0, "id_2": 6, "GHAT_NAME": "Mevada Mali Ghat", "n": 1, "distance": 151.21290999147828, "Demand": 10.0, "Class": "Low" }, "geometry": { "type": "MultiPolygon", "coordinates": [ [ [ [ 577640.139950508368202, 2563758.865538750775158 ], [ 577641.462564746616408, 2563758.865538750775158 ], [ 577641.462564746616408, 2563757.449807019438595 ], [ 577640.139950508368202, 2563758.865538750775158 ] ] ] ] } },
{ "type": "Feature", "properties": { "id": 227.0, "temple": 0.0, "parking": 0.0, "junction": 0.0, "building": 0.0, "hotel": 0.0, "id_2": 3, "GHAT_NAME": "Kabir Ghat", "n": 1, "distance": 383.07766283746446, "Demand": 6.0, "Class": "Low" }, "geometry": { "type": "MultiPolygon", "coordinates": [ [ [ [ 577691.462564746616408, 2565222.857104828581214 ], [ 577691.462564746616408, 2565208.865538750775158 ], [ 577678.663408390711993, 2565208.865538750775158 ], [ 577691.462564746616408, 2565222.857104828581214 ] ] ] ] } },
{ "type": "Feature", "properties": { "id": 228.0, "temple": 0.0, "parking": 0.0, "junction": 0.0, "building": 0.0, "hotel": 0.0, "id_2": 3, "GHAT_NAME": "Kabir Ghat", "n": 1, "distance": 383.79341781405435, "Demand": 6.0, "Class": "Low" }, "geometry": { "type": "MultiPolygon", "coordinates": [ [ [ [ 577678.663408390711993, 2565208.865538750775158 ], [ 577691.462564746616408, 2565208.865538750775158 ], [ 577691.462564746616408, 2565158.865538750775158 ], [ 577641.462564746616408, 2565158.865538750775158 ], [ 577641.462564746616408, 2565168.198947335127741 ], [ 577678.663408390711993, 2565208.865538750775158 ] ] ] ] } },
{ "type": "Feature", "properties": { "id": 229.0, "temple": 0.0, "parking": 0.0, "junction": 0.0, "building": 0.0, "hotel": 0.0, "id_2": 3, "GHAT_NAME": "Kabir Ghat", "n": 1, "distance": 390.45931330891176, "Demand": 6.0, "Class": "Low" }, "geometry": { "type": "MultiPolygon", "coordinates": [ [ [ [ 577641.462564746616408, 2565158.865538750775158 ], [ 577691.462564746616408, 2565158.865538750775158 ], [ 577691.462564746616408, 2565108.865538750775158 ], [ 577641.462564746616408, 2565108.865538750775158 ], [ 577641.462564746616408, 2565158.865538750775158 ] ] ] ] } },
{ "type": "Feature", "properties": { "id": 230.0, "temple": 0.0, "parking": 0.0, "junction": 0.0, "building": 0.0, "hotel": 0.0, "id_2": 3, "GHAT_NAME": "Kabir Ghat", "n": 1, "distance": 401.38368403599145, "Demand": 6.0, "Class": "Low" }, "geometry": { "type": "MultiPolygon", "coordinates": [ [ [ [ 577641.462564746616408, 2565108.865538750775158 ], [ 577691.462564746616408, 2565108.865538750775158 ], [ 577691.462564746616408, 2565058.865538750775158 ], [ 577641.462564746616408, 2565058.865538750775158 ], [ 577641.462564746616408, 2565108.865538750775158 ] ] ] ] } },
{ "type": "Feature", "properties": { "id": 231.0, "temple": 0.0, "parking": 0.0, "junction": 0.0, "building": 0.0, "hotel": 0.0, "id_2": 3, "GHAT_NAME": "Kabir Ghat", "n": 1, "distance": 412.77469587744321, "Demand": 6.0, "Class": "Low" }, "geometry": { "type": "MultiPolygon", "coordinates": [ [ [ [ 577641.462564746616408, 2565058.865538750775158 ], [ 577691.462564746616408, 2565058.865538750775158 ], [ 577691.462564746616408, 2565008.865538750775158 ], [ 577641.462564746616408, 2565008.865538750775158 ], [ 577641.462564746616408, 2565058.865538750775158 ] ] ] ] } },
{ "type": "Feature", "properties": { "id": 232.0, "temple": 0.0, "parking": 0.0, "junction": 0.0, "building": 0.0, "hotel": 0.0, "id_2": 3, "GHAT_NAME": "Kabir Ghat", "n": 1, "distance": 424.62704982192878, "Demand": 6.0, "Class": "Low" }, "geometry": { "type": "MultiPolygon", "coordinates": [ [ [ [ 577641.462564746616408, 2565008.865538750775158 ], [ 577691.462564746616408, 2565008.865538750775158 ], [ 577691.462564746616408, 2564958.865538750775158 ], [ 577641.462564746616408, 2564958.865538750775158 ], [ 577641.462564746616408, 2565008.865538750775158 ] ] ] ] } },
{ "type": "Feature", "properties": { "id": 233.0, "temple": 0.0, "parking": 0.0, "junction": 0.0, "building": 0.0, "hotel": 0.0, "id_2": 3, "GHAT_NAME": "Kabir Ghat", "n": 1, "distance": 436.61436864128763, "Demand": 6.0, "Class": "Low" }, "geometry": { "type": "MultiPolygon", "coordinates": [ [ [ [ 577641.462564746616408, 2564958.865538750775158 ], [ 577691.462564746616408, 2564958.865538750775158 ], [ 577691.462564746616408, 2564908.865538750775158 ], [ 577641.462564746616408, 2564908.865538750775158 ], [ 577641.462564746616408, 2564958.865538750775158 ] ] ] ] } },
{ "type": "Feature", "properties": { "id": 234.0, "temple": 0.0, "parking": 0.0, "junction": 0.0, "building": 0.0, "hotel": 0.0, "id_2": 3, "GHAT_NAME": "Kabir Ghat", "n": 1, "distance": 447.68302564200843, "Demand": 6.0, "Class": "Low" }, "geometry": { "type": "MultiPolygon", "coordinates": [ [ [ [ 577641.462564746616408, 2564908.865538750775158 ], [ 577691.462564746616408, 2564908.865538750775158 ], [ 577691.462564746616408, 2564858.865538750775158 ], [ 577641.462564746616408, 2564858.865538750775158 ], [ 577641.462564746616408, 2564908.865538750775158 ] ] ] ] } },
{ "type": "Feature", "properties": { "id": 235.0, "temple": 0.0, "parking": 0.0, "junction": 0.0, "building": 0.0, "hotel": 0.0, "id_2": 1, "GHAT_NAME": "Sunheri Ghat", "n": 1, "distance": 457.03505860824123, "Demand": 6.0, "Class": "Low" }, "geometry": { "type": "MultiPolygon", "coordinates": [ [ [ [ 577641.462564746616408, 2564858.865538750775158 ], [ 577691.462564746616408, 2564858.865538750775158 ], [ 577691.462564746616408, 2564808.865538750775158 ], [ 577641.462564746616408, 2564808.865538750775158 ], [ 577641.462564746616408, 2564858.865538750775158 ] ] ] ] } },
{ "type": "Feature", "properties": { "id": 236.0, "temple": 0.0, "parking": 0.0, "junction": 0.0, "building": 0.0, "hotel": 0.0, "id_2": 1, "GHAT_NAME": "Sunheri Ghat", "n": 1, "distance": 460.68623439521195, "Demand": 6.0, "Class": "Low" }, "geometry": { "type": "MultiPolygon", "coordinates": [ [ [ [ 577641.462564746616408, 2564808.865538750775158 ], [ 577691.462564746616408, 2564808.865538750775158 ], [ 577691.462564746616408, 2564758.865538750775158 ], [ 577641.462564746616408, 2564758.865538750775158 ], [ 577641.462564746616408, 2564808.865538750775158 ] ] ] ] } },
{ "type": "Feature", "properties": { "id": 237.0, "temple": 0.0, "parking": 0.0, "junction": 0.0, "building": 0.0, "hotel": 0.0, "id_2": 1, "GHAT_NAME": "Sunheri Ghat", "n": 1, "distance": 466.32022586393339, "Demand": 6.0, "Class": "Low" }, "geometry": { "type": "MultiPolygon", "coordinates": [ [ [ [ 577641.462564746616408, 2564758.865538750775158 ], [ 577691.462564746616408, 2564758.865538750775158 ], [ 577691.462564746616408, 2564708.865538750775158 ], [ 577641.462564746616408, 2564708.865538750775158 ], [ 577641.462564746616408, 2564758.865538750775158 ] ] ] ] } },
{ "type": "Feature", "properties": { "id": 238.0, "temple": 0.0, "parking": 0.0, "junction": 0.0, "building": 0.0, "hotel": 0.0, "id_2": 1, "GHAT_NAME": "Sunheri Ghat", "n": 1, "distance": 468.48190007009543, "Demand": 6.0, "Class": "Low" }, "geometry": { "type": "MultiPolygon", "coordinates": [ [ [ [ 577641.462564746616408, 2564708.865538750775158 ], [ 577691.462564746616408, 2564708.865538750775158 ], [ 577691.462564746616408, 2564658.865538750775158 ], [ 577641.462564746616408, 2564658.865538750775158 ], [ 577641.462564746616408, 2564708.865538750775158 ] ] ] ] } },
{ "type": "Feature", "properties": { "id": 239.0, "temple": 0.0, "parking": 0.0, "junction": 0.0, "building": 0.0, "hotel": 0.0, "id_2": 1, "GHAT_NAME": "Sunheri Ghat", "n": 1, "distance": 468.79715358537135, "Demand": 6.0, "Class": "Low" }, "geometry": { "type": "MultiPolygon", "coordinates": [ [ [ [ 577641.462564746616408, 2564658.865538750775158 ], [ 577691.462564746616408, 2564658.865538750775158 ], [ 577691.462564746616408, 2564608.865538750775158 ], [ 577641.462564746616408, 2564608.865538750775158 ], [ 577641.462564746616408, 2564658.865538750775158 ] ] ] ] } },
{ "type": "Feature", "properties": { "id": 240.0, "temple": 0.0, "parking": 0.0, "junction": 0.0, "building": 0.0, "hotel": 0.0, "id_2": 6, "GHAT_NAME": "Mevada Mali Ghat", "n": 1, "distance": 434.63767497582035, "Demand": 6.0, "Class": "Low" }, "geometry": { "type": "MultiPolygon", "coordinates": [ [ [ [ 577641.462564746616408, 2564608.865538750775158 ], [ 577691.462564746616408, 2564608.865538750775158 ], [ 577691.462564746616408, 2564558.865538750775158 ], [ 577641.462564746616408, 2564558.865538750775158 ], [ 577641.462564746616408, 2564608.865538750775158 ] ] ] ] } },
{ "type": "Feature", "properties": { "id": 241.0, "temple": 0.0, "parking": 0.0, "junction": 0.0, "building": 0.0, "hotel": 0.0, "id_2": 6, "GHAT_NAME": "Mevada Mali Ghat", "n": 1, "distance": 389.51161414883268, "Demand": 6.0, "Class": "Low" }, "geometry": { "type": "MultiPolygon", "coordinates": [ [ [ [ 577641.462564746616408, 2564558.865538750775158 ], [ 577691.462564746616408, 2564558.865538750775158 ], [ 577691.462564746616408, 2564508.865538750775158 ], [ 577641.462564746616408, 2564508.865538750775158 ], [ 577641.462564746616408, 2564558.865538750775158 ] ] ] ] } },
{ "type": "Feature", "properties": { "id": 242.0, "temple": 0.0, "parking": 0.0, "junction": 0.0, "building": 0.0, "hotel": 0.0, "id_2": 6, "GHAT_NAME": "Mevada Mali Ghat", "n": 1, "distance": 345.72920993932718, "Demand": 6.0, "Class": "Low" }, "geometry": { "type": "MultiPolygon", "coordinates": [ [ [ [ 577641.462564746616408, 2564508.865538750775158 ], [ 577691.462564746616408, 2564508.865538750775158 ], [ 577691.462564746616408, 2564458.865538750775158 ], [ 577641.462564746616408, 2564458.865538750775158 ], [ 577641.462564746616408, 2564508.865538750775158 ] ] ] ] } },
{ "type": "Feature", "properties": { "id": 243.0, "temple": 0.0, "parking": 0.0, "junction": 0.0, "building": 0.0, "hotel": 0.0, "id_2": 6, "GHAT_NAME": "Mevada Mali Ghat", "n": 1, "distance": 303.87180792846442, "Demand": 6.0, "Class": "Low" }, "geometry": { "type": "MultiPolygon", "coordinates": [ [ [ [ 577641.462564746616408, 2564458.865538750775158 ], [ 577691.462564746616408, 2564458.865538750775158 ], [ 577691.462564746616408, 2564408.865538750775158 ], [ 577641.462564746616408, 2564408.865538750775158 ], [ 577641.462564746616408, 2564458.865538750775158 ] ] ] ] } },
{ "type": "Feature", "properties": { "id": 244.0, "temple": 0.0, "parking": 0.0, "junction": 0.0, "building": 0.0, "hotel": 0.0, "id_2": 6, "GHAT_NAME": "Mevada Mali Ghat", "n": 1, "distance": 264.85366658242782, "Demand": 6.0, "Class": "Low" }, "geometry": { "type": "MultiPolygon", "coordinates": [ [ [ [ 577641.462564746616408, 2564408.865538750775158 ], [ 577691.462564746616408, 2564408.865538750775158 ], [ 577691.462564746616408, 2564358.865538750775158 ], [ 577641.462564746616408, 2564358.865538750775158 ], [ 577641.462564746616408, 2564408.865538750775158 ] ] ] ] } },
{ "type": "Feature", "properties": { "id": 245.0, "temple": 0.0, "parking": 0.0, "junction": 0.0, "building": 0.0, "hotel": 0.0, "id_2": 6, "GHAT_NAME": "Mevada Mali Ghat", "n": 1, "distance": 227.82813253695389, "Demand": 6.0, "Class": "Low" }, "geometry": { "type": "MultiPolygon", "coordinates": [ [ [ [ 577641.462564746616408, 2564358.865538750775158 ], [ 577691.462564746616408, 2564358.865538750775158 ], [ 577691.462564746616408, 2564308.865538750775158 ], [ 577641.462564746616408, 2564308.865538750775158 ], [ 577641.462564746616408, 2564358.865538750775158 ] ] ] ] } },
{ "type": "Feature", "properties": { "id": 246.0, "temple": 0.0, "parking": 0.0, "junction": 0.0, "building": 0.0, "hotel": 0.0, "id_2": 6, "GHAT_NAME": "Mevada Mali Ghat", "n": 1, "distance": 185.0065932434652, "Demand": 10.0, "Class": "Low" }, "geometry": { "type": "MultiPolygon", "coordinates": [ [ [ [ 577641.462564746616408, 2564308.865538750775158 ], [ 577691.462564746616408, 2564308.865538750775158 ], [ 577691.462564746616408, 2564258.865538750775158 ], [ 577641.462564746616408, 2564258.865538750775158 ], [ 577641.462564746616408, 2564308.865538750775158 ] ] ] ] } },
{ "type": "Feature", "properties": { "id": 247.0, "temple": 0.0, "parking": 0.0, "junction": 0.0, "building": 0.0, "hotel": 0.0, "id_2": 6, "GHAT_NAME": "Mevada Mali Ghat", "n": 1, "distance": 145.06522455601467, "Demand": 10.0, "Class": "Low" }, "geometry": { "type": "MultiPolygon", "coordinates": [ [ [ [ 577641.462564746616408, 2564258.865538750775158 ], [ 577691.462564746616408, 2564258.865538750775158 ], [ 577691.462564746616408, 2564208.865538750775158 ], [ 577641.462564746616408, 2564208.865538750775158 ], [ 577641.462564746616408, 2564258.865538750775158 ] ] ] ] } },
{ "type": "Feature", "properties": { "id": 248.0, "temple": 0.0, "parking": 0.0, "junction": 0.0, "building": 0.0, "hotel": 0.0, "id_2": 6, "GHAT_NAME": "Mevada Mali Ghat", "n": 1, "distance": 108.28059124208434, "Demand": 10.0, "Class": "Low" }, "geometry": { "type": "MultiPolygon", "coordinates": [ [ [ [ 577641.462564746616408, 2564208.865538750775158 ], [ 577691.462564746616408, 2564208.865538750775158 ], [ 577691.462564746616408, 2564158.865538750775158 ], [ 577641.462564746616408, 2564158.865538750775158 ], [ 577641.462564746616408, 2564208.865538750775158 ] ] ] ] } },
{ "type": "Feature", "properties": { "id": 249.0, "temple": 0.0, "parking": 0.0, "junction": 0.0, "building": 0.0, "hotel": 0.0, "id_2": 6, "GHAT_NAME": "Mevada Mali Ghat", "n": 1, "distance": 71.496052380979009, "Demand": 10.0, "Class": "Low" }, "geometry": { "type": "MultiPolygon", "coordinates": [ [ [ [ 577641.462564746616408, 2564158.865538750775158 ], [ 577691.462564746616408, 2564158.865538750775158 ], [ 577691.462564746616408, 2564108.865538750775158 ], [ 577641.462564746616408, 2564108.865538750775158 ], [ 577641.462564746616408, 2564158.865538750775158 ] ] ] ] } },
{ "type": "Feature", "properties": { "id": 250.0, "temple": 0.0, "parking": 0.0, "junction": 0.0, "building": 0.0, "hotel": 0.0, "id_2": 6, "GHAT_NAME": "Mevada Mali Ghat", "n": 1, "distance": 32.074613848621105, "Demand": 2.0, "Class": "Very Low" }, "geometry": { "type": "MultiPolygon", "coordinates": [ [ [ [ 577641.462564746616408, 2564108.865538750775158 ], [ 577691.462564746616408, 2564108.865538750775158 ], [ 577691.462564746616408, 2564058.865538750775158 ], [ 577641.462564746616408, 2564058.865538750775158 ], [ 577641.462564746616408, 2564108.865538750775158 ] ] ] ] } },
{ "type": "Feature", "properties": { "id": 251.0, "temple": 0.0, "parking": 0.0, "junction": 0.0, "building": 0.0, "hotel": 0.0, "id_2": 6, "GHAT_NAME": "Mevada Mali Ghat", "n": 1, "distance": 0.0, "Demand": 2.0, "Class": "Very Low" }, "geometry": { "type": "MultiPolygon", "coordinates": [ [ [ [ 577641.462564746616408, 2564058.865538750775158 ], [ 577691.462564746616408, 2564058.865538750775158 ], [ 577691.462564746616408, 2564008.865538750775158 ], [ 577641.462564746616408, 2564008.865538750775158 ], [ 577641.462564746616408, 2564058.865538750775158 ] ] ] ] } },
{ "type": "Feature", "properties": { "id": 252.0, "temple": 0.0, "parking": 0.0, "junction": 0.0, "building": 0.0, "hotel": 0.0, "id_2": 6, "GHAT_NAME": "Mevada Mali Ghat", "n": 1, "distance": 0.0, "Demand": 2.0, "Class": "Very Low" }, "geometry": { "type": "MultiPolygon", "coordinates": [ [ [ [ 577641.462564746616408, 2564008.865538750775158 ], [ 577691.462564746616408, 2564008.865538750775158 ], [ 577691.462564746616408, 2563958.865538750775158 ], [ 577641.462564746616408, 2563958.865538750775158 ], [ 577641.462564746616408, 2564008.865538750775158 ] ] ] ] } },
{ "type": "Feature", "properties": { "id": 253.0, "temple": 0.0, "parking": 0.0, "junction": 0.0, "building": 0.0, "hotel": 0.0, "id_2": 6, "GHAT_NAME": "Mevada Mali Ghat", "n": 1, "distance": 0.0, "Demand": 2.0, "Class": "Very Low" }, "geometry": { "type": "MultiPolygon", "coordinates": [ [ [ [ 577641.462564746616408, 2563958.865538750775158 ], [ 577691.462564746616408, 2563958.865538750775158 ], [ 577691.462564746616408, 2563908.865538750775158 ], [ 577641.462564746616408, 2563908.865538750775158 ], [ 577641.462564746616408, 2563958.865538750775158 ] ] ] ] } },
{ "type": "Feature", "properties": { "id": 254.0, "temple": 0.0, "parking": 0.0, "junction": 0.0, "building": 0.0, "hotel": 0.0, "id_2": 6, "GHAT_NAME": "Mevada Mali Ghat", "n": 1, "distance": 24.383587171658501, "Demand": 2.0, "Class": "Very Low" }, "geometry": { "type": "MultiPolygon", "coordinates": [ [ [ [ 577641.462564746616408, 2563908.865538750775158 ], [ 577691.462564746616408, 2563908.865538750775158 ], [ 577691.462564746616408, 2563858.865538750775158 ], [ 577641.462564746616408, 2563858.865538750775158 ], [ 577641.462564746616408, 2563908.865538750775158 ] ] ] ] } },
{ "type": "Feature", "properties": { "id": 255.0, "temple": 0.0, "parking": 0.0, "junction": 0.0, "building": 0.0, "hotel": 0.0, "id_2": 6, "GHAT_NAME": "Mevada Mali Ghat", "n": 1, "distance": 59.329266662844944, "Demand": 10.0, "Class": "Low" }, "geometry": { "type": "MultiPolygon", "coordinates": [ [ [ [ 577641.462564746616408, 2563858.865538750775158 ], [ 577691.462564746616408, 2563858.865538750775158 ], [ 577691.462564746616408, 2563808.865538750775158 ], [ 577641.462564746616408, 2563808.865538750775158 ], [ 577641.462564746616408, 2563858.865538750775158 ] ] ] ] } },
{ "type": "Feature", "properties": { "id": 256.0, "temple": 0.0, "parking": 0.0, "junction": 0.0, "building": 0.0, "hotel": 0.0, "id_2": 6, "GHAT_NAME": "Mevada Mali Ghat", "n": 1, "distance": 103.63074889204158, "Demand": 10.0, "Class": "Low" }, "geometry": { "type": "MultiPolygon", "coordinates": [ [ [ [ 577641.462564746616408, 2563808.865538750775158 ], [ 577691.462564746616408, 2563808.865538750775158 ], [ 577691.462564746616408, 2563758.865538750775158 ], [ 577641.462564746616408, 2563758.865538750775158 ], [ 577641.462564746616408, 2563808.865538750775158 ] ] ] ] } },
{ "type": "Feature", "properties": { "id": 257.0, "temple": 0.0, "parking": 0.0, "junction": 0.0, "building": 0.0, "hotel": 0.0, "id_2": 6, "GHAT_NAME": "Mevada Mali Ghat", "n": 1, "distance": 151.5212933851206, "Demand": 10.0, "Class": "Low" }, "geometry": { "type": "MultiPolygon", "coordinates": [ [ [ [ 577641.462564746616408, 2563757.449807019438595 ], [ 577641.462564746616408, 2563758.865538750775158 ], [ 577691.462564746616408, 2563758.865538750775158 ], [ 577691.462564746616408, 2563708.865538750775158 ], [ 577686.851280386210419, 2563708.865538750775158 ], [ 577641.462564746616408, 2563757.449807019438595 ] ] ] ] } },
{ "type": "Feature", "properties": { "id": 258.0, "temple": 0.0, "parking": 0.0, "junction": 0.0, "building": 0.0, "hotel": 0.0, "id_2": 6, "GHAT_NAME": "Mevada Mali Ghat", "n": 1, "distance": 213.31210224209809, "Demand": 6.0, "Class": "Low" }, "geometry": { "type": "MultiPolygon", "coordinates": [ [ [ [ 577686.851280386210419, 2563708.865538750775158 ], [ 577691.462564746616408, 2563708.865538750775158 ], [ 577691.462564746616408, 2563703.929600968025625 ], [ 577686.851280386210419, 2563708.865538750775158 ] ] ] ] } },
{ "type": "Feature", "properties": { "id": 270.0, "temple": 0.0, "parking": 0.0, "junction": 0.0, "building": 0.0, "hotel": 0.0, "id_2": 3, "GHAT_NAME": "Kabir Ghat", "n": 1, "distance": 333.69046186290046, "Demand": 6.0, "Class": "Low" }, "geometry": { "type": "MultiPolygon", "coordinates": [ [ [ [ 577741.462564746616408, 2565277.515262321569026 ], [ 577741.462564746616408, 2565258.865538750775158 ], [ 577724.402235212968662, 2565258.865538750775158 ], [ 577741.462564746616408, 2565277.515262321569026 ] ] ] ] } },
{ "type": "Feature", "properties": { "id": 271.0, "temple": 0.0, "parking": 0.0, "junction": 0.0, "building": 0.0, "hotel": 0.0, "id_2": 3, "GHAT_NAME": "Kabir Ghat", "n": 1, "distance": 332.86975426843856, "Demand": 6.0, "Class": "Low" }, "geometry": { "type": "MultiPolygon", "coordinates": [ [ [ [ 577724.402235212968662, 2565258.865538750775158 ], [ 577741.462564746616408, 2565258.865538750775158 ], [ 577741.462564746616408, 2565208.865538750775158 ], [ 577691.462564746616408, 2565208.865538750775158 ], [ 577691.462564746616408, 2565222.857104828581214 ], [ 577724.402235212968662, 2565258.865538750775158 ] ] ] ] } },
{ "type": "Feature", "properties": { "id": 272.0, "temple": 0.0, "parking": 0.0, "junction": 0.0, "building": 0.0, "hotel": 0.0, "id_2": 3, "GHAT_NAME": "Kabir Ghat", "n": 1, "distance": 333.9317477128364, "Demand": 6.0, "Class": "Low" }, "geometry": { "type": "MultiPolygon", "coordinates": [ [ [ [ 577691.462564746616408, 2565208.865538750775158 ], [ 577741.462564746616408, 2565208.865538750775158 ], [ 577741.462564746616408, 2565158.865538750775158 ], [ 577691.462564746616408, 2565158.865538750775158 ], [ 577691.462564746616408, 2565208.865538750775158 ] ] ] ] } },
{ "type": "Feature", "properties": { "id": 273.0, "temple": 0.0, "parking": 0.0, "junction": 0.0, "building": 0.0, "hotel": 0.0, "id_2": 3, "GHAT_NAME": "Kabir Ghat", "n": 1, "distance": 341.57015189856219, "Demand": 6.0, "Class": "Low" }, "geometry": { "type": "MultiPolygon", "coordinates": [ [ [ [ 577691.462564746616408, 2565158.865538750775158 ], [ 577741.462564746616408, 2565158.865538750775158 ], [ 577741.462564746616408, 2565108.865538750775158 ], [ 577691.462564746616408, 2565108.865538750775158 ], [ 577691.462564746616408, 2565158.865538750775158 ] ] ] ] } },
{ "type": "Feature", "properties": { "id": 274.0, "temple": 0.0, "parking": 0.0, "junction": 0.0, "building": 0.0, "hotel": 0.0, "id_2": 3, "GHAT_NAME": "Kabir Ghat", "n": 1, "distance": 352.62000211853689, "Demand": 6.0, "Class": "Low" }, "geometry": { "type": "MultiPolygon", "coordinates": [ [ [ [ 577691.462564746616408, 2565108.865538750775158 ], [ 577741.462564746616408, 2565108.865538750775158 ], [ 577741.462564746616408, 2565058.865538750775158 ], [ 577691.462564746616408, 2565058.865538750775158 ], [ 577691.462564746616408, 2565108.865538750775158 ] ] ] ] } },
{ "type": "Feature", "properties": { "id": 275.0, "temple": 0.0, "parking": 0.0, "junction": 0.0, "building": 0.0, "hotel": 0.0, "id_2": 3, "GHAT_NAME": "Kabir Ghat", "n": 1, "distance": 364.11802341672757, "Demand": 6.0, "Class": "Low" }, "geometry": { "type": "MultiPolygon", "coordinates": [ [ [ [ 577691.462564746616408, 2565058.865538750775158 ], [ 577741.462564746616408, 2565058.865538750775158 ], [ 577741.462564746616408, 2565008.865538750775158 ], [ 577691.462564746616408, 2565008.865538750775158 ], [ 577691.462564746616408, 2565058.865538750775158 ] ] ] ] } },
{ "type": "Feature", "properties": { "id": 276.0, "temple": 0.0, "parking": 0.0, "junction": 0.0, "building": 0.0, "hotel": 0.0, "id_2": 3, "GHAT_NAME": "Kabir Ghat", "n": 1, "distance": 376.09495133184595, "Demand": 6.0, "Class": "Low" }, "geometry": { "type": "MultiPolygon", "coordinates": [ [ [ [ 577691.462564746616408, 2565008.865538750775158 ], [ 577741.462564746616408, 2565008.865538750775158 ], [ 577741.462564746616408, 2564958.865538750775158 ], [ 577691.462564746616408, 2564958.865538750775158 ], [ 577691.462564746616408, 2565008.865538750775158 ] ] ] ] } },
{ "type": "Feature", "properties": { "id": 277.0, "temple": 0.0, "parking": 0.0, "junction": 0.0, "building": 0.0, "hotel": 0.0, "id_2": 3, "GHAT_NAME": "Kabir Ghat", "n": 1, "distance": 388.06456037534929, "Demand": 6.0, "Class": "Low" }, "geometry": { "type": "MultiPolygon", "coordinates": [ [ [ [ 577691.462564746616408, 2564958.865538750775158 ], [ 577741.462564746616408, 2564958.865538750775158 ], [ 577741.462564746616408, 2564908.865538750775158 ], [ 577691.462564746616408, 2564908.865538750775158 ], [ 577691.462564746616408, 2564958.865538750775158 ] ] ] ] } },
{ "type": "Feature", "properties": { "id": 278.0, "temple": 0.0, "parking": 0.0, "junction": 0.0, "building": 0.0, "hotel": 0.0, "id_2": 3, "GHAT_NAME": "Kabir Ghat", "n": 1, "distance": 398.8102943380124, "Demand": 6.0, "Class": "Low" }, "geometry": { "type": "MultiPolygon", "coordinates": [ [ [ [ 577691.462564746616408, 2564908.865538750775158 ], [ 577741.462564746616408, 2564908.865538750775158 ], [ 577741.462564746616408, 2564858.865538750775158 ], [ 577691.462564746616408, 2564858.865538750775158 ], [ 577691.462564746616408, 2564908.865538750775158 ] ] ] ] } },
{ "type": "Feature", "properties": { "id": 279.0, "temple": 0.0, "parking": 0.0, "junction": 0.0, "building": 0.0, "hotel": 0.0, "id_2": 1, "GHAT_NAME": "Sunheri Ghat", "n": 1, "distance": 407.0517116961289, "Demand": 6.0, "Class": "Low" }, "geometry": { "type": "MultiPolygon", "coordinates": [ [ [ [ 577691.462564746616408, 2564858.865538750775158 ], [ 577741.462564746616408, 2564858.865538750775158 ], [ 577741.462564746616408, 2564808.865538750775158 ], [ 577691.462564746616408, 2564808.865538750775158 ], [ 577691.462564746616408, 2564858.865538750775158 ] ] ] ] } },
{ "type": "Feature", "properties": { "id": 280.0, "temple": 0.0, "parking": 0.0, "junction": 0.0, "building": 0.0, "hotel": 0.0, "id_2": 1, "GHAT_NAME": "Sunheri Ghat", "n": 1, "distance": 410.92546298920246, "Demand": 6.0, "Class": "Low" }, "geometry": { "type": "MultiPolygon", "coordinates": [ [ [ [ 577691.462564746616408, 2564808.865538750775158 ], [ 577741.462564746616408, 2564808.865538750775158 ], [ 577741.462564746616408, 2564758.865538750775158 ], [ 577691.462564746616408, 2564758.865538750775158 ], [ 577691.462564746616408, 2564808.865538750775158 ] ] ] ] } },
{ "type": "Feature", "properties": { "id": 281.0, "temple": 0.0, "parking": 0.0, "junction": 0.0, "building": 0.0, "hotel": 0.0, "id_2": 1, "GHAT_NAME": "Sunheri Ghat", "n": 1, "distance": 416.67436389418111, "Demand": 6.0, "Class": "Low" }, "geometry": { "type": "MultiPolygon", "coordinates": [ [ [ [ 577691.462564746616408, 2564758.865538750775158 ], [ 577741.462564746616408, 2564758.865538750775158 ], [ 577741.462564746616408, 2564708.865538750775158 ], [ 577691.462564746616408, 2564708.865538750775158 ], [ 577691.462564746616408, 2564758.865538750775158 ] ] ] ] } },
{ "type": "Feature", "properties": { "id": 282.0, "temple": 0.0, "parking": 0.0, "junction": 1.0, "building": 1.0, "hotel": 0.0, "id_2": 1, "GHAT_NAME": "Sunheri Ghat", "n": 1, "distance": 418.48190007009543, "Demand": 9.0, "Class": "Low" }, "geometry": { "type": "MultiPolygon", "coordinates": [ [ [ [ 577691.462564746616408, 2564708.865538750775158 ], [ 577741.462564746616408, 2564708.865538750775158 ], [ 577741.462564746616408, 2564658.865538750775158 ], [ 577691.462564746616408, 2564658.865538750775158 ], [ 577691.462564746616408, 2564708.865538750775158 ] ] ] ] } },
{ "type": "Feature", "properties": { "id": 283.0, "temple": 0.0, "parking": 0.0, "junction": 0.0, "building": 0.0, "hotel": 0.0, "id_2": 1, "GHAT_NAME": "Sunheri Ghat", "n": 1, "distance": 418.83478986676442, "Demand": 6.0, "Class": "Low" }, "geometry": { "type": "MultiPolygon", "coordinates": [ [ [ [ 577691.462564746616408, 2564658.865538750775158 ], [ 577741.462564746616408, 2564658.865538750775158 ], [ 577741.462564746616408, 2564608.865538750775158 ], [ 577691.462564746616408, 2564608.865538750775158 ], [ 577691.462564746616408, 2564658.865538750775158 ] ] ] ] } },
{ "type": "Feature", "properties": { "id": 284.0, "temple": 0.0, "parking": 0.0, "junction": 0.0, "building": 1.0, "hotel": 0.0, "id_2": 2, "GHAT_NAME": "Shipra Ghat", "n": 1, "distance": 407.37878944516166, "Demand": 7.0, "Class": "Low" }, "geometry": { "type": "MultiPolygon", "coordinates": [ [ [ [ 577691.462564746616408, 2564608.865538750775158 ], [ 577741.462564746616408, 2564608.865538750775158 ], [ 577741.462564746616408, 2564558.865538750775158 ], [ 577691.462564746616408, 2564558.865538750775158 ], [ 577691.462564746616408, 2564608.865538750775158 ] ] ] ] } },
{ "type": "Feature", "properties": { "id": 285.0, "temple": 0.0, "parking": 0.0, "junction": 0.0, "building": 0.0, "hotel": 0.0, "id_2": 7, "GHAT_NAME": "Shri Guru Nanak Ghat", "n": 1, "distance": 367.51158681140896, "Demand": 6.0, "Class": "Low" }, "geometry": { "type": "MultiPolygon", "coordinates": [ [ [ [ 577691.462564746616408, 2564558.865538750775158 ], [ 577741.462564746616408, 2564558.865538750775158 ], [ 577741.462564746616408, 2564508.865538750775158 ], [ 577691.462564746616408, 2564508.865538750775158 ], [ 577691.462564746616408, 2564558.865538750775158 ] ] ] ] } },
{ "type": "Feature", "properties": { "id": 286.0, "temple": 0.0, "parking": 0.0, "junction": 1.0, "building": 0.0, "hotel": 0.0, "id_2": 6, "GHAT_NAME": "Mevada Mali Ghat", "n": 1, "distance": 322.97921040328993, "Demand": 8.0, "Class": "Low" }, "geometry": { "type": "MultiPolygon", "coordinates": [ [ [ [ 577691.462564746616408, 2564508.865538750775158 ], [ 577741.462564746616408, 2564508.865538750775158 ], [ 577741.462564746616408, 2564458.865538750775158 ], [ 577691.462564746616408, 2564458.865538750775158 ], [ 577691.462564746616408, 2564508.865538750775158 ] ] ] ] } },
{ "type": "Feature", "properties": { "id": 287.0, "temple": 0.0, "parking": 0.0, "junction": 0.0, "building": 0.0, "hotel": 0.0, "id_2": 6, "GHAT_NAME": "Mevada Mali Ghat", "n": 1, "distance": 277.71380844526772, "Demand": 6.0, "Class": "Low" }, "geometry": { "type": "MultiPolygon", "coordinates": [ [ [ [ 577691.462564746616408, 2564458.865538750775158 ], [ 577741.462564746616408, 2564458.865538750775158 ], [ 577741.462564746616408, 2564408.865538750775158 ], [ 577691.462564746616408, 2564408.865538750775158 ], [ 577691.462564746616408, 2564458.865538750775158 ] ] ] ] } },
{ "type": "Feature", "properties": { "id": 288.0, "temple": 0.0, "parking": 0.0, "junction": 0.0, "building": 0.0, "hotel": 0.0, "id_2": 6, "GHAT_NAME": "Mevada Mali Ghat", "n": 1, "distance": 234.38077662132852, "Demand": 6.0, "Class": "Low" }, "geometry": { "type": "MultiPolygon", "coordinates": [ [ [ [ 577691.462564746616408, 2564408.865538750775158 ], [ 577741.462564746616408, 2564408.865538750775158 ], [ 577741.462564746616408, 2564358.865538750775158 ], [ 577691.462564746616408, 2564358.865538750775158 ], [ 577691.462564746616408, 2564408.865538750775158 ] ] ] ] } },
{ "type": "Feature", "properties": { "id": 289.0, "temple": 0.0, "parking": 0.0, "junction": 0.0, "building": 0.0, "hotel": 0.0, "id_2": 6, "GHAT_NAME": "Mevada Mali Ghat", "n": 1, "distance": 194.27747552935557, "Demand": 10.0, "Class": "Low" }, "geometry": { "type": "MultiPolygon", "coordinates": [ [ [ [ 577691.462564746616408, 2564358.865538750775158 ], [ 577741.462564746616408, 2564358.865538750775158 ], [ 577741.462564746616408, 2564308.865538750775158 ], [ 577691.462564746616408, 2564308.865538750775158 ], [ 577691.462564746616408, 2564358.865538750775158 ] ] ] ] } },
{ "type": "Feature", "properties": { "id": 290.0, "temple": 0.0, "parking": 0.0, "junction": 0.0, "building": 0.0, "hotel": 0.0, "id_2": 6, "GHAT_NAME": "Mevada Mali Ghat", "n": 1, "distance": 157.26726453334143, "Demand": 10.0, "Class": "Low" }, "geometry": { "type": "MultiPolygon", "coordinates": [ [ [ [ 577691.462564746616408, 2564308.865538750775158 ], [ 577741.462564746616408, 2564308.865538750775158 ], [ 577741.462564746616408, 2564258.865538750775158 ], [ 577691.462564746616408, 2564258.865538750775158 ], [ 577691.462564746616408, 2564308.865538750775158 ] ] ] ] } },
{ "type": "Feature", "properties": { "id": 291.0, "temple": 0.0, "parking": 0.0, "junction": 1.0, "building": 0.0, "hotel": 0.0, "id_2": 6, "GHAT_NAME": "Mevada Mali Ghat", "n": 1, "distance": 117.17756608440315, "Demand": 12.0, "Class": "Moderate" }, "geometry": { "type": "MultiPolygon", "coordinates": [ [ [ [ 577691.462564746616408, 2564258.865538750775158 ], [ 577741.462564746616408, 2564258.865538750775158 ], [ 577741.462564746616408, 2564208.865538750775158 ], [ 577691.462564746616408, 2564208.865538750775158 ], [ 577691.462564746616408, 2564258.865538750775158 ] ] ] ] } },
{ "type": "Feature", "properties": { "id": 292.0, "temple": 0.0, "parking": 0.0, "junction": 0.0, "building": 1.0, "hotel": 0.0, "id_2": 6, "GHAT_NAME": "Mevada Mali Ghat", "n": 1, "distance": 74.478599781404625, "Demand": 11.0, "Class": "Moderate" }, "geometry": { "type": "MultiPolygon", "coordinates": [ [ [ [ 577691.462564746616408, 2564208.865538750775158 ], [ 577741.462564746616408, 2564208.865538750775158 ], [ 577741.462564746616408, 2564158.865538750775158 ], [ 577691.462564746616408, 2564158.865538750775158 ], [ 577691.462564746616408, 2564208.865538750775158 ] ] ] ] } },
{ "type": "Feature", "properties": { "id": 293.0, "temple": 0.0, "parking": 0.0, "junction": 0.0, "building": 0.0, "hotel": 0.0, "id_2": 6, "GHAT_NAME": "Mevada Mali Ghat", "n": 1, "distance": 37.630174262001425, "Demand": 2.0, "Class": "Very Low" }, "geometry": { "type": "MultiPolygon", "coordinates": [ [ [ [ 577691.462564746616408, 2564158.865538750775158 ], [ 577741.462564746616408, 2564158.865538750775158 ], [ 577741.462564746616408, 2564108.865538750775158 ], [ 577691.462564746616408, 2564108.865538750775158 ], [ 577691.462564746616408, 2564158.865538750775158 ] ] ] ] } },
{ "type": "Feature", "properties": { "id": 294.0, "temple": 0.0, "parking": 0.0, "junction": 0.0, "building": 0.0, "hotel": 0.0, "id_2": 6, "GHAT_NAME": "Mevada Mali Ghat", "n": 1, "distance": 0.84563540089608802, "Demand": 2.0, "Class": "Very Low" }, "geometry": { "type": "MultiPolygon", "coordinates": [ [ [ [ 577691.462564746616408, 2564108.865538750775158 ], [ 577741.462564746616408, 2564108.865538750775158 ], [ 577741.462564746616408, 2564058.865538750775158 ], [ 577691.462564746616408, 2564058.865538750775158 ], [ 577691.462564746616408, 2564108.865538750775158 ] ] ] ] } },
{ "type": "Feature", "properties": { "id": 295.0, "temple": 0.0, "parking": 0.0, "junction": 0.0, "building": 0.0, "hotel": 0.0, "id_2": 6, "GHAT_NAME": "Mevada Mali Ghat", "n": 1, "distance": 0.0, "Demand": 2.0, "Class": "Very Low" }, "geometry": { "type": "MultiPolygon", "coordinates": [ [ [ [ 577691.462564746616408, 2564058.865538750775158 ], [ 577741.462564746616408, 2564058.865538750775158 ], [ 577741.462564746616408, 2564008.865538750775158 ], [ 577691.462564746616408, 2564008.865538750775158 ], [ 577691.462564746616408, 2564058.865538750775158 ] ] ] ] } },
{ "type": "Feature", "properties": { "id": 296.0, "temple": 0.0, "parking": 0.0, "junction": 0.0, "building": 0.0, "hotel": 0.0, "id_2": 6, "GHAT_NAME": "Mevada Mali Ghat", "n": 1, "distance": 0.0, "Demand": 2.0, "Class": "Very Low" }, "geometry": { "type": "MultiPolygon", "coordinates": [ [ [ [ 577691.462564746616408, 2564008.865538750775158 ], [ 577741.462564746616408, 2564008.865538750775158 ], [ 577741.462564746616408, 2563958.865538750775158 ], [ 577691.462564746616408, 2563958.865538750775158 ], [ 577691.462564746616408, 2564008.865538750775158 ] ] ] ] } },
{ "type": "Feature", "properties": { "id": 297.0, "temple": 0.0, "parking": 0.0, "junction": 0.0, "building": 0.0, "hotel": 0.0, "id_2": 6, "GHAT_NAME": "Mevada Mali Ghat", "n": 1, "distance": 26.011130099204902, "Demand": 2.0, "Class": "Very Low" }, "geometry": { "type": "MultiPolygon", "coordinates": [ [ [ [ 577691.462564746616408, 2563958.865538750775158 ], [ 577741.462564746616408, 2563958.865538750775158 ], [ 577741.462564746616408, 2563908.865538750775158 ], [ 577691.462564746616408, 2563908.865538750775158 ], [ 577691.462564746616408, 2563958.865538750775158 ] ] ] ] } },
{ "type": "Feature", "properties": { "id": 298.0, "temple": 0.0, "parking": 0.0, "junction": 0.0, "building": 0.0, "hotel": 0.0, "id_2": 6, "GHAT_NAME": "Mevada Mali Ghat", "n": 1, "distance": 60.524134888334586, "Demand": 10.0, "Class": "Low" }, "geometry": { "type": "MultiPolygon", "coordinates": [ [ [ [ 577691.462564746616408, 2563908.865538750775158 ], [ 577741.462564746616408, 2563908.865538750775158 ], [ 577741.462564746616408, 2563858.865538750775158 ], [ 577691.462564746616408, 2563858.865538750775158 ], [ 577691.462564746616408, 2563908.865538750775158 ] ] ] ] } },
{ "type": "Feature", "properties": { "id": 299.0, "temple": 0.0, "parking": 0.0, "junction": 0.0, "building": 0.0, "hotel": 0.0, "id_2": 6, "GHAT_NAME": "Mevada Mali Ghat", "n": 1, "distance": 95.077667454537718, "Demand": 10.0, "Class": "Low" }, "geometry": { "type": "MultiPolygon", "coordinates": [ [ [ [ 577691.462564746616408, 2563858.865538750775158 ], [ 577741.462564746616408, 2563858.865538750775158 ], [ 577741.462564746616408, 2563808.865538750775158 ], [ 577691.462564746616408, 2563808.865538750775158 ], [ 577691.462564746616408, 2563858.865538750775158 ] ] ] ] } },
{ "type": "Feature", "properties": { "id": 300.0, "temple": 0.0, "parking": 0.0, "junction": 0.0, "building": 0.0, "hotel": 0.0, "id_2": 6, "GHAT_NAME": "Mevada Mali Ghat", "n": 1, "distance": 129.7488673888796, "Demand": 10.0, "Class": "Low" }, "geometry": { "type": "MultiPolygon", "coordinates": [ [ [ [ 577691.462564746616408, 2563808.865538750775158 ], [ 577741.462564746616408, 2563808.865538750775158 ], [ 577741.462564746616408, 2563758.865538750775158 ], [ 577691.462564746616408, 2563758.865538750775158 ], [ 577691.462564746616408, 2563808.865538750775158 ] ] ] ] } },
{ "type": "Feature", "properties": { "id": 301.0, "temple": 0.0, "parking": 0.0, "junction": 0.0, "building": 3.0, "hotel": 0.0, "id_2": 6, "GHAT_NAME": "Mevada Mali Ghat", "n": 1, "distance": 170.45274659527044, "Demand": 13.0, "Class": "Moderate" }, "geometry": { "type": "MultiPolygon", "coordinates": [ [ [ [ 577691.462564746616408, 2563758.865538750775158 ], [ 577741.462564746616408, 2563758.865538750775158 ], [ 577741.462564746616408, 2563708.865538750775158 ], [ 577691.462564746616408, 2563708.865538750775158 ], [ 577691.462564746616408, 2563758.865538750775158 ] ] ] ] } },
{ "type": "Feature", "properties": { "id": 302.0, "temple": 0.0, "parking": 0.0, "junction": 0.0, "building": 0.0, "hotel": 0.0, "id_2": 6, "GHAT_NAME": "Mevada Mali Ghat", "n": 1, "distance": 215.11278217494632, "Demand": 6.0, "Class": "Low" }, "geometry": { "type": "MultiPolygon", "coordinates": [ [ [ [ 577691.462564746616408, 2563703.929600968025625 ], [ 577691.462564746616408, 2563708.865538750775158 ], [ 577741.462564746616408, 2563708.865538750775158 ], [ 577741.462564746616408, 2563658.865538750775158 ], [ 577733.562610264169052, 2563658.865538750775158 ], [ 577691.462564746616408, 2563703.929600968025625 ] ] ] ] } },
{ "type": "Feature", "properties": { "id": 303.0, "temple": 0.0, "parking": 0.0, "junction": 0.0, "building": 0.0, "hotel": 0.0, "id_2": 6, "GHAT_NAME": "Mevada Mali Ghat", "n": 1, "distance": 278.39299282801409, "Demand": 6.0, "Class": "Low" }, "geometry": { "type": "MultiPolygon", "coordinates": [ [ [ [ 577733.562610264169052, 2563658.865538750775158 ], [ 577741.462564746616408, 2563658.865538750775158 ], [ 577741.462564746616408, 2563650.409394917078316 ], [ 577733.562610264169052, 2563658.865538750775158 ] ] ] ] } },
{ "type": "Feature", "properties": { "id": 313.0, "temple": 0.0, "parking": 0.0, "junction": 0.0, "building": 0.0, "hotel": 0.0, "id_2": 3, "GHAT_NAME": "Kabir Ghat", "n": 1, "distance": 292.23494164654295, "Demand": 6.0, "Class": "Low" }, "geometry": { "type": "MultiPolygon", "coordinates": [ [ [ [ 577791.462564746616408, 2565332.173419814556837 ], [ 577791.462564746616408, 2565308.865538750775158 ], [ 577770.141062035225332, 2565308.865538750775158 ], [ 577791.462564746616408, 2565332.173419814556837 ] ] ] ] } },
{ "type": "Feature", "properties": { "id": 314.0, "temple": 0.0, "parking": 0.0, "junction": 0.0, "building": 0.0, "hotel": 0.0, "id_2": 3, "GHAT_NAME": "Kabir Ghat", "n": 1, "distance": 283.83507343426038, "Demand": 6.0, "Class": "Low" }, "geometry": { "type": "MultiPolygon", "coordinates": [ [ [ [ 577770.141062035225332, 2565308.865538750775158 ], [ 577791.462564746616408, 2565308.865538750775158 ], [ 577791.462564746616408, 2565258.865538750775158 ], [ 577741.462564746616408, 2565258.865538750775158 ], [ 577741.462564746616408, 2565277.515262321569026 ], [ 577770.141062035225332, 2565308.865538750775158 ] ] ] ] } },
{ "type": "Feature", "properties": { "id": 315.0, "temple": 0.0, "parking": 0.0, "junction": 0.0, "building": 0.0, "hotel": 0.0, "id_2": 3, "GHAT_NAME": "Kabir Ghat", "n": 1, "distance": 282.86975426843856, "Demand": 6.0, "Class": "Low" }, "geometry": { "type": "MultiPolygon", "coordinates": [ [ [ [ 577741.462564746616408, 2565258.865538750775158 ], [ 577791.462564746616408, 2565258.865538750775158 ], [ 577791.462564746616408, 2565208.865538750775158 ], [ 577741.462564746616408, 2565208.865538750775158 ], [ 577741.462564746616408, 2565258.865538750775158 ] ] ] ] } },
{ "type": "Feature", "properties": { "id": 316.0, "temple": 0.0, "parking": 0.0, "junction": 0.0, "building": 0.0, "hotel": 0.0, "id_2": 3, "GHAT_NAME": "Kabir Ghat", "n": 1, "distance": 284.11870178449283, "Demand": 6.0, "Class": "Low" }, "geometry": { "type": "MultiPolygon", "coordinates": [ [ [ [ 577741.462564746616408, 2565208.865538750775158 ], [ 577791.462564746616408, 2565208.865538750775158 ], [ 577791.462564746616408, 2565158.865538750775158 ], [ 577741.462564746616408, 2565158.865538750775158 ], [ 577741.462564746616408, 2565208.865538750775158 ] ] ] ] } },
{ "type": "Feature", "properties": { "id": 317.0, "temple": 0.0, "parking": 0.0, "junction": 0.0, "building": 0.0, "hotel": 0.0, "id_2": 3, "GHAT_NAME": "Kabir Ghat", "n": 1, "distance": 292.8064151475898, "Demand": 6.0, "Class": "Low" }, "geometry": { "type": "MultiPolygon", "coordinates": [ [ [ [ 577741.462564746616408, 2565158.865538750775158 ], [ 577791.462564746616408, 2565158.865538750775158 ], [ 577791.462564746616408, 2565108.865538750775158 ], [ 577741.462564746616408, 2565108.865538750775158 ], [ 577741.462564746616408, 2565158.865538750775158 ] ] ] ] } },
{ "type": "Feature", "properties": { "id": 318.0, "temple": 0.0, "parking": 0.0, "junction": 0.0, "building": 0.0, "hotel": 0.0, "id_2": 3, "GHAT_NAME": "Kabir Ghat", "n": 1, "distance": 303.94926057011935, "Demand": 6.0, "Class": "Low" }, "geometry": { "type": "MultiPolygon", "coordinates": [ [ [ [ 577741.462564746616408, 2565108.865538750775158 ], [ 577791.462564746616408, 2565108.865538750775158 ], [ 577791.462564746616408, 2565058.865538750775158 ], [ 577741.462564746616408, 2565058.865538750775158 ], [ 577741.462564746616408, 2565108.865538750775158 ] ] ] ] } },
{ "type": "Feature", "properties": { "id": 319.0, "temple": 0.0, "parking": 0.0, "junction": 0.0, "building": 0.0, "hotel": 0.0, "id_2": 3, "GHAT_NAME": "Kabir Ghat", "n": 1, "distance": 315.53640631117486, "Demand": 6.0, "Class": "Low" }, "geometry": { "type": "MultiPolygon", "coordinates": [ [ [ [ 577741.462564746616408, 2565058.865538750775158 ], [ 577791.462564746616408, 2565058.865538750775158 ], [ 577791.462564746616408, 2565008.865538750775158 ], [ 577741.462564746616408, 2565008.865538750775158 ], [ 577741.462564746616408, 2565058.865538750775158 ] ] ] ] } },
{ "type": "Feature", "properties": { "id": 320.0, "temple": 0.0, "parking": 0.0, "junction": 0.0, "building": 0.0, "hotel": 0.0, "id_2": 3, "GHAT_NAME": "Kabir Ghat", "n": 1, "distance": 327.55999919114788, "Demand": 6.0, "Class": "Low" }, "geometry": { "type": "MultiPolygon", "coordinates": [ [ [ [ 577741.462564746616408, 2565008.865538750775158 ], [ 577791.462564746616408, 2565008.865538750775158 ], [ 577791.462564746616408, 2564958.865538750775158 ], [ 577741.462564746616408, 2564958.865538750775158 ], [ 577741.462564746616408, 2565008.865538750775158 ] ] ] ] } },
{ "type": "Feature", "properties": { "id": 321.0, "temple": 0.0, "parking": 0.0, "junction": 0.0, "building": 0.0, "hotel": 0.0, "id_2": 3, "GHAT_NAME": "Kabir Ghat", "n": 1, "distance": 339.38028427043707, "Demand": 6.0, "Class": "Low" }, "geometry": { "type": "MultiPolygon", "coordinates": [ [ [ [ 577741.462564746616408, 2564958.865538750775158 ], [ 577791.462564746616408, 2564958.865538750775158 ], [ 577791.462564746616408, 2564908.865538750775158 ], [ 577741.462564746616408, 2564908.865538750775158 ], [ 577741.462564746616408, 2564958.865538750775158 ] ] ] ] } },
{ "type": "Feature", "properties": { "id": 322.0, "temple": 0.0, "parking": 0.0, "junction": 0.0, "building": 0.0, "hotel": 0.0, "id_2": 3, "GHAT_NAME": "Kabir Ghat", "n": 1, "distance": 349.93756303413022, "Demand": 6.0, "Class": "Low" }, "geometry": { "type": "MultiPolygon", "coordinates": [ [ [ [ 577741.462564746616408, 2564908.865538750775158 ], [ 577791.462564746616408, 2564908.865538750775158 ], [ 577791.462564746616408, 2564858.865538750775158 ], [ 577741.462564746616408, 2564858.865538750775158 ], [ 577741.462564746616408, 2564908.865538750775158 ] ] ] ] } },
{ "type": "Feature", "properties": { "id": 323.0, "temple": 0.0, "parking": 0.0, "junction": 1.0, "building": 0.0, "hotel": 0.0, "id_2": 1, "GHAT_NAME": "Sunheri Ghat", "n": 1, "distance": 357.0730278142812, "Demand": 8.0, "Class": "Low" }, "geometry": { "type": "MultiPolygon", "coordinates": [ [ [ [ 577741.462564746616408, 2564858.865538750775158 ], [ 577791.462564746616408, 2564858.865538750775158 ], [ 577791.462564746616408, 2564808.865538750775158 ], [ 577741.462564746616408, 2564808.865538750775158 ], [ 577741.462564746616408, 2564858.865538750775158 ] ] ] ] } },
{ "type": "Feature", "properties": { "id": 324.0, "temple": 0.0, "parking": 0.0, "junction": 0.0, "building": 0.0, "hotel": 0.0, "id_2": 1, "GHAT_NAME": "Sunheri Ghat", "n": 1, "distance": 361.16476184485174, "Demand": 6.0, "Class": "Low" }, "geometry": { "type": "MultiPolygon", "coordinates": [ [ [ [ 577741.462564746616408, 2564808.865538750775158 ], [ 577791.462564746616408, 2564808.865538750775158 ], [ 577791.462564746616408, 2564758.865538750775158 ], [ 577741.462564746616408, 2564758.865538750775158 ], [ 577741.462564746616408, 2564808.865538750775158 ] ] ] ] } },
{ "type": "Feature", "properties": { "id": 325.0, "temple": 0.0, "parking": 0.0, "junction": 0.0, "building": 0.0, "hotel": 0.0, "id_2": 1, "GHAT_NAME": "Sunheri Ghat", "n": 1, "distance": 367.02850192459965, "Demand": 6.0, "Class": "Low" }, "geometry": { "type": "MultiPolygon", "coordinates": [ [ [ [ 577741.462564746616408, 2564758.865538750775158 ], [ 577791.462564746616408, 2564758.865538750775158 ], [ 577791.462564746616408, 2564708.865538750775158 ], [ 577741.462564746616408, 2564708.865538750775158 ], [ 577741.462564746616408, 2564758.865538750775158 ] ] ] ] } },
{ "type": "Feature", "properties": { "id": 326.0, "temple": 0.0, "parking": 0.0, "junction": 0.0, "building": 0.0, "hotel": 0.0, "id_2": 1, "GHAT_NAME": "Sunheri Ghat", "n": 1, "distance": 368.48190007009543, "Demand": 6.0, "Class": "Low" }, "geometry": { "type": "MultiPolygon", "coordinates": [ [ [ [ 577741.462564746616408, 2564708.865538750775158 ], [ 577791.462564746616408, 2564708.865538750775158 ], [ 577791.462564746616408, 2564658.865538750775158 ], [ 577741.462564746616408, 2564658.865538750775158 ], [ 577741.462564746616408, 2564708.865538750775158 ] ] ] ] } },
{ "type": "Feature", "properties": { "id": 327.0, "temple": 0.0, "parking": 0.0, "junction": 0.0, "building": 0.0, "hotel": 0.0, "id_2": 1, "GHAT_NAME": "Sunheri Ghat", "n": 1, "distance": 368.88262522884867, "Demand": 6.0, "Class": "Low" }, "geometry": { "type": "MultiPolygon", "coordinates": [ [ [ [ 577741.462564746616408, 2564658.865538750775158 ], [ 577791.462564746616408, 2564658.865538750775158 ], [ 577791.462564746616408, 2564608.865538750775158 ], [ 577741.462564746616408, 2564608.865538750775158 ], [ 577741.462564746616408, 2564658.865538750775158 ] ] ] ] } },
{ "type": "Feature", "properties": { "id": 328.0, "temple": 0.0, "parking": 0.0, "junction": 0.0, "building": 1.0, "hotel": 0.0, "id_2": 2, "GHAT_NAME": "Shipra Ghat", "n": 1, "distance": 361.05478516232938, "Demand": 7.0, "Class": "Low" }, "geometry": { "type": "MultiPolygon", "coordinates": [ [ [ [ 577741.462564746616408, 2564608.865538750775158 ], [ 577791.462564746616408, 2564608.865538750775158 ], [ 577791.462564746616408, 2564558.865538750775158 ], [ 577741.462564746616408, 2564558.865538750775158 ], [ 577741.462564746616408, 2564608.865538750775158 ] ] ] ] } },
{ "type": "Feature", "properties": { "id": 329.0, "temple": 0.0, "parking": 0.0, "junction": 0.0, "building": 0.0, "hotel": 0.0, "id_2": 7, "GHAT_NAME": "Shri Guru Nanak Ghat", "n": 1, "distance": 338.02384362448993, "Demand": 6.0, "Class": "Low" }, "geometry": { "type": "MultiPolygon", "coordinates": [ [ [ [ 577741.462564746616408, 2564558.865538750775158 ], [ 577791.462564746616408, 2564558.865538750775158 ], [ 577791.462564746616408, 2564508.865538750775158 ], [ 577741.462564746616408, 2564508.865538750775158 ], [ 577741.462564746616408, 2564558.865538750775158 ] ] ] ] } },
{ "type": "Feature", "properties": { "id": 330.0, "temple": 0.0, "parking": 0.0, "junction": 0.0, "building": 0.0, "hotel": 0.0, "id_2": 7, "GHAT_NAME": "Shri Guru Nanak Ghat", "n": 1, "distance": 297.22525435787412, "Demand": 6.0, "Class": "Low" }, "geometry": { "type": "MultiPolygon", "coordinates": [ [ [ [ 577741.462564746616408, 2564508.865538750775158 ], [ 577791.462564746616408, 2564508.865538750775158 ], [ 577791.462564746616408, 2564458.865538750775158 ], [ 577741.462564746616408, 2564458.865538750775158 ], [ 577741.462564746616408, 2564508.865538750775158 ] ] ] ] } },
{ "type": "Feature", "properties": { "id": 331.0, "temple": 0.0, "parking": 0.0, "junction": 0.0, "building": 1.0, "hotel": 0.0, "id_2": 6, "GHAT_NAME": "Mevada Mali Ghat", "n": 1, "distance": 258.6732362434044, "Demand": 7.0, "Class": "Low" }, "geometry": { "type": "MultiPolygon", "coordinates": [ [ [ [ 577741.462564746616408, 2564458.865538750775158 ], [ 577791.462564746616408, 2564458.865538750775158 ], [ 577791.462564746616408, 2564408.865538750775158 ], [ 577741.462564746616408, 2564408.865538750775158 ], [ 577741.462564746616408, 2564458.865538750775158 ] ] ] ] } },
{ "type": "Feature", "properties": { "id": 332.0, "temple": 0.0, "parking": 0.0, "junction": 0.0, "building": 1.0, "hotel": 0.0, "id_2": 6, "GHAT_NAME": "Mevada Mali Ghat", "n": 1, "distance": 211.47395158051583, "Demand": 7.0, "Class": "Low" }, "geometry": { "type": "MultiPolygon", "coordinates": [ [ [ [ 577741.462564746616408, 2564408.865538750775158 ], [ 577791.462564746616408, 2564408.865538750775158 ], [ 577791.462564746616408, 2564358.865538750775158 ], [ 577741.462564746616408, 2564358.865538750775158 ], [ 577741.462564746616408, 2564408.865538750775158 ] ] ] ] } },
{ "type": "Feature", "properties": { "id": 333.0, "temple": 0.0, "parking": 0.0, "junction": 0.0, "building": 0.0, "hotel": 0.0, "id_2": 6, "GHAT_NAME": "Mevada Mali Ghat", "n": 1, "distance": 165.92354035977118, "Demand": 10.0, "Class": "Low" }, "geometry": { "type": "MultiPolygon", "coordinates": [ [ [ [ 577741.462564746616408, 2564358.865538750775158 ], [ 577791.462564746616408, 2564358.865538750775158 ], [ 577791.462564746616408, 2564308.865538750775158 ], [ 577741.462564746616408, 2564308.865538750775158 ], [ 577741.462564746616408, 2564358.865538750775158 ] ] ] ] } },
{ "type": "Feature", "properties": { "id": 334.0, "temple": 0.0, "parking": 0.0, "junction": 0.0, "building": 0.0, "hotel": 0.0, "id_2": 6, "GHAT_NAME": "Mevada Mali Ghat", "n": 1, "distance": 123.854795199713, "Demand": 10.0, "Class": "Low" }, "geometry": { "type": "MultiPolygon", "coordinates": [ [ [ [ 577741.462564746616408, 2564308.865538750775158 ], [ 577791.462564746616408, 2564308.865538750775158 ], [ 577791.462564746616408, 2564258.865538750775158 ], [ 577741.462564746616408, 2564258.865538750775158 ], [ 577741.462564746616408, 2564308.865538750775158 ] ] ] ] } },
{ "type": "Feature", "properties": { "id": 335.0, "temple": 0.0, "parking": 0.0, "junction": 0.0, "building": 1.0, "hotel": 1.0, "id_2": 6, "GHAT_NAME": "Mevada Mali Ghat", "n": 1, "distance": 86.706396529728949, "Demand": 13.0, "Class": "Moderate" }, "geometry": { "type": "MultiPolygon", "coordinates": [ [ [ [ 577741.462564746616408, 2564258.865538750775158 ], [ 577791.462564746616408, 2564258.865538750775158 ], [ 577791.462564746616408, 2564208.865538750775158 ], [ 577741.462564746616408, 2564208.865538750775158 ], [ 577741.462564746616408, 2564258.865538750775158 ] ] ] ] } },
{ "type": "Feature", "properties": { "id": 336.0, "temple": 0.0, "parking": 0.0, "junction": 0.0, "building": 0.0, "hotel": 0.0, "id_2": 6, "GHAT_NAME": "Mevada Mali Ghat", "n": 1, "distance": 49.125750223838203, "Demand": 2.0, "Class": "Very Low" }, "geometry": { "type": "MultiPolygon", "coordinates": [ [ [ [ 577741.462564746616408, 2564208.865538750775158 ], [ 577791.462564746616408, 2564208.865538750775158 ], [ 577791.462564746616408, 2564158.865538750775158 ], [ 577741.462564746616408, 2564158.865538750775158 ], [ 577741.462564746616408, 2564208.865538750775158 ] ] ] ] } },
{ "type": "Feature", "properties": { "id": 337.0, "temple": 0.0, "parking": 0.0, "junction": 0.0, "building": 0.0, "hotel": 0.0, "id_2": 6, "GHAT_NAME": "Mevada Mali Ghat", "n": 1, "distance": 6.8352016806602478, "Demand": 2.0, "Class": "Very Low" }, "geometry": { "type": "MultiPolygon", "coordinates": [ [ [ [ 577741.462564746616408, 2564158.865538750775158 ], [ 577791.462564746616408, 2564158.865538750775158 ], [ 577791.462564746616408, 2564108.865538750775158 ], [ 577741.462564746616408, 2564108.865538750775158 ], [ 577741.462564746616408, 2564158.865538750775158 ] ] ] ] } },
{ "type": "Feature", "properties": { "id": 338.0, "temple": 0.0, "parking": 0.0, "junction": 0.0, "building": 0.0, "hotel": 0.0, "id_2": 6, "GHAT_NAME": "Mevada Mali Ghat", "n": 1, "distance": 0.0, "Demand": 2.0, "Class": "Very Low" }, "geometry": { "type": "MultiPolygon", "coordinates": [ [ [ [ 577741.462564746616408, 2564108.865538750775158 ], [ 577791.462564746616408, 2564108.865538750775158 ], [ 577791.462564746616408, 2564058.865538750775158 ], [ 577741.462564746616408, 2564058.865538750775158 ], [ 577741.462564746616408, 2564108.865538750775158 ] ] ] ] } },
{ "type": "Feature", "properties": { "id": 339.0, "temple": 0.0, "parking": 0.0, "junction": 0.0, "building": 0.0, "hotel": 0.0, "id_2": 6, "GHAT_NAME": "Mevada Mali Ghat", "n": 1, "distance": 0.0, "Demand": 2.0, "Class": "Very Low" }, "geometry": { "type": "MultiPolygon", "coordinates": [ [ [ [ 577741.462564746616408, 2564058.865538750775158 ], [ 577791.462564746616408, 2564058.865538750775158 ], [ 577791.462564746616408, 2564008.865538750775158 ], [ 577741.462564746616408, 2564008.865538750775158 ], [ 577741.462564746616408, 2564058.865538750775158 ] ] ] ] } },
{ "type": "Feature", "properties": { "id": 340.0, "temple": 0.0, "parking": 0.0, "junction": 0.0, "building": 0.0, "hotel": 0.0, "id_2": 6, "GHAT_NAME": "Mevada Mali Ghat", "n": 1, "distance": 16.345519792901772, "Demand": 2.0, "Class": "Very Low" }, "geometry": { "type": "MultiPolygon", "coordinates": [ [ [ [ 577741.462564746616408, 2564008.865538750775158 ], [ 577791.462564746616408, 2564008.865538750775158 ], [ 577791.462564746616408, 2563958.865538750775158 ], [ 577741.462564746616408, 2563958.865538750775158 ], [ 577741.462564746616408, 2564008.865538750775158 ] ] ] ] } },
{ "type": "Feature", "properties": { "id": 341.0, "temple": 0.0, "parking": 0.0, "junction": 0.0, "building": 0.0, "hotel": 0.0, "id_2": 6, "GHAT_NAME": "Mevada Mali Ghat", "n": 1, "distance": 56.446300767760349, "Demand": 10.0, "Class": "Low" }, "geometry": { "type": "MultiPolygon", "coordinates": [ [ [ [ 577741.462564746616408, 2563958.865538750775158 ], [ 577791.462564746616408, 2563958.865538750775158 ], [ 577791.462564746616408, 2563908.865538750775158 ], [ 577741.462564746616408, 2563908.865538750775158 ], [ 577741.462564746616408, 2563958.865538750775158 ] ] ] ] } },
{ "type": "Feature", "properties": { "id": 342.0, "temple": 0.0, "parking": 0.0, "junction": 0.0, "building": 0.0, "hotel": 0.0, "id_2": 6, "GHAT_NAME": "Mevada Mali Ghat", "n": 1, "distance": 96.431411726924665, "Demand": 10.0, "Class": "Low" }, "geometry": { "type": "MultiPolygon", "coordinates": [ [ [ [ 577741.462564746616408, 2563908.865538750775158 ], [ 577791.462564746616408, 2563908.865538750775158 ], [ 577791.462564746616408, 2563858.865538750775158 ], [ 577741.462564746616408, 2563858.865538750775158 ], [ 577741.462564746616408, 2563908.865538750775158 ] ] ] ] } },
{ "type": "Feature", "properties": { "id": 343.0, "temple": 0.0, "parking": 0.0, "junction": 0.0, "building": 0.0, "hotel": 0.0, "id_2": 6, "GHAT_NAME": "Mevada Mali Ghat", "n": 1, "distance": 131.21520624328613, "Demand": 10.0, "Class": "Low" }, "geometry": { "type": "MultiPolygon", "coordinates": [ [ [ [ 577741.462564746616408, 2563858.865538750775158 ], [ 577791.462564746616408, 2563858.865538750775158 ], [ 577791.462564746616408, 2563808.865538750775158 ], [ 577741.462564746616408, 2563808.865538750775158 ], [ 577741.462564746616408, 2563858.865538750775158 ] ] ] ] } },
{ "type": "Feature", "properties": { "id": 344.0, "temple": 0.0, "parking": 0.0, "junction": 0.0, "building": 1.0, "hotel": 0.0, "id_2": 6, "GHAT_NAME": "Mevada Mali Ghat", "n": 1, "distance": 165.77174773709487, "Demand": 11.0, "Class": "Moderate" }, "geometry": { "type": "MultiPolygon", "coordinates": [ [ [ [ 577741.462564746616408, 2563808.865538750775158 ], [ 577791.462564746616408, 2563808.865538750775158 ], [ 577791.462564746616408, 2563758.865538750775158 ], [ 577741.462564746616408, 2563758.865538750775158 ], [ 577741.462564746616408, 2563808.865538750775158 ] ] ] ] } },
{ "type": "Feature", "properties": { "id": 345.0, "temple": 0.0, "parking": 0.0, "junction": 0.0, "building": 0.0, "hotel": 0.0, "id_2": 6, "GHAT_NAME": "Mevada Mali Ghat", "n": 1, "distance": 200.37358931416875, "Demand": 6.0, "Class": "Low" }, "geometry": { "type": "MultiPolygon", "coordinates": [ [ [ [ 577741.462564746616408, 2563758.865538750775158 ], [ 577791.462564746616408, 2563758.865538750775158 ], [ 577791.462564746616408, 2563708.865538750775158 ], [ 577741.462564746616408, 2563708.865538750775158 ], [ 577741.462564746616408, 2563758.865538750775158 ] ] ] ] } },
{ "type": "Feature", "properties": { "id": 346.0, "temple": 0.0, "parking": 0.0, "junction": 0.0, "building": 0.0, "hotel": 0.0, "id_2": 6, "GHAT_NAME": "Mevada Mali Ghat", "n": 1, "distance": 239.51815281480773, "Demand": 6.0, "Class": "Low" }, "geometry": { "type": "MultiPolygon", "coordinates": [ [ [ [ 577741.462564746616408, 2563708.865538750775158 ], [ 577791.462564746616408, 2563708.865538750775158 ], [ 577791.462564746616408, 2563658.865538750775158 ], [ 577741.462564746616408, 2563658.865538750775158 ], [ 577741.462564746616408, 2563708.865538750775158 ] ] ] ] } },
{ "type": "Feature", "properties": { "id": 347.0, "temple": 0.0, "parking": 0.0, "junction": 0.0, "building": 0.0, "hotel": 0.0, "id_2": 6, "GHAT_NAME": "Mevada Mali Ghat", "n": 1, "distance": 282.11401198981946, "Demand": 6.0, "Class": "Low" }, "geometry": { "type": "MultiPolygon", "coordinates": [ [ [ [ 577741.462564746616408, 2563650.409394917078316 ], [ 577741.462564746616408, 2563658.865538750775158 ], [ 577791.462564746616408, 2563658.865538750775158 ], [ 577791.462564746616408, 2563608.865538750775158 ], [ 577780.273940142127685, 2563608.865538750775158 ], [ 577741.462564746616408, 2563650.409394917078316 ] ] ] ] } },
{ "type": "Feature", "properties": { "id": 348.0, "temple": 0.0, "parking": 0.0, "junction": 0.0, "building": 0.0, "hotel": 0.0, "id_2": 6, "GHAT_NAME": "Mevada Mali Ghat", "n": 1, "distance": 344.7711713970138, "Demand": 6.0, "Class": "Low" }, "geometry": { "type": "MultiPolygon", "coordinates": [ [ [ [ 577780.273940142127685, 2563608.865538750775158 ], [ 577791.462564746616408, 2563608.865538750775158 ], [ 577791.462564746616408, 2563596.889188865665346 ], [ 577780.273940142127685, 2563608.865538750775158 ] ] ] ] } },
{ "type": "Feature", "properties": { "id": 356.0, "temple": 0.0, "parking": 0.0, "junction": 0.0, "building": 0.0, "hotel": 0.0, "id_2": 3, "GHAT_NAME": "Kabir Ghat", "n": 1, "distance": 263.53974633827227, "Demand": 6.0, "Class": "Low" }, "geometry": { "type": "MultiPolygon", "coordinates": [ [ [ [ 577841.462564746616408, 2565367.049238813575357 ], [ 577841.462564746616408, 2565358.865538750775158 ], [ 577826.797622020705603, 2565358.865538750775158 ], [ 577841.462564746616408, 2565367.049238813575357 ] ] ] ] } },
{ "type": "Feature", "properties": { "id": 357.0, "temple": 0.0, "parking": 0.0, "junction": 0.0, "building": 0.0, "hotel": 0.0, "id_2": 3, "GHAT_NAME": "Kabir Ghat", "n": 1, "distance": 244.16036879951361, "Demand": 6.0, "Class": "Low" }, "geometry": { "type": "MultiPolygon", "coordinates": [ [ [ [ 577804.494385305210017, 2565346.419325824826956 ], [ 577826.797622020705603, 2565358.865538750775158 ], [ 577841.462564746616408, 2565358.865538750775158 ], [ 577841.462564746616408, 2565308.865538750775158 ], [ 577791.462564746616408, 2565308.865538750775158 ], [ 577791.462564746616408, 2565332.173419814556837 ], [ 577804.494385305210017, 2565346.419325824826956 ] ] ] ] } },
{ "type": "Feature", "properties": { "id": 358.0, "temple": 0.0, "parking": 0.0, "junction": 0.0, "building": 0.0, "hotel": 0.0, "id_2": 3, "GHAT_NAME": "Kabir Ghat", "n": 1, "distance": 234.0413926735784, "Demand": 6.0, "Class": "Low" }, "geometry": { "type": "MultiPolygon", "coordinates": [ [ [ [ 577791.462564746616408, 2565308.865538750775158 ], [ 577841.462564746616408, 2565308.865538750775158 ], [ 577841.462564746616408, 2565258.865538750775158 ], [ 577791.462564746616408, 2565258.865538750775158 ], [ 577791.462564746616408, 2565308.865538750775158 ] ] ] ] } },
{ "type": "Feature", "properties": { "id": 359.0, "temple": 0.0, "parking": 0.0, "junction": 0.0, "building": 0.0, "hotel": 0.0, "id_2": 3, "GHAT_NAME": "Kabir Ghat", "n": 1, "distance": 232.86975426843856, "Demand": 6.0, "Class": "Low" }, "geometry": { "type": "MultiPolygon", "coordinates": [ [ [ [ 577791.462564746616408, 2565258.865538750775158 ], [ 577841.462564746616408, 2565258.865538750775158 ], [ 577841.462564746616408, 2565208.865538750775158 ], [ 577791.462564746616408, 2565208.865538750775158 ], [ 577791.462564746616408, 2565258.865538750775158 ] ] ] ] } },
{ "type": "Feature", "properties": { "id": 360.0, "temple": 0.0, "parking": 0.0, "junction": 0.0, "building": 0.0, "hotel": 0.0, "id_2": 3, "GHAT_NAME": "Kabir Ghat", "n": 1, "distance": 234.38528383168966, "Demand": 6.0, "Class": "Low" }, "geometry": { "type": "MultiPolygon", "coordinates": [ [ [ [ 577791.462564746616408, 2565208.865538750775158 ], [ 577841.462564746616408, 2565208.865538750775158 ], [ 577841.462564746616408, 2565158.865538750775158 ], [ 577791.462564746616408, 2565158.865538750775158 ], [ 577791.462564746616408, 2565208.865538750775158 ] ] ] ] } },
{ "type": "Feature", "properties": { "id": 361.0, "temple": 0.0, "parking": 0.0, "junction": 0.0, "building": 0.0, "hotel": 0.0, "id_2": 3, "GHAT_NAME": "Kabir Ghat", "n": 1, "distance": 244.04267839672028, "Demand": 6.0, "Class": "Low" }, "geometry": { "type": "MultiPolygon", "coordinates": [ [ [ [ 577791.462564746616408, 2565158.865538750775158 ], [ 577841.462564746616408, 2565158.865538750775158 ], [ 577841.462564746616408, 2565108.865538750775158 ], [ 577791.462564746616408, 2565108.865538750775158 ], [ 577791.462564746616408, 2565158.865538750775158 ] ] ] ] } },
{ "type": "Feature", "properties": { "id": 362.0, "temple": 0.0, "parking": 0.0, "junction": 0.0, "building": 0.0, "hotel": 0.0, "id_2": 3, "GHAT_NAME": "Kabir Ghat", "n": 1, "distance": 255.29258810940365, "Demand": 6.0, "Class": "Low" }, "geometry": { "type": "MultiPolygon", "coordinates": [ [ [ [ 577791.462564746616408, 2565108.865538750775158 ], [ 577841.462564746616408, 2565108.865538750775158 ], [ 577841.462564746616408, 2565058.865538750775158 ], [ 577791.462564746616408, 2565058.865538750775158 ], [ 577791.462564746616408, 2565108.865538750775158 ] ] ] ] } },
{ "type": "Feature", "properties": { "id": 363.0, "temple": 0.0, "parking": 0.0, "junction": 0.0, "building": 0.0, "hotel": 0.0, "id_2": 3, "GHAT_NAME": "Kabir Ghat", "n": 1, "distance": 267.00430782109203, "Demand": 6.0, "Class": "Low" }, "geometry": { "type": "MultiPolygon", "coordinates": [ [ [ [ 577791.462564746616408, 2565058.865538750775158 ], [ 577841.462564746616408, 2565058.865538750775158 ], [ 577841.462564746616408, 2565008.865538750775158 ], [ 577791.462564746616408, 2565008.865538750775158 ], [ 577791.462564746616408, 2565058.865538750775158 ] ] ] ] } },
{ "type": "Feature", "properties": { "id": 364.0, "temple": 0.0, "parking": 0.0, "junction": 0.0, "building": 0.0, "hotel": 0.0, "id_2": 3, "GHAT_NAME": "Kabir Ghat", "n": 1, "distance": 279.01019092509648, "Demand": 6.0, "Class": "Low" }, "geometry": { "type": "MultiPolygon", "coordinates": [ [ [ [ 577791.462564746616408, 2565008.865538750775158 ], [ 577841.462564746616408, 2565008.865538750775158 ], [ 577841.462564746616408, 2564958.865538750775158 ], [ 577791.462564746616408, 2564958.865538750775158 ], [ 577791.462564746616408, 2565008.865538750775158 ] ] ] ] } },
{ "type": "Feature", "properties": { "id": 365.0, "temple": 0.0, "parking": 0.0, "junction": 0.0, "building": 0.0, "hotel": 0.0, "id_2": 3, "GHAT_NAME": "Kabir Ghat", "n": 1, "distance": 290.50755296644104, "Demand": 6.0, "Class": "Low" }, "geometry": { "type": "MultiPolygon", "coordinates": [ [ [ [ 577791.462564746616408, 2564958.865538750775158 ], [ 577841.462564746616408, 2564958.865538750775158 ], [ 577841.462564746616408, 2564908.865538750775158 ], [ 577791.462564746616408, 2564908.865538750775158 ], [ 577791.462564746616408, 2564958.865538750775158 ] ] ] ] } },
{ "type": "Feature", "properties": { "id": 366.0, "temple": 0.0, "parking": 0.0, "junction": 0.0, "building": 0.0, "hotel": 0.0, "id_2": 3, "GHAT_NAME": "Kabir Ghat", "n": 1, "distance": 301.07735843993169, "Demand": 6.0, "Class": "Low" }, "geometry": { "type": "MultiPolygon", "coordinates": [ [ [ [ 577791.462564746616408, 2564908.865538750775158 ], [ 577841.462564746616408, 2564908.865538750775158 ], [ 577841.462564746616408, 2564858.865538750775158 ], [ 577791.462564746616408, 2564858.865538750775158 ], [ 577791.462564746616408, 2564908.865538750775158 ] ] ] ] } },
{ "type": "Feature", "properties": { "id": 367.0, "temple": 0.0, "parking": 0.0, "junction": 0.0, "building": 0.0, "hotel": 0.0, "id_2": 1, "GHAT_NAME": "Sunheri Ghat", "n": 1, "distance": 307.10128360228066, "Demand": 6.0, "Class": "Low" }, "geometry": { "type": "MultiPolygon", "coordinates": [ [ [ [ 577791.462564746616408, 2564858.865538750775158 ], [ 577841.462564746616408, 2564858.865538750775158 ], [ 577841.462564746616408, 2564808.865538750775158 ], [ 577791.462564746616408, 2564808.865538750775158 ], [ 577791.462564746616408, 2564858.865538750775158 ] ] ] ] } },
{ "type": "Feature", "properties": { "id": 368.0, "temple": 0.0, "parking": 0.0, "junction": 0.0, "building": 0.0, "hotel": 0.0, "id_2": 1, "GHAT_NAME": "Sunheri Ghat", "n": 1, "distance": 311.44585243614983, "Demand": 6.0, "Class": "Low" }, "geometry": { "type": "MultiPolygon", "coordinates": [ [ [ [ 577791.462564746616408, 2564808.865538750775158 ], [ 577841.462564746616408, 2564808.865538750775158 ], [ 577841.462564746616408, 2564758.865538750775158 ], [ 577791.462564746616408, 2564758.865538750775158 ], [ 577791.462564746616408, 2564808.865538750775158 ] ] ] ] } },
{ "type": "Feature", "properties": { "id": 369.0, "temple": 0.0, "parking": 0.0, "junction": 0.0, "building": 0.0, "hotel": 0.0, "id_2": 1, "GHAT_NAME": "Sunheri Ghat", "n": 1, "distance": 317.35466975233027, "Demand": 6.0, "Class": "Low" }, "geometry": { "type": "MultiPolygon", "coordinates": [ [ [ [ 577791.462564746616408, 2564758.865538750775158 ], [ 577841.462564746616408, 2564758.865538750775158 ], [ 577841.462564746616408, 2564708.865538750775158 ], [ 577791.462564746616408, 2564708.865538750775158 ], [ 577791.462564746616408, 2564758.865538750775158 ] ] ] ] } },
{ "type": "Feature", "properties": { "id": 370.0, "temple": 0.0, "parking": 0.0, "junction": 0.0, "building": 0.0, "hotel": 0.0, "id_2": 1, "GHAT_NAME": "Sunheri Ghat", "n": 1, "distance": 318.48190007009543, "Demand": 6.0, "Class": "Low" }, "geometry": { "type": "MultiPolygon", "coordinates": [ [ [ [ 577791.462564746616408, 2564708.865538750775158 ], [ 577841.462564746616408, 2564708.865538750775158 ], [ 577841.462564746616408, 2564658.865538750775158 ], [ 577791.462564746616408, 2564658.865538750775158 ], [ 577791.462564746616408, 2564708.865538750775158 ] ] ] ] } },
{ "type": "Feature", "properties": { "id": 371.0, "temple": 0.0, "parking": 0.0, "junction": 0.0, "building": 0.0, "hotel": 0.0, "id_2": 1, "GHAT_NAME": "Sunheri Ghat", "n": 1, "distance": 318.94545174483613, "Demand": 6.0, "Class": "Low" }, "geometry": { "type": "MultiPolygon", "coordinates": [ [ [ [ 577791.462564746616408, 2564658.865538750775158 ], [ 577841.462564746616408, 2564658.865538750775158 ], [ 577841.462564746616408, 2564608.865538750775158 ], [ 577791.462564746616408, 2564608.865538750775158 ], [ 577791.462564746616408, 2564658.865538750775158 ] ] ] ] } },
{ "type": "Feature", "properties": { "id": 372.0, "temple": 0.0, "parking": 0.0, "junction": 0.0, "building": 0.0, "hotel": 0.0, "id_2": 2, "GHAT_NAME": "Shipra Ghat", "n": 1, "distance": 314.73078087949722, "Demand": 6.0, "Class": "Low" }, "geometry": { "type": "MultiPolygon", "coordinates": [ [ [ [ 577791.462564746616408, 2564608.865538750775158 ], [ 577841.462564746616408, 2564608.865538750775158 ], [ 577841.462564746616408, 2564558.865538750775158 ], [ 577791.462564746616408, 2564558.865538750775158 ], [ 577791.462564746616408, 2564608.865538750775158 ] ] ] ] } },
{ "type": "Feature", "properties": { "id": 373.0, "temple": 0.0, "parking": 0.0, "junction": 0.0, "building": 0.0, "hotel": 0.0, "id_2": 2, "GHAT_NAME": "Shipra Ghat", "n": 1, "distance": 295.91359120618006, "Demand": 6.0, "Class": "Low" }, "geometry": { "type": "MultiPolygon", "coordinates": [ [ [ [ 577791.462564746616408, 2564558.865538750775158 ], [ 577841.462564746616408, 2564558.865538750775158 ], [ 577841.462564746616408, 2564508.865538750775158 ], [ 577791.462564746616408, 2564508.865538750775158 ], [ 577791.462564746616408, 2564558.865538750775158 ] ] ] ] } },
{ "type": "Feature", "properties": { "id": 374.0, "temple": 0.0, "parking": 0.0, "junction": 0.0, "building": 0.0, "hotel": 0.0, "id_2": 7, "GHAT_NAME": "Shri Guru Nanak Ghat", "n": 1, "distance": 269.16330158956475, "Demand": 6.0, "Class": "Low" }, "geometry": { "type": "MultiPolygon", "coordinates": [ [ [ [ 577791.462564746616408, 2564508.865538750775158 ], [ 577841.462564746616408, 2564508.865538750775158 ], [ 577841.462564746616408, 2564458.865538750775158 ], [ 577791.462564746616408, 2564458.865538750775158 ], [ 577791.462564746616408, 2564508.865538750775158 ] ] ] ] } },
{ "type": "Feature", "properties": { "id": 375.0, "temple": 0.0, "parking": 0.0, "junction": 0.0, "building": 0.0, "hotel": 0.0, "id_2": 7, "GHAT_NAME": "Shri Guru Nanak Ghat", "n": 1, "distance": 227.20241463410153, "Demand": 6.0, "Class": "Low" }, "geometry": { "type": "MultiPolygon", "coordinates": [ [ [ [ 577791.462564746616408, 2564458.865538750775158 ], [ 577841.462564746616408, 2564458.865538750775158 ], [ 577841.462564746616408, 2564408.865538750775158 ], [ 577791.462564746616408, 2564408.865538750775158 ], [ 577791.462564746616408, 2564458.865538750775158 ] ] ] ] } },
{ "type": "Feature", "properties": { "id": 376.0, "temple": 0.0, "parking": 0.0, "junction": 0.0, "building": 0.0, "hotel": 0.0, "id_2": 7, "GHAT_NAME": "Shri Guru Nanak Ghat", "n": 1, "distance": 188.95414836672822, "Demand": 10.0, "Class": "Low" }, "geometry": { "type": "MultiPolygon", "coordinates": [ [ [ [ 577791.462564746616408, 2564408.865538750775158 ], [ 577841.462564746616408, 2564408.865538750775158 ], [ 577841.462564746616408, 2564358.865538750775158 ], [ 577791.462564746616408, 2564358.865538750775158 ], [ 577791.462564746616408, 2564408.865538750775158 ] ] ] ] } },
{ "type": "Feature", "properties": { "id": 377.0, "temple": 0.0, "parking": 0.0, "junction": 1.0, "building": 0.0, "hotel": 0.0, "id_2": 6, "GHAT_NAME": "Mevada Mali Ghat", "n": 1, "distance": 149.39044478473801, "Demand": 12.0, "Class": "Moderate" }, "geometry": { "type": "MultiPolygon", "coordinates": [ [ [ [ 577791.462564746616408, 2564358.865538750775158 ], [ 577841.462564746616408, 2564358.865538750775158 ], [ 577841.462564746616408, 2564308.865538750775158 ], [ 577791.462564746616408, 2564308.865538750775158 ], [ 577791.462564746616408, 2564358.865538750775158 ] ] ] ] } },
{ "type": "Feature", "properties": { "id": 378.0, "temple": 0.0, "parking": 0.0, "junction": 0.0, "building": 0.0, "hotel": 0.0, "id_2": 6, "GHAT_NAME": "Mevada Mali Ghat", "n": 1, "distance": 100.63247011488936, "Demand": 10.0, "Class": "Low" }, "geometry": { "type": "MultiPolygon", "coordinates": [ [ [ [ 577791.462564746616408, 2564308.865538750775158 ], [ 577841.462564746616408, 2564308.865538750775158 ], [ 577841.462564746616408, 2564258.865538750775158 ], [ 577791.462564746616408, 2564258.865538750775158 ], [ 577791.462564746616408, 2564308.865538750775158 ] ] ] ] } },
{ "type": "Feature", "properties": { "id": 379.0, "temple": 0.0, "parking": 0.0, "junction": 0.0, "building": 0.0, "hotel": 0.0, "id_2": 6, "GHAT_NAME": "Mevada Mali Ghat", "n": 1, "distance": 54.187480933019437, "Demand": 10.0, "Class": "Low" }, "geometry": { "type": "MultiPolygon", "coordinates": [ [ [ [ 577791.462564746616408, 2564258.865538750775158 ], [ 577841.462564746616408, 2564258.865538750775158 ], [ 577841.462564746616408, 2564208.865538750775158 ], [ 577791.462564746616408, 2564208.865538750775158 ], [ 577791.462564746616408, 2564258.865538750775158 ] ] ] ] } },
{ "type": "Feature", "properties": { "id": 380.0, "temple": 0.0, "parking": 0.0, "junction": 0.0, "building": 5.0, "hotel": 0.0, "id_2": 6, "GHAT_NAME": "Mevada Mali Ghat", "n": 1, "distance": 16.145528526116465, "Demand": 7.0, "Class": "Low" }, "geometry": { "type": "MultiPolygon", "coordinates": [ [ [ [ 577791.462564746616408, 2564208.865538750775158 ], [ 577841.462564746616408, 2564208.865538750775158 ], [ 577841.462564746616408, 2564158.865538750775158 ], [ 577791.462564746616408, 2564158.865538750775158 ], [ 577791.462564746616408, 2564208.865538750775158 ] ] ] ] } },
{ "type": "Feature", "properties": { "id": 381.0, "temple": 0.0, "parking": 0.0, "junction": 0.0, "building": 1.0, "hotel": 0.0, "id_2": 6, "GHAT_NAME": "Mevada Mali Ghat", "n": 1, "distance": 0.0, "Demand": 3.0, "Class": "Very Low" }, "geometry": { "type": "MultiPolygon", "coordinates": [ [ [ [ 577791.462564746616408, 2564158.865538750775158 ], [ 577841.462564746616408, 2564158.865538750775158 ], [ 577841.462564746616408, 2564108.865538750775158 ], [ 577791.462564746616408, 2564108.865538750775158 ], [ 577791.462564746616408, 2564158.865538750775158 ] ] ] ] } },
{ "type": "Feature", "properties": { "id": 382.0, "temple": 0.0, "parking": 0.0, "junction": 0.0, "building": 0.0, "hotel": 0.0, "id_2": 6, "GHAT_NAME": "Mevada Mali Ghat", "n": 1, "distance": 0.0, "Demand": 2.0, "Class": "Very Low" }, "geometry": { "type": "MultiPolygon", "coordinates": [ [ [ [ 577791.462564746616408, 2564108.865538750775158 ], [ 577841.462564746616408, 2564108.865538750775158 ], [ 577841.462564746616408, 2564058.865538750775158 ], [ 577791.462564746616408, 2564058.865538750775158 ], [ 577791.462564746616408, 2564108.865538750775158 ] ] ] ] } },
{ "type": "Feature", "properties": { "id": 383.0, "temple": 0.0, "parking": 0.0, "junction": 0.0, "building": 0.0, "hotel": 0.0, "id_2": 6, "GHAT_NAME": "Mevada Mali Ghat", "n": 1, "distance": 10.730904590372734, "Demand": 2.0, "Class": "Very Low" }, "geometry": { "type": "MultiPolygon", "coordinates": [ [ [ [ 577791.462564746616408, 2564058.865538750775158 ], [ 577841.462564746616408, 2564058.865538750775158 ], [ 577841.462564746616408, 2564008.865538750775158 ], [ 577791.462564746616408, 2564008.865538750775158 ], [ 577791.462564746616408, 2564058.865538750775158 ] ] ] ] } },
{ "type": "Feature", "properties": { "id": 384.0, "temple": 0.0, "parking": 0.0, "junction": 0.0, "building": 0.0, "hotel": 0.0, "id_2": 5, "GHAT_NAME": "Shri Narasimha Ghat", "n": 1, "distance": 17.45623664802406, "Demand": 2.0, "Class": "Very Low" }, "geometry": { "type": "MultiPolygon", "coordinates": [ [ [ [ 577791.462564746616408, 2564008.865538750775158 ], [ 577841.462564746616408, 2564008.865538750775158 ], [ 577841.462564746616408, 2563958.865538750775158 ], [ 577791.462564746616408, 2563958.865538750775158 ], [ 577791.462564746616408, 2564008.865538750775158 ] ] ] ] } },
{ "type": "Feature", "properties": { "id": 385.0, "temple": 0.0, "parking": 0.0, "junction": 0.0, "building": 0.0, "hotel": 0.0, "id_2": 5, "GHAT_NAME": "Shri Narasimha Ghat", "n": 1, "distance": 35.937255415581902, "Demand": 2.0, "Class": "Very Low" }, "geometry": { "type": "MultiPolygon", "coordinates": [ [ [ [ 577791.462564746616408, 2563958.865538750775158 ], [ 577841.462564746616408, 2563958.865538750775158 ], [ 577841.462564746616408, 2563908.865538750775158 ], [ 577791.462564746616408, 2563908.865538750775158 ], [ 577791.462564746616408, 2563958.865538750775158 ] ] ] ] } },
{ "type": "Feature", "properties": { "id": 386.0, "temple": 0.0, "parking": 0.0, "junction": 0.0, "building": 0.0, "hotel": 0.0, "id_2": 5, "GHAT_NAME": "Shri Narasimha Ghat", "n": 1, "distance": 82.842751553444486, "Demand": 10.0, "Class": "Low" }, "geometry": { "type": "MultiPolygon", "coordinates": [ [ [ [ 577791.462564746616408, 2563908.865538750775158 ], [ 577841.462564746616408, 2563908.865538750775158 ], [ 577841.462564746616408, 2563858.865538750775158 ], [ 577791.462564746616408, 2563858.865538750775158 ], [ 577791.462564746616408, 2563908.865538750775158 ] ] ] ] } },
{ "type": "Feature", "properties": { "id": 387.0, "temple": 0.0, "parking": 0.0, "junction": 0.0, "building": 1.0, "hotel": 0.0, "id_2": 5, "GHAT_NAME": "Shri Narasimha Ghat", "n": 1, "distance": 132.03922388096154, "Demand": 11.0, "Class": "Moderate" }, "geometry": { "type": "MultiPolygon", "coordinates": [ [ [ [ 577791.462564746616408, 2563858.865538750775158 ], [ 577841.462564746616408, 2563858.865538750775158 ], [ 577841.462564746616408, 2563808.865538750775158 ], [ 577791.462564746616408, 2563808.865538750775158 ], [ 577791.462564746616408, 2563858.865538750775158 ] ] ] ] } },
{ "type": "Feature", "properties": { "id": 388.0, "temple": 1.0, "parking": 0.0, "junction": 0.0, "building": 2.0, "hotel": 0.0, "id_2": 5, "GHAT_NAME": "Shri Narasimha Ghat", "n": 1, "distance": 181.67496195466134, "Demand": 17.0, "Class": "High" }, "geometry": { "type": "MultiPolygon", "coordinates": [ [ [ [ 577791.462564746616408, 2563808.865538750775158 ], [ 577841.462564746616408, 2563808.865538750775158 ], [ 577841.462564746616408, 2563758.865538750775158 ], [ 577791.462564746616408, 2563758.865538750775158 ], [ 577791.462564746616408, 2563808.865538750775158 ] ] ] ] } },
{ "type": "Feature", "properties": { "id": 389.0, "temple": 0.0, "parking": 0.0, "junction": 0.0, "building": 1.0, "hotel": 0.0, "id_2": 5, "GHAT_NAME": "Shri Narasimha Ghat", "n": 1, "distance": 231.46755055378409, "Demand": 7.0, "Class": "Low" }, "geometry": { "type": "MultiPolygon", "coordinates": [ [ [ [ 577791.462564746616408, 2563758.865538750775158 ], [ 577841.462564746616408, 2563758.865538750775158 ], [ 577841.462564746616408, 2563708.865538750775158 ], [ 577791.462564746616408, 2563708.865538750775158 ], [ 577791.462564746616408, 2563758.865538750775158 ] ] ] ] } },
{ "type": "Feature", "properties": { "id": 390.0, "temple": 0.0, "parking": 0.0, "junction": 0.0, "building": 1.0, "hotel": 0.0, "id_2": 6, "GHAT_NAME": "Mevada Mali Ghat", "n": 1, "distance": 271.04313678931123, "Demand": 7.0, "Class": "Low" }, "geometry": { "type": "MultiPolygon", "coordinates": [ [ [ [ 577791.462564746616408, 2563708.865538750775158 ], [ 577841.462564746616408, 2563708.865538750775158 ], [ 577841.462564746616408, 2563658.865538750775158 ], [ 577791.462564746616408, 2563658.865538750775158 ], [ 577791.462564746616408, 2563708.865538750775158 ] ] ] ] } },
{ "type": "Feature", "properties": { "id": 391.0, "temple": 0.0, "parking": 1.0, "junction": 0.0, "building": 0.0, "hotel": 0.0, "id_2": 6, "GHAT_NAME": "Mevada Mali Ghat", "n": 1, "distance": 309.32790406583706, "Demand": 9.0, "Class": "Low" }, "geometry": { "type": "MultiPolygon", "coordinates": [ [ [ [ 577791.462564746616408, 2563658.865538750775158 ], [ 577841.462564746616408, 2563658.865538750775158 ], [ 577841.462564746616408, 2563608.865538750775158 ], [ 577791.462564746616408, 2563608.865538750775158 ], [ 577791.462564746616408, 2563658.865538750775158 ] ] ] ] } },
{ "type": "Feature", "properties": { "id": 392.0, "temple": 0.0, "parking": 0.0, "junction": 0.0, "building": 0.0, "hotel": 0.0, "id_2": 6, "GHAT_NAME": "Mevada Mali Ghat", "n": 1, "distance": 350.57541623299556, "Demand": 6.0, "Class": "Low" }, "geometry": { "type": "MultiPolygon", "coordinates": [ [ [ [ 577813.760452089481987, 2563573.021438363473862 ], [ 577791.462564746616408, 2563596.889188865665346 ], [ 577791.462564746616408, 2563608.865538750775158 ], [ 577841.462564746616408, 2563608.865538750775158 ], [ 577841.462564746616408, 2563558.865538750775158 ], [ 577839.766881729359739, 2563558.865538750775158 ], [ 577813.760452089481987, 2563573.021438363473862 ] ] ] ] } },
{ "type": "Feature", "properties": { "id": 393.0, "temple": 0.0, "parking": 0.0, "junction": 0.0, "building": 0.0, "hotel": 0.0, "id_2": 6, "GHAT_NAME": "Mevada Mali Ghat", "n": 1, "distance": 418.83242101769827, "Demand": 6.0, "Class": "Low" }, "geometry": { "type": "MultiPolygon", "coordinates": [ [ [ [ 577839.766881729359739, 2563558.865538750775158 ], [ 577841.462564746616408, 2563558.865538750775158 ], [ 577841.462564746616408, 2563557.942539365496486 ], [ 577839.766881729359739, 2563558.865538750775158 ] ] ] ] } },
{ "type": "Feature", "properties": { "id": 400.0, "temple": 0.0, "parking": 0.0, "junction": 0.0, "building": 0.0, "hotel": 0.0, "id_2": 3, "GHAT_NAME": "Kabir Ghat", "n": 1, "distance": 220.60422134038373, "Demand": 6.0, "Class": "Low" }, "geometry": { "type": "MultiPolygon", "coordinates": [ [ [ [ 577891.462564746616408, 2565394.951495971996337 ], [ 577891.462564746616408, 2565358.865538750775158 ], [ 577841.462564746616408, 2565358.865538750775158 ], [ 577841.462564746616408, 2565367.049238813575357 ], [ 577891.462564746616408, 2565394.951495971996337 ] ] ] ] } },
{ "type": "Feature", "properties": { "id": 401.0, "temple": 0.0, "parking": 0.0, "junction": 0.0, "building": 0.0, "hotel": 0.0, "id_2": 3, "GHAT_NAME": "Kabir Ghat", "n": 1, "distance": 197.04646727477922, "Demand": 10.0, "Class": "Low" }, "geometry": { "type": "MultiPolygon", "coordinates": [ [ [ [ 577841.462564746616408, 2565358.865538750775158 ], [ 577891.462564746616408, 2565358.865538750775158 ], [ 577891.462564746616408, 2565308.865538750775158 ], [ 577841.462564746616408, 2565308.865538750775158 ], [ 577841.462564746616408, 2565358.865538750775158 ] ] ] ] } },
{ "type": "Feature", "properties": { "id": 402.0, "temple": 0.0, "parking": 0.0, "junction": 0.0, "building": 4.0, "hotel": 0.0, "id_2": 3, "GHAT_NAME": "Kabir Ghat", "n": 1, "distance": 184.35942627851784, "Demand": 14.0, "Class": "Moderate" }, "geometry": { "type": "MultiPolygon", "coordinates": [ [ [ [ 577841.462564746616408, 2565308.865538750775158 ], [ 577891.462564746616408, 2565308.865538750775158 ], [ 577891.462564746616408, 2565258.865538750775158 ], [ 577841.462564746616408, 2565258.865538750775158 ], [ 577841.462564746616408, 2565308.865538750775158 ] ] ] ] } },
{ "type": "Feature", "properties": { "id": 403.0, "temple": 0.0, "parking": 0.0, "junction": 0.0, "building": 0.0, "hotel": 0.0, "id_2": 3, "GHAT_NAME": "Kabir Ghat", "n": 1, "distance": 182.86975426843856, "Demand": 10.0, "Class": "Low" }, "geometry": { "type": "MultiPolygon", "coordinates": [ [ [ [ 577841.462564746616408, 2565258.865538750775158 ], [ 577891.462564746616408, 2565258.865538750775158 ], [ 577891.462564746616408, 2565208.865538750775158 ], [ 577841.462564746616408, 2565208.865538750775158 ], [ 577841.462564746616408, 2565258.865538750775158 ] ] ] ] } },
{ "type": "Feature", "properties": { "id": 404.0, "temple": 0.0, "parking": 0.0, "junction": 0.0, "building": 2.0, "hotel": 0.0, "id_2": 3, "GHAT_NAME": "Kabir Ghat", "n": 1, "distance": 184.7957950009087, "Demand": 12.0, "Class": "Moderate" }, "geometry": { "type": "MultiPolygon", "coordinates": [ [ [ [ 577841.462564746616408, 2565208.865538750775158 ], [ 577891.462564746616408, 2565208.865538750775158 ], [ 577891.462564746616408, 2565158.865538750775158 ], [ 577841.462564746616408, 2565158.865538750775158 ], [ 577841.462564746616408, 2565208.865538750775158 ] ] ] ] } },
{ "type": "Feature", "properties": { "id": 405.0, "temple": 0.0, "parking": 0.0, "junction": 0.0, "building": 0.0, "hotel": 0.0, "id_2": 3, "GHAT_NAME": "Kabir Ghat", "n": 1, "distance": 195.27894164574789, "Demand": 10.0, "Class": "Low" }, "geometry": { "type": "MultiPolygon", "coordinates": [ [ [ [ 577841.462564746616408, 2565158.865538750775158 ], [ 577891.462564746616408, 2565158.865538750775158 ], [ 577891.462564746616408, 2565108.865538750775158 ], [ 577841.462564746616408, 2565108.865538750775158 ], [ 577841.462564746616408, 2565158.865538750775158 ] ] ] ] } },
{ "type": "Feature", "properties": { "id": 406.0, "temple": 0.0, "parking": 0.0, "junction": 0.0, "building": 1.0, "hotel": 0.0, "id_2": 3, "GHAT_NAME": "Kabir Ghat", "n": 1, "distance": 206.63591564868801, "Demand": 7.0, "Class": "Low" }, "geometry": { "type": "MultiPolygon", "coordinates": [ [ [ [ 577841.462564746616408, 2565108.865538750775158 ], [ 577891.462564746616408, 2565108.865538750775158 ], [ 577891.462564746616408, 2565058.865538750775158 ], [ 577841.462564746616408, 2565058.865538750775158 ], [ 577841.462564746616408, 2565108.865538750775158 ] ] ] ] } },
{ "type": "Feature", "properties": { "id": 407.0, "temple": 0.0, "parking": 0.0, "junction": 0.0, "building": 0.0, "hotel": 0.0, "id_2": 3, "GHAT_NAME": "Kabir Ghat", "n": 1, "distance": 218.47220933112214, "Demand": 6.0, "Class": "Low" }, "geometry": { "type": "MultiPolygon", "coordinates": [ [ [ [ 577841.462564746616408, 2565058.865538750775158 ], [ 577891.462564746616408, 2565058.865538750775158 ], [ 577891.462564746616408, 2565008.865538750775158 ], [ 577841.462564746616408, 2565008.865538750775158 ], [ 577841.462564746616408, 2565058.865538750775158 ] ] ] ] } },
{ "type": "Feature", "properties": { "id": 408.0, "temple": 0.0, "parking": 0.0, "junction": 0.0, "building": 0.0, "hotel": 0.0, "id_2": 3, "GHAT_NAME": "Kabir Ghat", "n": 1, "distance": 230.46038265915814, "Demand": 6.0, "Class": "Low" }, "geometry": { "type": "MultiPolygon", "coordinates": [ [ [ [ 577841.462564746616408, 2565008.865538750775158 ], [ 577891.462564746616408, 2565008.865538750775158 ], [ 577891.462564746616408, 2564958.865538750775158 ], [ 577841.462564746616408, 2564958.865538750775158 ], [ 577841.462564746616408, 2565008.865538750775158 ] ] ] ] } },
{ "type": "Feature", "properties": { "id": 409.0, "temple": 0.0, "parking": 0.0, "junction": 0.0, "building": 0.0, "hotel": 0.0, "id_2": 3, "GHAT_NAME": "Kabir Ghat", "n": 1, "distance": 241.63482166254337, "Demand": 6.0, "Class": "Low" }, "geometry": { "type": "MultiPolygon", "coordinates": [ [ [ [ 577841.462564746616408, 2564958.865538750775158 ], [ 577891.462564746616408, 2564958.865538750775158 ], [ 577891.462564746616408, 2564908.865538750775158 ], [ 577841.462564746616408, 2564908.865538750775158 ], [ 577841.462564746616408, 2564958.865538750775158 ] ] ] ] } },
{ "type": "Feature", "properties": { "id": 410.0, "temple": 0.0, "parking": 0.0, "junction": 0.0, "building": 0.0, "hotel": 0.0, "id_2": 3, "GHAT_NAME": "Kabir Ghat", "n": 1, "distance": 252.39407781102807, "Demand": 6.0, "Class": "Low" }, "geometry": { "type": "MultiPolygon", "coordinates": [ [ [ [ 577841.462564746616408, 2564908.865538750775158 ], [ 577891.462564746616408, 2564908.865538750775158 ], [ 577891.462564746616408, 2564858.865538750775158 ], [ 577841.462564746616408, 2564858.865538750775158 ], [ 577841.462564746616408, 2564908.865538750775158 ] ] ] ] } },
{ "type": "Feature", "properties": { "id": 411.0, "temple": 0.0, "parking": 0.0, "junction": 0.0, "building": 1.0, "hotel": 0.0, "id_2": 1, "GHAT_NAME": "Sunheri Ghat", "n": 1, "distance": 257.14052498172742, "Demand": 7.0, "Class": "Low" }, "geometry": { "type": "MultiPolygon", "coordinates": [ [ [ [ 577841.462564746616408, 2564858.865538750775158 ], [ 577891.462564746616408, 2564858.865538750775158 ], [ 577891.462564746616408, 2564808.865538750775158 ], [ 577841.462564746616408, 2564808.865538750775158 ], [ 577841.462564746616408, 2564858.865538750775158 ] ] ] ] } },
{ "type": "Feature", "properties": { "id": 412.0, "temple": 0.0, "parking": 0.0, "junction": 0.0, "building": 1.0, "hotel": 0.0, "id_2": 1, "GHAT_NAME": "Sunheri Ghat", "n": 1, "distance": 261.79637485993129, "Demand": 7.0, "Class": "Low" }, "geometry": { "type": "MultiPolygon", "coordinates": [ [ [ [ 577841.462564746616408, 2564808.865538750775158 ], [ 577891.462564746616408, 2564808.865538750775158 ], [ 577891.462564746616408, 2564758.865538750775158 ], [ 577841.462564746616408, 2564758.865538750775158 ], [ 577841.462564746616408, 2564808.865538750775158 ] ] ] ] } },
{ "type": "Feature", "properties": { "id": 413.0, "temple": 0.0, "parking": 0.0, "junction": 0.0, "building": 1.0, "hotel": 0.0, "id_2": 1, "GHAT_NAME": "Sunheri Ghat", "n": 1, "distance": 267.60307593181449, "Demand": 7.0, "Class": "Low" }, "geometry": { "type": "MultiPolygon", "coordinates": [ [ [ [ 577841.462564746616408, 2564758.865538750775158 ], [ 577891.462564746616408, 2564758.865538750775158 ], [ 577891.462564746616408, 2564708.865538750775158 ], [ 577841.462564746616408, 2564708.865538750775158 ], [ 577841.462564746616408, 2564758.865538750775158 ] ] ] ] } },
{ "type": "Feature", "properties": { "id": 414.0, "temple": 0.0, "parking": 0.0, "junction": 0.0, "building": 0.0, "hotel": 0.0, "id_2": 1, "GHAT_NAME": "Sunheri Ghat", "n": 1, "distance": 268.48190007009543, "Demand": 6.0, "Class": "Low" }, "geometry": { "type": "MultiPolygon", "coordinates": [ [ [ [ 577841.462564746616408, 2564708.865538750775158 ], [ 577891.462564746616408, 2564708.865538750775158 ], [ 577891.462564746616408, 2564658.865538750775158 ], [ 577841.462564746616408, 2564658.865538750775158 ], [ 577841.462564746616408, 2564708.865538750775158 ] ] ] ] } },
{ "type": "Feature", "properties": { "id": 415.0, "temple": 0.0, "parking": 0.0, "junction": 0.0, "building": 1.0, "hotel": 0.0, "id_2": 1, "GHAT_NAME": "Sunheri Ghat", "n": 1, "distance": 269.03161743874654, "Demand": 7.0, "Class": "Low" }, "geometry": { "type": "MultiPolygon", "coordinates": [ [ [ [ 577841.462564746616408, 2564658.865538750775158 ], [ 577891.462564746616408, 2564658.865538750775158 ], [ 577891.462564746616408, 2564608.865538750775158 ], [ 577841.462564746616408, 2564608.865538750775158 ], [ 577841.462564746616408, 2564658.865538750775158 ] ] ] ] } },
{ "type": "Feature", "properties": { "id": 416.0, "temple": 0.0, "parking": 0.0, "junction": 0.0, "building": 0.0, "hotel": 0.0, "id_2": 2, "GHAT_NAME": "Shipra Ghat", "n": 1, "distance": 268.19713342562727, "Demand": 6.0, "Class": "Low" }, "geometry": { "type": "MultiPolygon", "coordinates": [ [ [ [ 577841.462564746616408, 2564608.865538750775158 ], [ 577891.462564746616408, 2564608.865538750775158 ], [ 577891.462564746616408, 2564558.865538750775158 ], [ 577841.462564746616408, 2564558.865538750775158 ], [ 577841.462564746616408, 2564608.865538750775158 ] ] ] ] } },
{ "type": "Feature", "properties": { "id": 417.0, "temple": 0.0, "parking": 0.0, "junction": 1.0, "building": 0.0, "hotel": 0.0, "id_2": 2, "GHAT_NAME": "Shipra Ghat", "n": 1, "distance": 249.58958692334784, "Demand": 8.0, "Class": "Low" }, "geometry": { "type": "MultiPolygon", "coordinates": [ [ [ [ 577841.462564746616408, 2564558.865538750775158 ], [ 577891.462564746616408, 2564558.865538750775158 ], [ 577891.462564746616408, 2564508.865538750775158 ], [ 577841.462564746616408, 2564508.865538750775158 ], [ 577841.462564746616408, 2564558.865538750775158 ] ] ] ] } },
{ "type": "Feature", "properties": { "id": 418.0, "temple": 0.0, "parking": 0.0, "junction": 0.0, "building": 0.0, "hotel": 0.0, "id_2": 2, "GHAT_NAME": "Shipra Ghat", "n": 1, "distance": 230.77343519385448, "Demand": 6.0, "Class": "Low" }, "geometry": { "type": "MultiPolygon", "coordinates": [ [ [ [ 577841.462564746616408, 2564508.865538750775158 ], [ 577891.462564746616408, 2564508.865538750775158 ], [ 577891.462564746616408, 2564458.865538750775158 ], [ 577841.462564746616408, 2564458.865538750775158 ], [ 577841.462564746616408, 2564508.865538750775158 ] ] ] ] } },
{ "type": "Feature", "properties": { "id": 419.0, "temple": 0.0, "parking": 0.0, "junction": 0.0, "building": 0.0, "hotel": 0.0, "id_2": 7, "GHAT_NAME": "Shri Guru Nanak Ghat", "n": 1, "distance": 200.37357756484596, "Demand": 6.0, "Class": "Low" }, "geometry": { "type": "MultiPolygon", "coordinates": [ [ [ [ 577841.462564746616408, 2564458.865538750775158 ], [ 577891.462564746616408, 2564458.865538750775158 ], [ 577891.462564746616408, 2564408.865538750775158 ], [ 577841.462564746616408, 2564408.865538750775158 ], [ 577841.462564746616408, 2564458.865538750775158 ] ] ] ] } },
{ "type": "Feature", "properties": { "id": 420.0, "temple": 0.0, "parking": 0.0, "junction": 1.0, "building": 0.0, "hotel": 0.0, "id_2": 7, "GHAT_NAME": "Shri Guru Nanak Ghat", "n": 1, "distance": 157.79424134938961, "Demand": 12.0, "Class": "Moderate" }, "geometry": { "type": "MultiPolygon", "coordinates": [ [ [ [ 577841.462564746616408, 2564408.865538750775158 ], [ 577891.462564746616408, 2564408.865538750775158 ], [ 577891.462564746616408, 2564358.865538750775158 ], [ 577841.462564746616408, 2564358.865538750775158 ], [ 577841.462564746616408, 2564408.865538750775158 ] ] ] ] } },
{ "type": "Feature", "properties": { "id": 421.0, "temple": 0.0, "parking": 0.0, "junction": 0.0, "building": 0.0, "hotel": 0.0, "id_2": 7, "GHAT_NAME": "Shri Guru Nanak Ghat", "n": 1, "distance": 118.24447375018742, "Demand": 10.0, "Class": "Low" }, "geometry": { "type": "MultiPolygon", "coordinates": [ [ [ [ 577841.462564746616408, 2564358.865538750775158 ], [ 577891.462564746616408, 2564358.865538750775158 ], [ 577891.462564746616408, 2564308.865538750775158 ], [ 577841.462564746616408, 2564308.865538750775158 ], [ 577841.462564746616408, 2564358.865538750775158 ] ] ] ] } },
{ "type": "Feature", "properties": { "id": 422.0, "temple": 0.0, "parking": 0.0, "junction": 0.0, "building": 0.0, "hotel": 0.0, "id_2": 7, "GHAT_NAME": "Shri Guru Nanak Ghat", "n": 1, "distance": 89.80249741453801, "Demand": 10.0, "Class": "Low" }, "geometry": { "type": "MultiPolygon", "coordinates": [ [ [ [ 577841.462564746616408, 2564308.865538750775158 ], [ 577891.462564746616408, 2564308.865538750775158 ], [ 577891.462564746616408, 2564258.865538750775158 ], [ 577841.462564746616408, 2564258.865538750775158 ], [ 577841.462564746616408, 2564308.865538750775158 ] ] ] ] } },
{ "type": "Feature", "properties": { "id": 423.0, "temple": 0.0, "parking": 0.0, "junction": 0.0, "building": 2.0, "hotel": 0.0, "id_2": 6, "GHAT_NAME": "Mevada Mali Ghat", "n": 1, "distance": 46.906109515577555, "Demand": 4.0, "Class": "Very Low" }, "geometry": { "type": "MultiPolygon", "coordinates": [ [ [ [ 577841.462564746616408, 2564258.865538750775158 ], [ 577891.462564746616408, 2564258.865538750775158 ], [ 577891.462564746616408, 2564208.865538750775158 ], [ 577841.462564746616408, 2564208.865538750775158 ], [ 577841.462564746616408, 2564258.865538750775158 ] ] ] ] } },
{ "type": "Feature", "properties": { "id": 424.0, "temple": 0.0, "parking": 0.0, "junction": 0.0, "building": 0.0, "hotel": 0.0, "id_2": 6, "GHAT_NAME": "Mevada Mali Ghat", "n": 1, "distance": 0.0, "Demand": 2.0, "Class": "Very Low" }, "geometry": { "type": "MultiPolygon", "coordinates": [ [ [ [ 577841.462564746616408, 2564208.865538750775158 ], [ 577891.462564746616408, 2564208.865538750775158 ], [ 577891.462564746616408, 2564158.865538750775158 ], [ 577841.462564746616408, 2564158.865538750775158 ], [ 577841.462564746616408, 2564208.865538750775158 ] ] ] ] } },
{ "type": "Feature", "properties": { "id": 425.0, "temple": 0.0, "parking": 0.0, "junction": 0.0, "building": 0.0, "hotel": 0.0, "id_2": 6, "GHAT_NAME": "Mevada Mali Ghat", "n": 1, "distance": 0.0, "Demand": 2.0, "Class": "Very Low" }, "geometry": { "type": "MultiPolygon", "coordinates": [ [ [ [ 577841.462564746616408, 2564158.865538750775158 ], [ 577891.462564746616408, 2564158.865538750775158 ], [ 577891.462564746616408, 2564108.865538750775158 ], [ 577841.462564746616408, 2564108.865538750775158 ], [ 577841.462564746616408, 2564158.865538750775158 ] ] ] ] } },
{ "type": "Feature", "properties": { "id": 426.0, "temple": 0.0, "parking": 0.0, "junction": 0.0, "building": 0.0, "hotel": 0.0, "id_2": 5, "GHAT_NAME": "Shri Narasimha Ghat", "n": 1, "distance": 0.0, "Demand": 2.0, "Class": "Very Low" }, "geometry": { "type": "MultiPolygon", "coordinates": [ [ [ [ 577841.462564746616408, 2564108.865538750775158 ], [ 577891.462564746616408, 2564108.865538750775158 ], [ 577891.462564746616408, 2564058.865538750775158 ], [ 577841.462564746616408, 2564058.865538750775158 ], [ 577841.462564746616408, 2564108.865538750775158 ] ] ] ] } },
{ "type": "Feature", "properties": { "id": 427.0, "temple": 0.0, "parking": 0.0, "junction": 0.0, "building": 0.0, "hotel": 0.0, "id_2": 5, "GHAT_NAME": "Shri Narasimha Ghat", "n": 1, "distance": 0.0, "Demand": 2.0, "Class": "Very Low" }, "geometry": { "type": "MultiPolygon", "coordinates": [ [ [ [ 577841.462564746616408, 2564058.865538750775158 ], [ 577891.462564746616408, 2564058.865538750775158 ], [ 577891.462564746616408, 2564008.865538750775158 ], [ 577841.462564746616408, 2564008.865538750775158 ], [ 577841.462564746616408, 2564058.865538750775158 ] ] ] ] } },
{ "type": "Feature", "properties": { "id": 428.0, "temple": 0.0, "parking": 0.0, "junction": 0.0, "building": 0.0, "hotel": 0.0, "id_2": 5, "GHAT_NAME": "Shri Narasimha Ghat", "n": 1, "distance": 0.0, "Demand": 2.0, "Class": "Very Low" }, "geometry": { "type": "MultiPolygon", "coordinates": [ [ [ [ 577841.462564746616408, 2564008.865538750775158 ], [ 577891.462564746616408, 2564008.865538750775158 ], [ 577891.462564746616408, 2563958.865538750775158 ], [ 577841.462564746616408, 2563958.865538750775158 ], [ 577841.462564746616408, 2564008.865538750775158 ] ] ] ] } },
{ "type": "Feature", "properties": { "id": 429.0, "temple": 0.0, "parking": 0.0, "junction": 0.0, "building": 0.0, "hotel": 0.0, "id_2": 5, "GHAT_NAME": "Shri Narasimha Ghat", "n": 1, "distance": 30.547189989127219, "Demand": 2.0, "Class": "Very Low" }, "geometry": { "type": "MultiPolygon", "coordinates": [ [ [ [ 577841.462564746616408, 2563958.865538750775158 ], [ 577891.462564746616408, 2563958.865538750775158 ], [ 577891.462564746616408, 2563908.865538750775158 ], [ 577841.462564746616408, 2563908.865538750775158 ], [ 577841.462564746616408, 2563958.865538750775158 ] ] ] ] } },
{ "type": "Feature", "properties": { "id": 430.0, "temple": 0.0, "parking": 0.0, "junction": 0.0, "building": 3.0, "hotel": 0.0, "id_2": 5, "GHAT_NAME": "Shri Narasimha Ghat", "n": 1, "distance": 80.547189989127219, "Demand": 13.0, "Class": "Moderate" }, "geometry": { "type": "MultiPolygon", "coordinates": [ [ [ [ 577841.462564746616408, 2563908.865538750775158 ], [ 577891.462564746616408, 2563908.865538750775158 ], [ 577891.462564746616408, 2563858.865538750775158 ], [ 577841.462564746616408, 2563858.865538750775158 ], [ 577841.462564746616408, 2563908.865538750775158 ] ] ] ] } },
{ "type": "Feature", "properties": { "id": 431.0, "temple": 0.0, "parking": 0.0, "junction": 0.0, "building": 1.0, "hotel": 0.0, "id_2": 5, "GHAT_NAME": "Shri Narasimha Ghat", "n": 1, "distance": 130.54718998912722, "Demand": 11.0, "Class": "Moderate" }, "geometry": { "type": "MultiPolygon", "coordinates": [ [ [ [ 577841.462564746616408, 2563858.865538750775158 ], [ 577891.462564746616408, 2563858.865538750775158 ], [ 577891.462564746616408, 2563808.865538750775158 ], [ 577841.462564746616408, 2563808.865538750775158 ], [ 577841.462564746616408, 2563858.865538750775158 ] ] ] ] } },
{ "type": "Feature", "properties": { "id": 432.0, "temple": 0.0, "parking": 0.0, "junction": 0.0, "building": 1.0, "hotel": 0.0, "id_2": 5, "GHAT_NAME": "Shri Narasimha Ghat", "n": 1, "distance": 180.54718998912722, "Demand": 11.0, "Class": "Moderate" }, "geometry": { "type": "MultiPolygon", "coordinates": [ [ [ [ 577841.462564746616408, 2563808.865538750775158 ], [ 577891.462564746616408, 2563808.865538750775158 ], [ 577891.462564746616408, 2563758.865538750775158 ], [ 577841.462564746616408, 2563758.865538750775158 ], [ 577841.462564746616408, 2563808.865538750775158 ] ] ] ] } },
{ "type": "Feature", "properties": { "id": 433.0, "temple": 0.0, "parking": 0.0, "junction": 0.0, "building": 2.0, "hotel": 1.0, "id_2": 5, "GHAT_NAME": "Shri Narasimha Ghat", "n": 1, "distance": 230.54718998912722, "Demand": 10.0, "Class": "Low" }, "geometry": { "type": "MultiPolygon", "coordinates": [ [ [ [ 577841.462564746616408, 2563758.865538750775158 ], [ 577891.462564746616408, 2563758.865538750775158 ], [ 577891.462564746616408, 2563708.865538750775158 ], [ 577841.462564746616408, 2563708.865538750775158 ], [ 577841.462564746616408, 2563758.865538750775158 ] ] ] ] } },
{ "type": "Feature", "properties": { "id": 434.0, "temple": 0.0, "parking": 0.0, "junction": 0.0, "building": 1.0, "hotel": 0.0, "id_2": 5, "GHAT_NAME": "Shri Narasimha Ghat", "n": 1, "distance": 280.54718998912722, "Demand": 7.0, "Class": "Low" }, "geometry": { "type": "MultiPolygon", "coordinates": [ [ [ [ 577841.462564746616408, 2563708.865538750775158 ], [ 577891.462564746616408, 2563708.865538750775158 ], [ 577891.462564746616408, 2563658.865538750775158 ], [ 577841.462564746616408, 2563658.865538750775158 ], [ 577841.462564746616408, 2563708.865538750775158 ] ] ] ] } },
{ "type": "Feature", "properties": { "id": 435.0, "temple": 0.0, "parking": 0.0, "junction": 1.0, "building": 1.0, "hotel": 0.0, "id_2": 5, "GHAT_NAME": "Shri Narasimha Ghat", "n": 1, "distance": 330.54718998912722, "Demand": 9.0, "Class": "Low" }, "geometry": { "type": "MultiPolygon", "coordinates": [ [ [ [ 577841.462564746616408, 2563658.865538750775158 ], [ 577891.462564746616408, 2563658.865538750775158 ], [ 577891.462564746616408, 2563608.865538750775158 ], [ 577841.462564746616408, 2563608.865538750775158 ], [ 577841.462564746616408, 2563658.865538750775158 ] ] ] ] } },
{ "type": "Feature", "properties": { "id": 436.0, "temple": 0.0, "parking": 0.0, "junction": 1.0, "building": 2.0, "hotel": 0.0, "id_2": 6, "GHAT_NAME": "Mevada Mali Ghat", "n": 1, "distance": 379.47142045180397, "Demand": 10.0, "Class": "Low" }, "geometry": { "type": "MultiPolygon", "coordinates": [ [ [ [ 577841.462564746616408, 2563608.865538750775158 ], [ 577891.462564746616408, 2563608.865538750775158 ], [ 577891.462564746616408, 2563558.865538750775158 ], [ 577841.462564746616408, 2563558.865538750775158 ], [ 577841.462564746616408, 2563608.865538750775158 ] ] ] ] } },
{ "type": "Feature", "properties": { "id": 437.0, "temple": 0.0, "parking": 0.0, "junction": 0.0, "building": 1.0, "hotel": 0.0, "id_2": 6, "GHAT_NAME": "Mevada Mali Ghat", "n": 1, "distance": 419.78319305670658, "Demand": 7.0, "Class": "Low" }, "geometry": { "type": "MultiPolygon", "coordinates": [ [ [ [ 577841.462564746616408, 2563557.942539365496486 ], [ 577841.462564746616408, 2563558.865538750775158 ], [ 577891.462564746616408, 2563558.865538750775158 ], [ 577891.462564746616408, 2563530.726385882124305 ], [ 577841.462564746616408, 2563557.942539365496486 ] ] ] ] } },
{ "type": "Feature", "properties": { "id": 443.0, "temple": 0.0, "parking": 0.0, "junction": 0.0, "building": 0.0, "hotel": 0.0, "id_2": 3, "GHAT_NAME": "Kabir Ghat", "n": 1, "distance": 218.44486547886532, "Demand": 6.0, "Class": "Low" }, "geometry": { "type": "MultiPolygon", "coordinates": [ [ [ [ 577941.462564746616408, 2565422.853753130417317 ], [ 577941.462564746616408, 2565408.865538750775158 ], [ 577916.39610811509192, 2565408.865538750775158 ], [ 577941.462564746616408, 2565422.853753130417317 ] ] ] ] } },
{ "type": "Feature", "properties": { "id": 444.0, "temple": 0.0, "parking": 0.0, "junction": 0.0, "building": 0.0, "hotel": 0.0, "id_2": 3, "GHAT_NAME": "Kabir Ghat", "n": 1, "distance": 181.32635507932426, "Demand": 10.0, "Class": "Low" }, "geometry": { "type": "MultiPolygon", "coordinates": [ [ [ [ 577916.39610811509192, 2565408.865538750775158 ], [ 577941.462564746616408, 2565408.865538750775158 ], [ 577941.462564746616408, 2565358.865538750775158 ], [ 577891.462564746616408, 2565358.865538750775158 ], [ 577891.462564746616408, 2565394.951495971996337 ], [ 577916.39610811509192, 2565408.865538750775158 ] ] ] ] } },
{ "type": "Feature", "properties": { "id": 445.0, "temple": 0.0, "parking": 0.0, "junction": 0.0, "building": 3.0, "hotel": 0.0, "id_2": 3, "GHAT_NAME": "Kabir Ghat", "n": 1, "distance": 151.79043065564704, "Demand": 13.0, "Class": "Moderate" }, "geometry": { "type": "MultiPolygon", "coordinates": [ [ [ [ 577891.462564746616408, 2565358.865538750775158 ], [ 577941.462564746616408, 2565358.865538750775158 ], [ 577941.462564746616408, 2565308.865538750775158 ], [ 577891.462564746616408, 2565308.865538750775158 ], [ 577891.462564746616408, 2565358.865538750775158 ] ] ] ] } },
{ "type": "Feature", "properties": { "id": 446.0, "temple": 0.0, "parking": 0.0, "junction": 0.0, "building": 2.0, "hotel": 0.0, "id_2": 3, "GHAT_NAME": "Kabir Ghat", "n": 1, "distance": 134.91264815020273, "Demand": 12.0, "Class": "Moderate" }, "geometry": { "type": "MultiPolygon", "coordinates": [ [ [ [ 577891.462564746616408, 2565308.865538750775158 ], [ 577941.462564746616408, 2565308.865538750775158 ], [ 577941.462564746616408, 2565258.865538750775158 ], [ 577891.462564746616408, 2565258.865538750775158 ], [ 577891.462564746616408, 2565308.865538750775158 ] ] ] ] } },
{ "type": "Feature", "properties": { "id": 447.0, "temple": 0.0, "parking": 0.0, "junction": 1.0, "building": 0.0, "hotel": 0.0, "id_2": 3, "GHAT_NAME": "Kabir Ghat", "n": 1, "distance": 132.86975426843856, "Demand": 12.0, "Class": "Moderate" }, "geometry": { "type": "MultiPolygon", "coordinates": [ [ [ [ 577891.462564746616408, 2565258.865538750775158 ], [ 577941.462564746616408, 2565258.865538750775158 ], [ 577941.462564746616408, 2565208.865538750775158 ], [ 577891.462564746616408, 2565208.865538750775158 ], [ 577891.462564746616408, 2565258.865538750775158 ] ] ] ] } },
{ "type": "Feature", "properties": { "id": 448.0, "temple": 0.0, "parking": 0.0, "junction": 0.0, "building": 1.0, "hotel": 0.0, "id_2": 3, "GHAT_NAME": "Kabir Ghat", "n": 1, "distance": 135.50834078821131, "Demand": 11.0, "Class": "Moderate" }, "geometry": { "type": "MultiPolygon", "coordinates": [ [ [ [ 577891.462564746616408, 2565208.865538750775158 ], [ 577941.462564746616408, 2565208.865538750775158 ], [ 577941.462564746616408, 2565158.865538750775158 ], [ 577891.462564746616408, 2565158.865538750775158 ], [ 577891.462564746616408, 2565208.865538750775158 ] ] ] ] } },
{ "type": "Feature", "properties": { "id": 449.0, "temple": 0.0, "parking": 0.0, "junction": 1.0, "building": 1.0, "hotel": 0.0, "id_2": 3, "GHAT_NAME": "Kabir Ghat", "n": 1, "distance": 146.51520489477551, "Demand": 13.0, "Class": "Moderate" }, "geometry": { "type": "MultiPolygon", "coordinates": [ [ [ [ 577891.462564746616408, 2565158.865538750775158 ], [ 577941.462564746616408, 2565158.865538750775158 ], [ 577941.462564746616408, 2565108.865538750775158 ], [ 577891.462564746616408, 2565108.865538750775158 ], [ 577891.462564746616408, 2565158.865538750775158 ] ] ] ] } },
{ "type": "Feature", "properties": { "id": 450.0, "temple": 0.0, "parking": 0.0, "junction": 0.0, "building": 0.0, "hotel": 0.0, "id_2": 3, "GHAT_NAME": "Kabir Ghat", "n": 1, "distance": 157.97924318808563, "Demand": 10.0, "Class": "Low" }, "geometry": { "type": "MultiPolygon", "coordinates": [ [ [ [ 577891.462564746616408, 2565108.865538750775158 ], [ 577941.462564746616408, 2565108.865538750775158 ], [ 577941.462564746616408, 2565058.865538750775158 ], [ 577891.462564746616408, 2565058.865538750775158 ], [ 577891.462564746616408, 2565108.865538750775158 ] ] ] ] } },
{ "type": "Feature", "properties": { "id": 451.0, "temple": 0.0, "parking": 0.0, "junction": 0.0, "building": 0.0, "hotel": 0.0, "id_2": 3, "GHAT_NAME": "Kabir Ghat", "n": 1, "distance": 169.94011084115226, "Demand": 10.0, "Class": "Low" }, "geometry": { "type": "MultiPolygon", "coordinates": [ [ [ [ 577891.462564746616408, 2565058.865538750775158 ], [ 577941.462564746616408, 2565058.865538750775158 ], [ 577941.462564746616408, 2565008.865538750775158 ], [ 577891.462564746616408, 2565008.865538750775158 ], [ 577891.462564746616408, 2565058.865538750775158 ] ] ] ] } },
{ "type": "Feature", "properties": { "id": 452.0, "temple": 0.0, "parking": 0.0, "junction": 0.0, "building": 0.0, "hotel": 0.0, "id_2": 3, "GHAT_NAME": "Kabir Ghat", "n": 1, "distance": 181.91057439310674, "Demand": 10.0, "Class": "Low" }, "geometry": { "type": "MultiPolygon", "coordinates": [ [ [ [ 577891.462564746616408, 2565008.865538750775158 ], [ 577941.462564746616408, 2565008.865538750775158 ], [ 577941.462564746616408, 2564958.865538750775158 ], [ 577891.462564746616408, 2564958.865538750775158 ], [ 577891.462564746616408, 2565008.865538750775158 ] ] ] ] } },
{ "type": "Feature", "properties": { "id": 453.0, "temple": 0.0, "parking": 0.0, "junction": 0.0, "building": 0.0, "hotel": 0.0, "id_2": 3, "GHAT_NAME": "Kabir Ghat", "n": 1, "distance": 192.76209035866114, "Demand": 10.0, "Class": "Low" }, "geometry": { "type": "MultiPolygon", "coordinates": [ [ [ [ 577891.462564746616408, 2564958.865538750775158 ], [ 577941.462564746616408, 2564958.865538750775158 ], [ 577941.462564746616408, 2564908.865538750775158 ], [ 577891.462564746616408, 2564908.865538750775158 ], [ 577891.462564746616408, 2564958.865538750775158 ] ] ] ] } },
{ "type": "Feature", "properties": { "id": 454.0, "temple": 0.0, "parking": 0.0, "junction": 0.0, "building": 0.0, "hotel": 0.0, "id_2": 3, "GHAT_NAME": "Kabir Ghat", "n": 1, "distance": 203.72372079137378, "Demand": 6.0, "Class": "Low" }, "geometry": { "type": "MultiPolygon", "coordinates": [ [ [ [ 577891.462564746616408, 2564908.865538750775158 ], [ 577941.462564746616408, 2564908.865538750775158 ], [ 577941.462564746616408, 2564858.865538750775158 ], [ 577891.462564746616408, 2564858.865538750775158 ], [ 577891.462564746616408, 2564908.865538750775158 ] ] ] ] } },
{ "type": "Feature", "properties": { "id": 455.0, "temple": 0.0, "parking": 0.0, "junction": 0.0, "building": 1.0, "hotel": 0.0, "id_2": 1, "GHAT_NAME": "Sunheri Ghat", "n": 1, "distance": 207.19869880283608, "Demand": 7.0, "Class": "Low" }, "geometry": { "type": "MultiPolygon", "coordinates": [ [ [ [ 577891.462564746616408, 2564858.865538750775158 ], [ 577941.462564746616408, 2564858.865538750775158 ], [ 577941.462564746616408, 2564808.865538750775158 ], [ 577891.462564746616408, 2564808.865538750775158 ], [ 577891.462564746616408, 2564858.865538750775158 ] ] ] ] } },
{ "type": "Feature", "properties": { "id": 456.0, "temple": 0.0, "parking": 0.0, "junction": 0.0, "building": 0.0, "hotel": 0.0, "id_2": 1, "GHAT_NAME": "Sunheri Ghat", "n": 1, "distance": 212.15051289029464, "Demand": 6.0, "Class": "Low" }, "geometry": { "type": "MultiPolygon", "coordinates": [ [ [ [ 577891.462564746616408, 2564808.865538750775158 ], [ 577941.462564746616408, 2564808.865538750775158 ], [ 577941.462564746616408, 2564758.865538750775158 ], [ 577891.462564746616408, 2564758.865538750775158 ], [ 577891.462564746616408, 2564808.865538750775158 ] ] ] ] } },
{ "type": "Feature", "properties": { "id": 457.0, "temple": 0.0, "parking": 0.0, "junction": 1.0, "building": 0.0, "hotel": 0.0, "id_2": 1, "GHAT_NAME": "Sunheri Ghat", "n": 1, "distance": 217.85148211129876, "Demand": 8.0, "Class": "Low" }, "geometry": { "type": "MultiPolygon", "coordinates": [ [ [ [ 577891.462564746616408, 2564758.865538750775158 ], [ 577941.462564746616408, 2564758.865538750775158 ], [ 577941.462564746616408, 2564708.865538750775158 ], [ 577891.462564746616408, 2564708.865538750775158 ], [ 577891.462564746616408, 2564758.865538750775158 ] ] ] ] } },
{ "type": "Feature", "properties": { "id": 458.0, "temple": 0.0, "parking": 0.0, "junction": 2.0, "building": 0.0, "hotel": 0.0, "id_2": 1, "GHAT_NAME": "Sunheri Ghat", "n": 1, "distance": 218.48190007009543, "Demand": 10.0, "Class": "Low" }, "geometry": { "type": "MultiPolygon", "coordinates": [ [ [ [ 577891.462564746616408, 2564708.865538750775158 ], [ 577941.462564746616408, 2564708.865538750775158 ], [ 577941.462564746616408, 2564658.865538750775158 ], [ 577891.462564746616408, 2564658.865538750775158 ], [ 577891.462564746616408, 2564708.865538750775158 ] ] ] ] } },
{ "type": "Feature", "properties": { "id": 459.0, "temple": 0.0, "parking": 0.0, "junction": 0.0, "building": 1.0, "hotel": 0.0, "id_2": 1, "GHAT_NAME": "Sunheri Ghat", "n": 1, "distance": 219.15706964343758, "Demand": 7.0, "Class": "Low" }, "geometry": { "type": "MultiPolygon", "coordinates": [ [ [ [ 577891.462564746616408, 2564658.865538750775158 ], [ 577941.462564746616408, 2564658.865538750775158 ], [ 577941.462564746616408, 2564608.865538750775158 ], [ 577891.462564746616408, 2564608.865538750775158 ], [ 577891.462564746616408, 2564658.865538750775158 ] ] ] ] } },
{ "type": "Feature", "properties": { "id": 460.0, "temple": 0.0, "parking": 0.0, "junction": 0.0, "building": 2.0, "hotel": 0.0, "id_2": 2, "GHAT_NAME": "Shipra Ghat", "n": 1, "distance": 221.51582899606692, "Demand": 8.0, "Class": "Low" }, "geometry": { "type": "MultiPolygon", "coordinates": [ [ [ [ 577891.462564746616408, 2564608.865538750775158 ], [ 577941.462564746616408, 2564608.865538750775158 ], [ 577941.462564746616408, 2564558.865538750775158 ], [ 577891.462564746616408, 2564558.865538750775158 ], [ 577891.462564746616408, 2564608.865538750775158 ] ] ] ] } },
{ "type": "Feature", "properties": { "id": 461.0, "temple": 0.0, "parking": 0.0, "junction": 1.0, "building": 0.0, "hotel": 0.0, "id_2": 2, "GHAT_NAME": "Shipra Ghat", "n": 1, "distance": 203.2655826403404, "Demand": 8.0, "Class": "Low" }, "geometry": { "type": "MultiPolygon", "coordinates": [ [ [ [ 577891.462564746616408, 2564558.865538750775158 ], [ 577941.462564746616408, 2564558.865538750775158 ], [ 577941.462564746616408, 2564508.865538750775158 ], [ 577891.462564746616408, 2564508.865538750775158 ], [ 577891.462564746616408, 2564558.865538750775158 ] ] ] ] } },
{ "type": "Feature", "properties": { "id": 462.0, "temple": 0.0, "parking": 0.0, "junction": 0.0, "building": 0.0, "hotel": 0.0, "id_2": 2, "GHAT_NAME": "Shipra Ghat", "n": 1, "distance": 184.44839296719849, "Demand": 10.0, "Class": "Low" }, "geometry": { "type": "MultiPolygon", "coordinates": [ [ [ [ 577891.462564746616408, 2564508.865538750775158 ], [ 577941.462564746616408, 2564508.865538750775158 ], [ 577941.462564746616408, 2564458.865538750775158 ], [ 577891.462564746616408, 2564458.865538750775158 ], [ 577891.462564746616408, 2564508.865538750775158 ] ] ] ] } },
{ "type": "Feature", "properties": { "id": 463.0, "temple": 0.0, "parking": 0.0, "junction": 0.0, "building": 0.0, "hotel": 0.0, "id_2": 2, "GHAT_NAME": "Shipra Ghat", "n": 1, "distance": 168.0145130069368, "Demand": 10.0, "Class": "Low" }, "geometry": { "type": "MultiPolygon", "coordinates": [ [ [ [ 577891.462564746616408, 2564458.865538750775158 ], [ 577941.462564746616408, 2564458.865538750775158 ], [ 577941.462564746616408, 2564408.865538750775158 ], [ 577891.462564746616408, 2564408.865538750775158 ], [ 577891.462564746616408, 2564458.865538750775158 ] ] ] ] } },
{ "type": "Feature", "properties": { "id": 464.0, "temple": 0.0, "parking": 0.0, "junction": 0.0, "building": 0.0, "hotel": 0.0, "id_2": 7, "GHAT_NAME": "Shri Guru Nanak Ghat", "n": 1, "distance": 131.58701872855835, "Demand": 10.0, "Class": "Low" }, "geometry": { "type": "MultiPolygon", "coordinates": [ [ [ [ 577891.462564746616408, 2564408.865538750775158 ], [ 577941.462564746616408, 2564408.865538750775158 ], [ 577941.462564746616408, 2564358.865538750775158 ], [ 577891.462564746616408, 2564358.865538750775158 ], [ 577891.462564746616408, 2564408.865538750775158 ] ] ] ] } },
{ "type": "Feature", "properties": { "id": 465.0, "temple": 0.0, "parking": 0.0, "junction": 1.0, "building": 0.0, "hotel": 0.0, "id_2": 7, "GHAT_NAME": "Shri Guru Nanak Ghat", "n": 1, "distance": 89.004037823032746, "Demand": 12.0, "Class": "Moderate" }, "geometry": { "type": "MultiPolygon", "coordinates": [ [ [ [ 577891.462564746616408, 2564358.865538750775158 ], [ 577941.462564746616408, 2564358.865538750775158 ], [ 577941.462564746616408, 2564308.865538750775158 ], [ 577891.462564746616408, 2564308.865538750775158 ], [ 577891.462564746616408, 2564358.865538750775158 ] ] ] ] } },
{ "type": "Feature", "properties": { "id": 466.0, "temple": 0.0, "parking": 0.0, "junction": 2.0, "building": 2.0, "hotel": 0.0, "id_2": 7, "GHAT_NAME": "Shri Guru Nanak Ghat", "n": 1, "distance": 47.537784549997454, "Demand": 8.0, "Class": "Low" }, "geometry": { "type": "MultiPolygon", "coordinates": [ [ [ [ 577891.462564746616408, 2564308.865538750775158 ], [ 577941.462564746616408, 2564308.865538750775158 ], [ 577941.462564746616408, 2564258.865538750775158 ], [ 577891.462564746616408, 2564258.865538750775158 ], [ 577891.462564746616408, 2564308.865538750775158 ] ] ] ] } },
{ "type": "Feature", "properties": { "id": 467.0, "temple": 0.0, "parking": 0.0, "junction": 0.0, "building": 3.0, "hotel": 0.0, "id_2": 7, "GHAT_NAME": "Shri Guru Nanak Ghat", "n": 1, "distance": 33.046475819661282, "Demand": 5.0, "Class": "Very Low" }, "geometry": { "type": "MultiPolygon", "coordinates": [ [ [ [ 577891.462564746616408, 2564258.865538750775158 ], [ 577941.462564746616408, 2564258.865538750775158 ], [ 577941.462564746616408, 2564208.865538750775158 ], [ 577891.462564746616408, 2564208.865538750775158 ], [ 577891.462564746616408, 2564258.865538750775158 ] ] ] ] } },
{ "type": "Feature", "properties": { "id": 468.0, "temple": 0.0, "parking": 0.0, "junction": 0.0, "building": 0.0, "hotel": 0.0, "id_2": 6, "GHAT_NAME": "Mevada Mali Ghat", "n": 1, "distance": 16.320412548893994, "Demand": 2.0, "Class": "Very Low" }, "geometry": { "type": "MultiPolygon", "coordinates": [ [ [ [ 577891.462564746616408, 2564208.865538750775158 ], [ 577941.462564746616408, 2564208.865538750775158 ], [ 577941.462564746616408, 2564158.865538750775158 ], [ 577891.462564746616408, 2564158.865538750775158 ], [ 577891.462564746616408, 2564208.865538750775158 ] ] ] ] } },
{ "type": "Feature", "properties": { "id": 469.0, "temple": 0.0, "parking": 0.0, "junction": 0.0, "building": 0.0, "hotel": 0.0, "id_2": 4, "GHAT_NAME": "Maharishi Sant Balinath Ghat", "n": 1, "distance": 0.0, "Demand": 2.0, "Class": "Very Low" }, "geometry": { "type": "MultiPolygon", "coordinates": [ [ [ [ 577891.462564746616408, 2564158.865538750775158 ], [ 577941.462564746616408, 2564158.865538750775158 ], [ 577941.462564746616408, 2564108.865538750775158 ], [ 577891.462564746616408, 2564108.865538750775158 ], [ 577891.462564746616408, 2564158.865538750775158 ] ] ] ] } },
{ "type": "Feature", "properties": { "id": 470.0, "temple": 0.0, "parking": 0.0, "junction": 0.0, "building": 2.0, "hotel": 0.0, "id_2": 5, "GHAT_NAME": "Shri Narasimha Ghat", "n": 1, "distance": 0.0, "Demand": 4.0, "Class": "Very Low" }, "geometry": { "type": "MultiPolygon", "coordinates": [ [ [ [ 577891.462564746616408, 2564108.865538750775158 ], [ 577941.462564746616408, 2564108.865538750775158 ], [ 577941.462564746616408, 2564058.865538750775158 ], [ 577891.462564746616408, 2564058.865538750775158 ], [ 577891.462564746616408, 2564108.865538750775158 ] ] ] ] } },
{ "type": "Feature", "properties": { "id": 470.0, "temple": 0.0, "parking": 0.0, "junction": 0.0, "building": 2.0, "hotel": 0.0, "id_2": 4, "GHAT_NAME": "Maharishi Sant Balinath Ghat", "n": 2, "distance": 0.0, "Demand": 4.0, "Class": "Very Low" }, "geometry": { "type": "MultiPolygon", "coordinates": [ [ [ [ 577891.462564746616408, 2564108.865538750775158 ], [ 577941.462564746616408, 2564108.865538750775158 ], [ 577941.462564746616408, 2564058.865538750775158 ], [ 577891.462564746616408, 2564058.865538750775158 ], [ 577891.462564746616408, 2564108.865538750775158 ] ] ] ] } },
{ "type": "Feature", "properties": { "id": 471.0, "temple": 0.0, "parking": 0.0, "junction": 0.0, "building": 0.0, "hotel": 0.0, "id_2": 5, "GHAT_NAME": "Shri Narasimha Ghat", "n": 1, "distance": 0.0, "Demand": 2.0, "Class": "Very Low" }, "geometry": { "type": "MultiPolygon", "coordinates": [ [ [ [ 577891.462564746616408, 2564058.865538750775158 ], [ 577941.462564746616408, 2564058.865538750775158 ], [ 577941.462564746616408, 2564008.865538750775158 ], [ 577891.462564746616408, 2564008.865538750775158 ], [ 577891.462564746616408, 2564058.865538750775158 ] ] ] ] } },
{ "type": "Feature", "properties": { "id": 472.0, "temple": 0.0, "parking": 0.0, "junction": 0.0, "building": 0.0, "hotel": 0.0, "id_2": 5, "GHAT_NAME": "Shri Narasimha Ghat", "n": 1, "distance": 15.231324314355078, "Demand": 2.0, "Class": "Very Low" }, "geometry": { "type": "MultiPolygon", "coordinates": [ [ [ [ 577891.462564746616408, 2564008.865538750775158 ], [ 577941.462564746616408, 2564008.865538750775158 ], [ 577941.462564746616408, 2563958.865538750775158 ], [ 577891.462564746616408, 2563958.865538750775158 ], [ 577891.462564746616408, 2564008.865538750775158 ] ] ] ] } },
{ "type": "Feature", "properties": { "id": 473.0, "temple": 0.0, "parking": 0.0, "junction": 0.0, "building": 3.0, "hotel": 1.0, "id_2": 5, "GHAT_NAME": "Shri Narasimha Ghat", "n": 1, "distance": 40.224628471595032, "Demand": 7.0, "Class": "Low" }, "geometry": { "type": "MultiPolygon", "coordinates": [ [ [ [ 577891.462564746616408, 2563958.865538750775158 ], [ 577941.462564746616408, 2563958.865538750775158 ], [ 577941.462564746616408, 2563908.865538750775158 ], [ 577891.462564746616408, 2563908.865538750775158 ], [ 577891.462564746616408, 2563958.865538750775158 ] ] ] ] } },
{ "type": "Feature", "properties": { "id": 474.0, "temple": 0.0, "parking": 0.0, "junction": 0.0, "building": 0.0, "hotel": 0.0, "id_2": 5, "GHAT_NAME": "Shri Narasimha Ghat", "n": 1, "distance": 84.69202875472152, "Demand": 10.0, "Class": "Low" }, "geometry": { "type": "MultiPolygon", "coordinates": [ [ [ [ 577891.462564746616408, 2563908.865538750775158 ], [ 577941.462564746616408, 2563908.865538750775158 ], [ 577941.462564746616408, 2563858.865538750775158 ], [ 577891.462564746616408, 2563858.865538750775158 ], [ 577891.462564746616408, 2563908.865538750775158 ] ] ] ] } },
{ "type": "Feature", "properties": { "id": 475.0, "temple": 0.0, "parking": 0.0, "junction": 0.0, "building": 0.0, "hotel": 0.0, "id_2": 5, "GHAT_NAME": "Shri Narasimha Ghat", "n": 1, "distance": 133.14450320423782, "Demand": 10.0, "Class": "Low" }, "geometry": { "type": "MultiPolygon", "coordinates": [ [ [ [ 577891.462564746616408, 2563858.865538750775158 ], [ 577941.462564746616408, 2563858.865538750775158 ], [ 577941.462564746616408, 2563808.865538750775158 ], [ 577891.462564746616408, 2563808.865538750775158 ], [ 577891.462564746616408, 2563858.865538750775158 ] ] ] ] } },
{ "type": "Feature", "properties": { "id": 476.0, "temple": 0.0, "parking": 0.0, "junction": 0.0, "building": 0.0, "hotel": 0.0, "id_2": 5, "GHAT_NAME": "Shri Narasimha Ghat", "n": 1, "distance": 182.43403666096967, "Demand": 10.0, "Class": "Low" }, "geometry": { "type": "MultiPolygon", "coordinates": [ [ [ [ 577891.462564746616408, 2563808.865538750775158 ], [ 577941.462564746616408, 2563808.865538750775158 ], [ 577941.462564746616408, 2563758.865538750775158 ], [ 577891.462564746616408, 2563758.865538750775158 ], [ 577891.462564746616408, 2563808.865538750775158 ] ] ] ] } },
{ "type": "Feature", "properties": { "id": 477.0, "temple": 0.0, "parking": 0.0, "junction": 1.0, "building": 0.0, "hotel": 0.0, "id_2": 5, "GHAT_NAME": "Shri Narasimha Ghat", "n": 1, "distance": 232.02779301482127, "Demand": 8.0, "Class": "Low" }, "geometry": { "type": "MultiPolygon", "coordinates": [ [ [ [ 577891.462564746616408, 2563758.865538750775158 ], [ 577941.462564746616408, 2563758.865538750775158 ], [ 577941.462564746616408, 2563708.865538750775158 ], [ 577891.462564746616408, 2563708.865538750775158 ], [ 577891.462564746616408, 2563758.865538750775158 ] ] ] ] } },
{ "type": "Feature", "properties": { "id": 478.0, "temple": 0.0, "parking": 0.0, "junction": 1.0, "building": 0.0, "hotel": 0.0, "id_2": 5, "GHAT_NAME": "Shri Narasimha Ghat", "n": 1, "distance": 281.76517834935078, "Demand": 8.0, "Class": "Low" }, "geometry": { "type": "MultiPolygon", "coordinates": [ [ [ [ 577891.462564746616408, 2563708.865538750775158 ], [ 577941.462564746616408, 2563708.865538750775158 ], [ 577941.462564746616408, 2563658.865538750775158 ], [ 577891.462564746616408, 2563658.865538750775158 ], [ 577891.462564746616408, 2563708.865538750775158 ] ] ] ] } },
{ "type": "Feature", "properties": { "id": 479.0, "temple": 0.0, "parking": 0.0, "junction": 0.0, "building": 2.0, "hotel": 0.0, "id_2": 5, "GHAT_NAME": "Shri Narasimha Ghat", "n": 1, "distance": 331.58156572577161, "Demand": 8.0, "Class": "Low" }, "geometry": { "type": "MultiPolygon", "coordinates": [ [ [ [ 577891.462564746616408, 2563658.865538750775158 ], [ 577941.462564746616408, 2563658.865538750775158 ], [ 577941.462564746616408, 2563608.865538750775158 ], [ 577891.462564746616408, 2563608.865538750775158 ], [ 577891.462564746616408, 2563658.865538750775158 ] ] ] ] } },
{ "type": "Feature", "properties": { "id": 480.0, "temple": 0.0, "parking": 0.0, "junction": 0.0, "building": 1.0, "hotel": 0.0, "id_2": 5, "GHAT_NAME": "Shri Narasimha Ghat", "n": 1, "distance": 381.44600368606166, "Demand": 7.0, "Class": "Low" }, "geometry": { "type": "MultiPolygon", "coordinates": [ [ [ [ 577891.462564746616408, 2563608.865538750775158 ], [ 577941.462564746616408, 2563608.865538750775158 ], [ 577941.462564746616408, 2563558.865538750775158 ], [ 577891.462564746616408, 2563558.865538750775158 ], [ 577891.462564746616408, 2563608.865538750775158 ] ] ] ] } },
{ "type": "Feature", "properties": { "id": 481.0, "temple": 0.0, "parking": 0.0, "junction": 0.0, "building": 2.0, "hotel": 0.0, "id_2": 5, "GHAT_NAME": "Shri Narasimha Ghat", "n": 1, "distance": 431.34182816761421, "Demand": 8.0, "Class": "Low" }, "geometry": { "type": "MultiPolygon", "coordinates": [ [ [ [ 577891.462564746616408, 2563530.726385882124305 ], [ 577891.462564746616408, 2563558.865538750775158 ], [ 577941.462564746616408, 2563558.865538750775158 ], [ 577941.462564746616408, 2563508.865538750775158 ], [ 577931.624094451079145, 2563508.865538750775158 ], [ 577891.462564746616408, 2563530.726385882124305 ] ] ] ] } },
{ "type": "Feature", "properties": { "id": 482.0, "temple": 0.0, "parking": 0.0, "junction": 0.0, "building": 0.0, "hotel": 0.0, "id_2": 5, "GHAT_NAME": "Shri Narasimha Ghat", "n": 1, "distance": 485.10362492550212, "Demand": 6.0, "Class": "Low" }, "geometry": { "type": "MultiPolygon", "coordinates": [ [ [ [ 577931.624094451079145, 2563508.865538750775158 ], [ 577941.462564746616408, 2563508.865538750775158 ], [ 577941.462564746616408, 2563503.510232398752123 ], [ 577931.624094451079145, 2563508.865538750775158 ] ] ] ] } },
{ "type": "Feature", "properties": { "id": 487.0, "temple": 0.0, "parking": 0.0, "junction": 0.0, "building": 0.0, "hotel": 0.0, "id_2": 3, "GHAT_NAME": "Kabir Ghat", "n": 1, "distance": 192.17487824176112, "Demand": 10.0, "Class": "Low" }, "geometry": { "type": "MultiPolygon", "coordinates": [ [ [ [ 577991.462564746616408, 2565450.756010288838297 ], [ 577991.462564746616408, 2565408.865538750775158 ], [ 577941.462564746616408, 2565408.865538750775158 ], [ 577941.462564746616408, 2565422.853753130417317 ], [ 577991.462564746616408, 2565450.756010288838297 ] ] ] ] } },
{ "type": "Feature", "properties": { "id": 488.0, "temple": 0.0, "parking": 0.0, "junction": 0.0, "building": 0.0, "hotel": 0.0, "id_2": 3, "GHAT_NAME": "Kabir Ghat", "n": 1, "distance": 148.63469184382669, "Demand": 10.0, "Class": "Low" }, "geometry": { "type": "MultiPolygon", "coordinates": [ [ [ [ 577941.462564746616408, 2565408.865538750775158 ], [ 577991.462564746616408, 2565408.865538750775158 ], [ 577991.462564746616408, 2565358.865538750775158 ], [ 577941.462564746616408, 2565358.865538750775158 ], [ 577941.462564746616408, 2565408.865538750775158 ] ] ] ] } },
{ "type": "Feature", "properties": { "id": 489.0, "temple": 0.0, "parking": 0.0, "junction": 0.0, "building": 5.0, "hotel": 0.0, "id_2": 3, "GHAT_NAME": "Kabir Ghat", "n": 1, "distance": 110.69489334103417, "Demand": 15.0, "Class": "Moderate" }, "geometry": { "type": "MultiPolygon", "coordinates": [ [ [ [ 577941.462564746616408, 2565358.865538750775158 ], [ 577991.462564746616408, 2565358.865538750775158 ], [ 577991.462564746616408, 2565308.865538750775158 ], [ 577941.462564746616408, 2565308.865538750775158 ], [ 577941.462564746616408, 2565358.865538750775158 ] ] ] ] } },
{ "type": "Feature", "properties": { "id": 490.0, "temple": 0.0, "parking": 0.0, "junction": 0.0, "building": 0.0, "hotel": 0.0, "id_2": 3, "GHAT_NAME": "Kabir Ghat", "n": 1, "distance": 86.107184392805124, "Demand": 10.0, "Class": "Low" }, "geometry": { "type": "MultiPolygon", "coordinates": [ [ [ [ 577941.462564746616408, 2565308.865538750775158 ], [ 577991.462564746616408, 2565308.865538750775158 ], [ 577991.462564746616408, 2565258.865538750775158 ], [ 577941.462564746616408, 2565258.865538750775158 ], [ 577941.462564746616408, 2565308.865538750775158 ] ] ] ] } },
{ "type": "Feature", "properties": { "id": 491.0, "temple": 0.0, "parking": 0.0, "junction": 1.0, "building": 0.0, "hotel": 0.0, "id_2": 3, "GHAT_NAME": "Kabir Ghat", "n": 1, "distance": 82.869754268438555, "Demand": 12.0, "Class": "Moderate" }, "geometry": { "type": "MultiPolygon", "coordinates": [ [ [ [ 577941.462564746616408, 2565258.865538750775158 ], [ 577991.462564746616408, 2565258.865538750775158 ], [ 577991.462564746616408, 2565208.865538750775158 ], [ 577941.462564746616408, 2565208.865538750775158 ], [ 577941.462564746616408, 2565258.865538750775158 ] ] ] ] } },
{ "type": "Feature", "properties": { "id": 492.0, "temple": 0.0, "parking": 0.0, "junction": 0.0, "building": 0.0, "hotel": 0.0, "id_2": 3, "GHAT_NAME": "Kabir Ghat", "n": 1, "distance": 86.701672757232657, "Demand": 10.0, "Class": "Low" }, "geometry": { "type": "MultiPolygon", "coordinates": [ [ [ [ 577941.462564746616408, 2565208.865538750775158 ], [ 577991.462564746616408, 2565208.865538750775158 ], [ 577991.462564746616408, 2565158.865538750775158 ], [ 577941.462564746616408, 2565158.865538750775158 ], [ 577941.462564746616408, 2565208.865538750775158 ] ] ] ] } },
{ "type": "Feature", "properties": { "id": 493.0, "temple": 0.0, "parking": 0.0, "junction": 0.0, "building": 0.0, "hotel": 0.0, "id_2": 3, "GHAT_NAME": "Kabir Ghat", "n": 1, "distance": 97.810480341364112, "Demand": 10.0, "Class": "Low" }, "geometry": { "type": "MultiPolygon", "coordinates": [ [ [ [ 577941.462564746616408, 2565158.865538750775158 ], [ 577991.462564746616408, 2565158.865538750775158 ], [ 577991.462564746616408, 2565108.865538750775158 ], [ 577941.462564746616408, 2565108.865538750775158 ], [ 577941.462564746616408, 2565158.865538750775158 ] ] ] ] } },
{ "type": "Feature", "properties": { "id": 494.0, "temple": 0.0, "parking": 0.0, "junction": 0.0, "building": 0.0, "hotel": 0.0, "id_2": 3, "GHAT_NAME": "Kabir Ghat", "n": 1, "distance": 109.38156582036821, "Demand": 10.0, "Class": "Low" }, "geometry": { "type": "MultiPolygon", "coordinates": [ [ [ [ 577941.462564746616408, 2565108.865538750775158 ], [ 577991.462564746616408, 2565108.865538750775158 ], [ 577991.462564746616408, 2565058.865538750775158 ], [ 577941.462564746616408, 2565058.865538750775158 ], [ 577941.462564746616408, 2565108.865538750775158 ] ] ] ] } },
{ "type": "Feature", "properties": { "id": 495.0, "temple": 0.0, "parking": 0.0, "junction": 1.0, "building": 0.0, "hotel": 0.0, "id_2": 3, "GHAT_NAME": "Kabir Ghat", "n": 1, "distance": 121.40601320912972, "Demand": 12.0, "Class": "Moderate" }, "geometry": { "type": "MultiPolygon", "coordinates": [ [ [ [ 577941.462564746616408, 2565058.865538750775158 ], [ 577991.462564746616408, 2565058.865538750775158 ], [ 577991.462564746616408, 2565008.865538750775158 ], [ 577941.462564746616408, 2565008.865538750775158 ], [ 577941.462564746616408, 2565058.865538750775158 ] ] ] ] } },
{ "type": "Feature", "properties": { "id": 496.0, "temple": 0.0, "parking": 0.0, "junction": 0.0, "building": 2.0, "hotel": 0.0, "id_2": 3, "GHAT_NAME": "Kabir Ghat", "n": 1, "distance": 133.33208029097196, "Demand": 12.0, "Class": "Moderate" }, "geometry": { "type": "MultiPolygon", "coordinates": [ [ [ [ 577941.462564746616408, 2565008.865538750775158 ], [ 577991.462564746616408, 2565008.865538750775158 ], [ 577991.462564746616408, 2564958.865538750775158 ], [ 577941.462564746616408, 2564958.865538750775158 ], [ 577941.462564746616408, 2565008.865538750775158 ] ] ] ] } },
{ "type": "Feature", "properties": { "id": 497.0, "temple": 0.0, "parking": 0.0, "junction": 0.0, "building": 2.0, "hotel": 0.0, "id_2": 3, "GHAT_NAME": "Kabir Ghat", "n": 1, "distance": 143.88935905466514, "Demand": 12.0, "Class": "Moderate" }, "geometry": { "type": "MultiPolygon", "coordinates": [ [ [ [ 577941.462564746616408, 2564958.865538750775158 ], [ 577991.462564746616408, 2564958.865538750775158 ], [ 577991.462564746616408, 2564908.865538750775158 ], [ 577941.462564746616408, 2564908.865538750775158 ], [ 577941.462564746616408, 2564958.865538750775158 ] ] ] ] } },
{ "type": "Feature", "properties": { "id": 498.0, "temple": 0.0, "parking": 0.0, "junction": 0.0, "building": 0.0, "hotel": 0.0, "id_2": 3, "GHAT_NAME": "Kabir Ghat", "n": 1, "distance": 155.05336377171952, "Demand": 10.0, "Class": "Low" }, "geometry": { "type": "MultiPolygon", "coordinates": [ [ [ [ 577941.462564746616408, 2564908.865538750775158 ], [ 577991.462564746616408, 2564908.865538750775158 ], [ 577991.462564746616408, 2564858.865538750775158 ], [ 577941.462564746616408, 2564858.865538750775158 ], [ 577941.462564746616408, 2564908.865538750775158 ] ] ] ] } },
{ "type": "Feature", "properties": { "id": 499.0, "temple": 0.0, "parking": 0.0, "junction": 0.0, "building": 1.0, "hotel": 0.0, "id_2": 1, "GHAT_NAME": "Sunheri Ghat", "n": 1, "distance": 157.29383962284842, "Demand": 11.0, "Class": "Moderate" }, "geometry": { "type": "MultiPolygon", "coordinates": [ [ [ [ 577941.462564746616408, 2564858.865538750775158 ], [ 577991.462564746616408, 2564858.865538750775158 ], [ 577991.462564746616408, 2564808.865538750775158 ], [ 577941.462564746616408, 2564808.865538750775158 ], [ 577941.462564746616408, 2564858.865538750775158 ] ] ] ] } },
{ "type": "Feature", "properties": { "id": 500.0, "temple": 0.0, "parking": 0.0, "junction": 0.0, "building": 2.0, "hotel": 0.0, "id_2": 1, "GHAT_NAME": "Sunheri Ghat", "n": 1, "distance": 162.50465092059767, "Demand": 12.0, "Class": "Moderate" }, "geometry": { "type": "MultiPolygon", "coordinates": [ [ [ [ 577941.462564746616408, 2564808.865538750775158 ], [ 577991.462564746616408, 2564808.865538750775158 ], [ 577991.462564746616408, 2564758.865538750775158 ], [ 577941.462564746616408, 2564758.865538750775158 ], [ 577941.462564746616408, 2564808.865538750775158 ] ] ] ] } },
{ "type": "Feature", "properties": { "id": 501.0, "temple": 0.0, "parking": 0.0, "junction": 1.0, "building": 3.0, "hotel": 0.0, "id_2": 1, "GHAT_NAME": "Sunheri Ghat", "n": 1, "distance": 168.09988829062075, "Demand": 15.0, "Class": "Moderate" }, "geometry": { "type": "MultiPolygon", "coordinates": [ [ [ [ 577941.462564746616408, 2564758.865538750775158 ], [ 577991.462564746616408, 2564758.865538750775158 ], [ 577991.462564746616408, 2564708.865538750775158 ], [ 577941.462564746616408, 2564708.865538750775158 ], [ 577941.462564746616408, 2564758.865538750775158 ] ] ] ] } },
{ "type": "Feature", "properties": { "id": 502.0, "temple": 0.0, "parking": 0.0, "junction": 0.0, "building": 2.0, "hotel": 0.0, "id_2": 1, "GHAT_NAME": "Sunheri Ghat", "n": 1, "distance": 168.48190007009543, "Demand": 12.0, "Class": "Moderate" }, "geometry": { "type": "MultiPolygon", "coordinates": [ [ [ [ 577941.462564746616408, 2564708.865538750775158 ], [ 577991.462564746616408, 2564708.865538750775158 ], [ 577991.462564746616408, 2564658.865538750775158 ], [ 577941.462564746616408, 2564658.865538750775158 ], [ 577941.462564746616408, 2564708.865538750775158 ] ] ] ] } },
{ "type": "Feature", "properties": { "id": 503.0, "temple": 0.0, "parking": 0.0, "junction": 0.0, "building": 0.0, "hotel": 0.0, "id_2": 1, "GHAT_NAME": "Sunheri Ghat", "n": 1, "distance": 169.35652088918508, "Demand": 10.0, "Class": "Low" }, "geometry": { "type": "MultiPolygon", "coordinates": [ [ [ [ 577941.462564746616408, 2564658.865538750775158 ], [ 577991.462564746616408, 2564658.865538750775158 ], [ 577991.462564746616408, 2564608.865538750775158 ], [ 577941.462564746616408, 2564608.865538750775158 ], [ 577941.462564746616408, 2564658.865538750775158 ] ] ] ] } },
{ "type": "Feature", "properties": { "id": 504.0, "temple": 0.0, "parking": 0.0, "junction": 0.0, "building": 1.0, "hotel": 0.0, "id_2": 2, "GHAT_NAME": "Shipra Ghat", "n": 1, "distance": 173.80103584197477, "Demand": 11.0, "Class": "Moderate" }, "geometry": { "type": "MultiPolygon", "coordinates": [ [ [ [ 577941.462564746616408, 2564608.865538750775158 ], [ 577991.462564746616408, 2564608.865538750775158 ], [ 577991.462564746616408, 2564558.865538750775158 ], [ 577941.462564746616408, 2564558.865538750775158 ], [ 577941.462564746616408, 2564608.865538750775158 ] ] ] ] } },
{ "type": "Feature", "properties": { "id": 505.0, "temple": 0.0, "parking": 0.0, "junction": 0.0, "building": 0.0, "hotel": 0.0, "id_2": 2, "GHAT_NAME": "Shipra Ghat", "n": 1, "distance": 156.92207591318055, "Demand": 10.0, "Class": "Low" }, "geometry": { "type": "MultiPolygon", "coordinates": [ [ [ [ 577941.462564746616408, 2564558.865538750775158 ], [ 577991.462564746616408, 2564558.865538750775158 ], [ 577991.462564746616408, 2564508.865538750775158 ], [ 577941.462564746616408, 2564508.865538750775158 ], [ 577941.462564746616408, 2564558.865538750775158 ] ] ] ] } },
{ "type": "Feature", "properties": { "id": 506.0, "temple": 0.0, "parking": 0.0, "junction": 1.0, "building": 0.0, "hotel": 0.0, "id_2": 2, "GHAT_NAME": "Shipra Ghat", "n": 1, "distance": 138.12438868419102, "Demand": 12.0, "Class": "Moderate" }, "geometry": { "type": "MultiPolygon", "coordinates": [ [ [ [ 577941.462564746616408, 2564508.865538750775158 ], [ 577991.462564746616408, 2564508.865538750775158 ], [ 577991.462564746616408, 2564458.865538750775158 ], [ 577941.462564746616408, 2564458.865538750775158 ], [ 577941.462564746616408, 2564508.865538750775158 ] ] ] ] } },
{ "type": "Feature", "properties": { "id": 507.0, "temple": 0.0, "parking": 0.0, "junction": 0.0, "building": 0.0, "hotel": 0.0, "id_2": 2, "GHAT_NAME": "Shipra Ghat", "n": 1, "distance": 119.67549983566998, "Demand": 10.0, "Class": "Low" }, "geometry": { "type": "MultiPolygon", "coordinates": [ [ [ [ 577941.462564746616408, 2564458.865538750775158 ], [ 577991.462564746616408, 2564458.865538750775158 ], [ 577991.462564746616408, 2564408.865538750775158 ], [ 577941.462564746616408, 2564408.865538750775158 ], [ 577941.462564746616408, 2564458.865538750775158 ] ] ] ] } },
{ "type": "Feature", "properties": { "id": 508.0, "temple": 0.0, "parking": 0.0, "junction": 0.0, "building": 0.0, "hotel": 0.0, "id_2": 7, "GHAT_NAME": "Shri Guru Nanak Ghat", "n": 1, "distance": 98.704361875852953, "Demand": 10.0, "Class": "Low" }, "geometry": { "type": "MultiPolygon", "coordinates": [ [ [ [ 577941.462564746616408, 2564408.865538750775158 ], [ 577991.462564746616408, 2564408.865538750775158 ], [ 577991.462564746616408, 2564358.865538750775158 ], [ 577941.462564746616408, 2564358.865538750775158 ], [ 577941.462564746616408, 2564408.865538750775158 ] ] ] ] } },
{ "type": "Feature", "properties": { "id": 509.0, "temple": 0.0, "parking": 0.0, "junction": 0.0, "building": 1.0, "hotel": 0.0, "id_2": 7, "GHAT_NAME": "Shri Guru Nanak Ghat", "n": 1, "distance": 62.847904376605307, "Demand": 11.0, "Class": "Moderate" }, "geometry": { "type": "MultiPolygon", "coordinates": [ [ [ [ 577941.462564746616408, 2564358.865538750775158 ], [ 577991.462564746616408, 2564358.865538750775158 ], [ 577991.462564746616408, 2564308.865538750775158 ], [ 577941.462564746616408, 2564308.865538750775158 ], [ 577941.462564746616408, 2564358.865538750775158 ] ] ] ] } },
{ "type": "Feature", "properties": { "id": 510.0, "temple": 0.0, "parking": 0.0, "junction": 0.0, "building": 4.0, "hotel": 0.0, "id_2": 7, "GHAT_NAME": "Shri Guru Nanak Ghat", "n": 1, "distance": 20.214313797917381, "Demand": 6.0, "Class": "Low" }, "geometry": { "type": "MultiPolygon", "coordinates": [ [ [ [ 577941.462564746616408, 2564308.865538750775158 ], [ 577991.462564746616408, 2564308.865538750775158 ], [ 577991.462564746616408, 2564258.865538750775158 ], [ 577941.462564746616408, 2564258.865538750775158 ], [ 577941.462564746616408, 2564308.865538750775158 ] ] ] ] } },
{ "type": "Feature", "properties": { "id": 511.0, "temple": 0.0, "parking": 0.0, "junction": 0.0, "building": 0.0, "hotel": 0.0, "id_2": 7, "GHAT_NAME": "Shri Guru Nanak Ghat", "n": 1, "distance": 0.0, "Demand": 2.0, "Class": "Very Low" }, "geometry": { "type": "MultiPolygon", "coordinates": [ [ [ [ 577941.462564746616408, 2564258.865538750775158 ], [ 577991.462564746616408, 2564258.865538750775158 ], [ 577991.462564746616408, 2564208.865538750775158 ], [ 577941.462564746616408, 2564208.865538750775158 ], [ 577941.462564746616408, 2564258.865538750775158 ] ] ] ] } },
{ "type": "Feature", "properties": { "id": 512.0, "temple": 0.0, "parking": 0.0, "junction": 0.0, "building": 0.0, "hotel": 0.0, "id_2": 4, "GHAT_NAME": "Maharishi Sant Balinath Ghat", "n": 1, "distance": 7.262187549274814, "Demand": 2.0, "Class": "Very Low" }, "geometry": { "type": "MultiPolygon", "coordinates": [ [ [ [ 577941.462564746616408, 2564208.865538750775158 ], [ 577991.462564746616408, 2564208.865538750775158 ], [ 577991.462564746616408, 2564158.865538750775158 ], [ 577941.462564746616408, 2564158.865538750775158 ], [ 577941.462564746616408, 2564208.865538750775158 ] ] ] ] } },
{ "type": "Feature", "properties": { "id": 513.0, "temple": 0.0, "parking": 0.0, "junction": 0.0, "building": 0.0, "hotel": 0.0, "id_2": 4, "GHAT_NAME": "Maharishi Sant Balinath Ghat", "n": 1, "distance": 0.0, "Demand": 2.0, "Class": "Very Low" }, "geometry": { "type": "MultiPolygon", "coordinates": [ [ [ [ 577941.462564746616408, 2564158.865538750775158 ], [ 577991.462564746616408, 2564158.865538750775158 ], [ 577991.462564746616408, 2564108.865538750775158 ], [ 577941.462564746616408, 2564108.865538750775158 ], [ 577941.462564746616408, 2564158.865538750775158 ] ] ] ] } },
{ "type": "Feature", "properties": { "id": 514.0, "temple": 0.0, "parking": 0.0, "junction": 0.0, "building": 1.0, "hotel": 1.0, "id_2": 4, "GHAT_NAME": "Maharishi Sant Balinath Ghat", "n": 1, "distance": 0.0, "Demand": 5.0, "Class": "Very Low" }, "geometry": { "type": "MultiPolygon", "coordinates": [ [ [ [ 577941.462564746616408, 2564108.865538750775158 ], [ 577991.462564746616408, 2564108.865538750775158 ], [ 577991.462564746616408, 2564058.865538750775158 ], [ 577941.462564746616408, 2564058.865538750775158 ], [ 577941.462564746616408, 2564108.865538750775158 ] ] ] ] } },
{ "type": "Feature", "properties": { "id": 515.0, "temple": 0.0, "parking": 0.0, "junction": 0.0, "building": 1.0, "hotel": 0.0, "id_2": 5, "GHAT_NAME": "Shri Narasimha Ghat", "n": 1, "distance": 25.354695310368065, "Demand": 3.0, "Class": "Very Low" }, "geometry": { "type": "MultiPolygon", "coordinates": [ [ [ [ 577941.462564746616408, 2564058.865538750775158 ], [ 577991.462564746616408, 2564058.865538750775158 ], [ 577991.462564746616408, 2564008.865538750775158 ], [ 577941.462564746616408, 2564008.865538750775158 ], [ 577941.462564746616408, 2564058.865538750775158 ] ] ] ] } },
{ "type": "Feature", "properties": { "id": 516.0, "temple": 0.0, "parking": 0.0, "junction": 0.0, "building": 1.0, "hotel": 0.0, "id_2": 5, "GHAT_NAME": "Shri Narasimha Ghat", "n": 1, "distance": 57.901699435737285, "Demand": 11.0, "Class": "Moderate" }, "geometry": { "type": "MultiPolygon", "coordinates": [ [ [ [ 577941.462564746616408, 2564008.865538750775158 ], [ 577991.462564746616408, 2564008.865538750775158 ], [ 577991.462564746616408, 2563958.865538750775158 ], [ 577941.462564746616408, 2563958.865538750775158 ], [ 577941.462564746616408, 2564008.865538750775158 ] ] ] ] } },
{ "type": "Feature", "properties": { "id": 517.0, "temple": 0.0, "parking": 0.0, "junction": 0.0, "building": 0.0, "hotel": 0.0, "id_2": 5, "GHAT_NAME": "Shri Narasimha Ghat", "n": 1, "distance": 82.067416766950871, "Demand": 10.0, "Class": "Low" }, "geometry": { "type": "MultiPolygon", "coordinates": [ [ [ [ 577941.462564746616408, 2563958.865538750775158 ], [ 577991.462564746616408, 2563958.865538750775158 ], [ 577991.462564746616408, 2563908.865538750775158 ], [ 577941.462564746616408, 2563908.865538750775158 ], [ 577941.462564746616408, 2563958.865538750775158 ] ] ] ] } },
{ "type": "Feature", "properties": { "id": 518.0, "temple": 0.0, "parking": 0.0, "junction": 0.0, "building": 0.0, "hotel": 0.0, "id_2": 5, "GHAT_NAME": "Shri Narasimha Ghat", "n": 1, "distance": 110.85927969147703, "Demand": 10.0, "Class": "Low" }, "geometry": { "type": "MultiPolygon", "coordinates": [ [ [ [ 577941.462564746616408, 2563908.865538750775158 ], [ 577991.462564746616408, 2563908.865538750775158 ], [ 577991.462564746616408, 2563858.865538750775158 ], [ 577941.462564746616408, 2563858.865538750775158 ], [ 577941.462564746616408, 2563908.865538750775158 ] ] ] ] } },
{ "type": "Feature", "properties": { "id": 519.0, "temple": 0.0, "parking": 0.0, "junction": 0.0, "building": 0.0, "hotel": 0.0, "id_2": 5, "GHAT_NAME": "Shri Narasimha Ghat", "n": 1, "distance": 151.14396743709571, "Demand": 10.0, "Class": "Low" }, "geometry": { "type": "MultiPolygon", "coordinates": [ [ [ [ 577941.462564746616408, 2563858.865538750775158 ], [ 577991.462564746616408, 2563858.865538750775158 ], [ 577991.462564746616408, 2563808.865538750775158 ], [ 577941.462564746616408, 2563808.865538750775158 ], [ 577941.462564746616408, 2563858.865538750775158 ] ] ] ] } },
{ "type": "Feature", "properties": { "id": 520.0, "temple": 0.0, "parking": 0.0, "junction": 0.0, "building": 3.0, "hotel": 0.0, "id_2": 5, "GHAT_NAME": "Shri Narasimha Ghat", "n": 1, "distance": 195.9571838222283, "Demand": 13.0, "Class": "Moderate" }, "geometry": { "type": "MultiPolygon", "coordinates": [ [ [ [ 577941.462564746616408, 2563808.865538750775158 ], [ 577991.462564746616408, 2563808.865538750775158 ], [ 577991.462564746616408, 2563758.865538750775158 ], [ 577941.462564746616408, 2563758.865538750775158 ], [ 577941.462564746616408, 2563808.865538750775158 ] ] ] ] } },
{ "type": "Feature", "properties": { "id": 521.0, "temple": 0.0, "parking": 0.0, "junction": 0.0, "building": 1.0, "hotel": 0.0, "id_2": 5, "GHAT_NAME": "Shri Narasimha Ghat", "n": 1, "distance": 242.80431810503555, "Demand": 7.0, "Class": "Low" }, "geometry": { "type": "MultiPolygon", "coordinates": [ [ [ [ 577941.462564746616408, 2563758.865538750775158 ], [ 577991.462564746616408, 2563758.865538750775158 ], [ 577991.462564746616408, 2563708.865538750775158 ], [ 577941.462564746616408, 2563708.865538750775158 ], [ 577941.462564746616408, 2563758.865538750775158 ] ] ] ] } },
{ "type": "Feature", "properties": { "id": 522.0, "temple": 0.0, "parking": 0.0, "junction": 0.0, "building": 1.0, "hotel": 0.0, "id_2": 5, "GHAT_NAME": "Shri Narasimha Ghat", "n": 1, "distance": 290.70372527603428, "Demand": 7.0, "Class": "Low" }, "geometry": { "type": "MultiPolygon", "coordinates": [ [ [ [ 577941.462564746616408, 2563708.865538750775158 ], [ 577991.462564746616408, 2563708.865538750775158 ], [ 577991.462564746616408, 2563658.865538750775158 ], [ 577941.462564746616408, 2563658.865538750775158 ], [ 577941.462564746616408, 2563708.865538750775158 ] ] ] ] } },
{ "type": "Feature", "properties": { "id": 523.0, "temple": 0.0, "parking": 0.0, "junction": 1.0, "building": 0.0, "hotel": 0.0, "id_2": 5, "GHAT_NAME": "Shri Narasimha Ghat", "n": 1, "distance": 339.20992746126512, "Demand": 8.0, "Class": "Low" }, "geometry": { "type": "MultiPolygon", "coordinates": [ [ [ [ 577941.462564746616408, 2563658.865538750775158 ], [ 577991.462564746616408, 2563658.865538750775158 ], [ 577991.462564746616408, 2563608.865538750775158 ], [ 577941.462564746616408, 2563608.865538750775158 ], [ 577941.462564746616408, 2563658.865538750775158 ] ] ] ] } },
{ "type": "Feature", "properties": { "id": 524.0, "temple": 0.0, "parking": 0.0, "junction": 0.0, "building": 0.0, "hotel": 0.0, "id_2": 5, "GHAT_NAME": "Shri Narasimha Ghat", "n": 1, "distance": 388.09547006785516, "Demand": 6.0, "Class": "Low" }, "geometry": { "type": "MultiPolygon", "coordinates": [ [ [ [ 577941.462564746616408, 2563608.865538750775158 ], [ 577991.462564746616408, 2563608.865538750775158 ], [ 577991.462564746616408, 2563558.865538750775158 ], [ 577941.462564746616408, 2563558.865538750775158 ], [ 577941.462564746616408, 2563608.865538750775158 ] ] ] ] } },
{ "type": "Feature", "properties": { "id": 525.0, "temple": 0.0, "parking": 0.0, "junction": 0.0, "building": 2.0, "hotel": 0.0, "id_2": 5, "GHAT_NAME": "Shri Narasimha Ghat", "n": 1, "distance": 437.23313333518331, "Demand": 8.0, "Class": "Low" }, "geometry": { "type": "MultiPolygon", "coordinates": [ [ [ [ 577941.462564746616408, 2563558.865538750775158 ], [ 577991.462564746616408, 2563558.865538750775158 ], [ 577991.462564746616408, 2563508.865538750775158 ], [ 577941.462564746616408, 2563508.865538750775158 ], [ 577941.462564746616408, 2563558.865538750775158 ] ] ] ] } },
{ "type": "Feature", "properties": { "id": 526.0, "temple": 0.0, "parking": 0.0, "junction": 0.0, "building": 1.0, "hotel": 0.0, "id_2": 5, "GHAT_NAME": "Shri Narasimha Ghat", "n": 1, "distance": 486.54653619670842, "Demand": 7.0, "Class": "Low" }, "geometry": { "type": "MultiPolygon", "coordinates": [ [ [ [ 577941.462564746616408, 2563503.510232398752123 ], [ 577941.462564746616408, 2563508.865538750775158 ], [ 577991.462564746616408, 2563508.865538750775158 ], [ 577991.462564746616408, 2563476.294078915379941 ], [ 577941.462564746616408, 2563503.510232398752123 ] ] ] ] } },
{ "type": "Feature", "properties": { "id": 530.0, "temple": 0.0, "parking": 0.0, "junction": 0.0, "building": 0.0, "hotel": 0.0, "id_2": 3, "GHAT_NAME": "Kabir Ghat", "n": 1, "distance": 224.95762803889357, "Demand": 6.0, "Class": "Low" }, "geometry": { "type": "MultiPolygon", "coordinates": [ [ [ [ 578041.462564746616408, 2565478.658267446793616 ], [ 578041.462564746616408, 2565458.865538750775158 ], [ 578005.994594209478237, 2565458.865538750775158 ], [ 578041.462564746616408, 2565478.658267446793616 ] ] ] ] } },
{ "type": "Feature", "properties": { "id": 531.0, "temple": 0.0, "parking": 0.0, "junction": 0.0, "building": 0.0, "hotel": 0.0, "id_2": 3, "GHAT_NAME": "Kabir Ghat", "n": 1, "distance": 176.08550938879378, "Demand": 10.0, "Class": "Low" }, "geometry": { "type": "MultiPolygon", "coordinates": [ [ [ [ 578005.994594209478237, 2565458.865538750775158 ], [ 578041.462564746616408, 2565458.865538750775158 ], [ 578041.462564746616408, 2565408.865538750775158 ], [ 577991.462564746616408, 2565408.865538750775158 ], [ 577991.462564746616408, 2565450.756010288838297 ], [ 578005.994594209478237, 2565458.865538750775158 ] ] ] ] } },
{ "type": "Feature", "properties": { "id": 532.0, "temple": 0.0, "parking": 0.0, "junction": 0.0, "building": 2.0, "hotel": 0.0, "id_2": 3, "GHAT_NAME": "Kabir Ghat", "n": 1, "distance": 127.69219315473231, "Demand": 12.0, "Class": "Moderate" }, "geometry": { "type": "MultiPolygon", "coordinates": [ [ [ [ 577991.462564746616408, 2565408.865538750775158 ], [ 578041.462564746616408, 2565408.865538750775158 ], [ 578041.462564746616408, 2565358.865538750775158 ], [ 577991.462564746616408, 2565358.865538750775158 ], [ 577991.462564746616408, 2565408.865538750775158 ] ] ] ] } },
{ "type": "Feature", "properties": { "id": 533.0, "temple": 0.0, "parking": 0.0, "junction": 1.0, "building": 0.0, "hotel": 0.0, "id_2": 3, "GHAT_NAME": "Kabir Ghat", "n": 1, "distance": 80.413829562700698, "Demand": 12.0, "Class": "Moderate" }, "geometry": { "type": "MultiPolygon", "coordinates": [ [ [ [ 577991.462564746616408, 2565358.865538750775158 ], [ 578041.462564746616408, 2565358.865538750775158 ], [ 578041.462564746616408, 2565308.865538750775158 ], [ 577991.462564746616408, 2565308.865538750775158 ], [ 577991.462564746616408, 2565358.865538750775158 ] ] ] ] } },
{ "type": "Feature", "properties": { "id": 534.0, "temple": 0.0, "parking": 0.0, "junction": 0.0, "building": 0.0, "hotel": 0.0, "id_2": 3, "GHAT_NAME": "Kabir Ghat", "n": 1, "distance": 40.341935714745865, "Demand": 2.0, "Class": "Very Low" }, "geometry": { "type": "MultiPolygon", "coordinates": [ [ [ [ 577991.462564746616408, 2565308.865538750775158 ], [ 578041.462564746616408, 2565308.865538750775158 ], [ 578041.462564746616408, 2565258.865538750775158 ], [ 577991.462564746616408, 2565258.865538750775158 ], [ 577991.462564746616408, 2565308.865538750775158 ] ] ] ] } },
{ "type": "Feature", "properties": { "id": 535.0, "temple": 0.0, "parking": 0.0, "junction": 0.0, "building": 0.0, "hotel": 0.0, "id_2": 3, "GHAT_NAME": "Kabir Ghat", "n": 1, "distance": 32.869754268438555, "Demand": 2.0, "Class": "Very Low" }, "geometry": { "type": "MultiPolygon", "coordinates": [ [ [ [ 577991.462564746616408, 2565258.865538750775158 ], [ 578041.462564746616408, 2565258.865538750775158 ], [ 578041.462564746616408, 2565208.865538750775158 ], [ 577991.462564746616408, 2565208.865538750775158 ], [ 577991.462564746616408, 2565258.865538750775158 ] ] ] ] } },
{ "type": "Feature", "properties": { "id": 536.0, "temple": 0.0, "parking": 0.0, "junction": 0.0, "building": 0.0, "hotel": 0.0, "id_2": 3, "GHAT_NAME": "Kabir Ghat", "n": 1, "distance": 37.937936006260259, "Demand": 2.0, "Class": "Very Low" }, "geometry": { "type": "MultiPolygon", "coordinates": [ [ [ [ 577991.462564746616408, 2565208.865538750775158 ], [ 578041.462564746616408, 2565208.865538750775158 ], [ 578041.462564746616408, 2565158.865538750775158 ], [ 577991.462564746616408, 2565158.865538750775158 ], [ 577991.462564746616408, 2565208.865538750775158 ] ] ] ] } },
{ "type": "Feature", "properties": { "id": 537.0, "temple": 0.0, "parking": 0.0, "junction": 0.0, "building": 0.0, "hotel": 0.0, "id_2": 3, "GHAT_NAME": "Kabir Ghat", "n": 1, "distance": 49.153807880761732, "Demand": 2.0, "Class": "Very Low" }, "geometry": { "type": "MultiPolygon", "coordinates": [ [ [ [ 577991.462564746616408, 2565158.865538750775158 ], [ 578041.462564746616408, 2565158.865538750775158 ], [ 578041.462564746616408, 2565108.865538750775158 ], [ 577991.462564746616408, 2565108.865538750775158 ], [ 577991.462564746616408, 2565158.865538750775158 ] ] ] ] } },
{ "type": "Feature", "properties": { "id": 538.0, "temple": 0.0, "parking": 0.0, "junction": 0.0, "building": 0.0, "hotel": 0.0, "id_2": 3, "GHAT_NAME": "Kabir Ghat", "n": 1, "distance": 60.849467330398348, "Demand": 10.0, "Class": "Low" }, "geometry": { "type": "MultiPolygon", "coordinates": [ [ [ [ 577991.462564746616408, 2565108.865538750775158 ], [ 578041.462564746616408, 2565108.865538750775158 ], [ 578041.462564746616408, 2565058.865538750775158 ], [ 577991.462564746616408, 2565058.865538750775158 ], [ 577991.462564746616408, 2565108.865538750775158 ] ] ] ] } },
{ "type": "Feature", "properties": { "id": 539.0, "temple": 0.0, "parking": 0.0, "junction": 0.0, "building": 0.0, "hotel": 0.0, "id_2": 3, "GHAT_NAME": "Kabir Ghat", "n": 1, "distance": 72.856204942966997, "Demand": 10.0, "Class": "Low" }, "geometry": { "type": "MultiPolygon", "coordinates": [ [ [ [ 577991.462564746616408, 2565058.865538750775158 ], [ 578041.462564746616408, 2565058.865538750775158 ], [ 578041.462564746616408, 2565008.865538750775158 ], [ 577991.462564746616408, 2565008.865538750775158 ], [ 577991.462564746616408, 2565058.865538750775158 ] ] ] ] } },
{ "type": "Feature", "properties": { "id": 540.0, "temple": 0.0, "parking": 0.0, "junction": 0.0, "building": 0.0, "hotel": 0.0, "id_2": 3, "GHAT_NAME": "Kabir Ghat", "n": 1, "distance": 84.459348987089754, "Demand": 10.0, "Class": "Low" }, "geometry": { "type": "MultiPolygon", "coordinates": [ [ [ [ 577991.462564746616408, 2565008.865538750775158 ], [ 578041.462564746616408, 2565008.865538750775158 ], [ 578041.462564746616408, 2564958.865538750775158 ], [ 577991.462564746616408, 2564958.865538750775158 ], [ 577991.462564746616408, 2565008.865538750775158 ] ] ] ] } },
{ "type": "Feature", "properties": { "id": 541.0, "temple": 0.0, "parking": 0.0, "junction": 0.0, "building": 1.0, "hotel": 0.0, "id_2": 3, "GHAT_NAME": "Kabir Ghat", "n": 1, "distance": 95.016627750782916, "Demand": 11.0, "Class": "Moderate" }, "geometry": { "type": "MultiPolygon", "coordinates": [ [ [ [ 577991.462564746616408, 2564958.865538750775158 ], [ 578041.462564746616408, 2564958.865538750775158 ], [ 578041.462564746616408, 2564908.865538750775158 ], [ 577991.462564746616408, 2564908.865538750775158 ], [ 577991.462564746616408, 2564958.865538750775158 ] ] ] ] } },
{ "type": "Feature", "properties": { "id": 542.0, "temple": 0.0, "parking": 0.0, "junction": 2.0, "building": 2.0, "hotel": 0.0, "id_2": 3, "GHAT_NAME": "Kabir Ghat", "n": 1, "distance": 106.38300675217192, "Demand": 16.0, "Class": "High" }, "geometry": { "type": "MultiPolygon", "coordinates": [ [ [ [ 577991.462564746616408, 2564908.865538750775158 ], [ 578041.462564746616408, 2564908.865538750775158 ], [ 578041.462564746616408, 2564858.865538750775158 ], [ 577991.462564746616408, 2564858.865538750775158 ], [ 577991.462564746616408, 2564908.865538750775158 ] ] ] ] } },
{ "type": "Feature", "properties": { "id": 543.0, "temple": 0.0, "parking": 0.0, "junction": 0.0, "building": 1.0, "hotel": 0.0, "id_2": 1, "GHAT_NAME": "Sunheri Ghat", "n": 1, "distance": 107.47558849176501, "Demand": 11.0, "Class": "Moderate" }, "geometry": { "type": "MultiPolygon", "coordinates": [ [ [ [ 577991.462564746616408, 2564858.865538750775158 ], [ 578041.462564746616408, 2564858.865538750775158 ], [ 578041.462564746616408, 2564808.865538750775158 ], [ 577991.462564746616408, 2564808.865538750775158 ], [ 577991.462564746616408, 2564858.865538750775158 ] ] ] ] } },
{ "type": "Feature", "properties": { "id": 544.0, "temple": 0.0, "parking": 0.0, "junction": 0.0, "building": 1.0, "hotel": 0.0, "id_2": 1, "GHAT_NAME": "Sunheri Ghat", "n": 1, "distance": 112.85878895101631, "Demand": 11.0, "Class": "Moderate" }, "geometry": { "type": "MultiPolygon", "coordinates": [ [ [ [ 577991.462564746616408, 2564808.865538750775158 ], [ 578041.462564746616408, 2564808.865538750775158 ], [ 578041.462564746616408, 2564758.865538750775158 ], [ 577991.462564746616408, 2564758.865538750775158 ], [ 577991.462564746616408, 2564808.865538750775158 ] ] ] ] } },
{ "type": "Feature", "properties": { "id": 545.0, "temple": 0.0, "parking": 0.0, "junction": 0.0, "building": 1.0, "hotel": 0.0, "id_2": 1, "GHAT_NAME": "Sunheri Ghat", "n": 1, "distance": 118.34829447010502, "Demand": 11.0, "Class": "Moderate" }, "geometry": { "type": "MultiPolygon", "coordinates": [ [ [ [ 577991.462564746616408, 2564758.865538750775158 ], [ 578041.462564746616408, 2564758.865538750775158 ], [ 578041.462564746616408, 2564708.865538750775158 ], [ 577991.462564746616408, 2564708.865538750775158 ], [ 577991.462564746616408, 2564758.865538750775158 ] ] ] ] } },
{ "type": "Feature", "properties": { "id": 546.0, "temple": 0.0, "parking": 0.0, "junction": 0.0, "building": 0.0, "hotel": 0.0, "id_2": 1, "GHAT_NAME": "Sunheri Ghat", "n": 1, "distance": 118.48190007009543, "Demand": 10.0, "Class": "Low" }, "geometry": { "type": "MultiPolygon", "coordinates": [ [ [ [ 577991.462564746616408, 2564708.865538750775158 ], [ 578041.462564746616408, 2564708.865538750775158 ], [ 578041.462564746616408, 2564658.865538750775158 ], [ 577991.462564746616408, 2564658.865538750775158 ], [ 577991.462564746616408, 2564708.865538750775158 ] ] ] ] } },
{ "type": "Feature", "properties": { "id": 547.0, "temple": 0.0, "parking": 0.0, "junction": 0.0, "building": 0.0, "hotel": 0.0, "id_2": 1, "GHAT_NAME": "Sunheri Ghat", "n": 1, "distance": 119.72235029717484, "Demand": 10.0, "Class": "Low" }, "geometry": { "type": "MultiPolygon", "coordinates": [ [ [ [ 577991.462564746616408, 2564658.865538750775158 ], [ 578041.462564746616408, 2564658.865538750775158 ], [ 578041.462564746616408, 2564608.865538750775158 ], [ 577991.462564746616408, 2564608.865538750775158 ], [ 577991.462564746616408, 2564658.865538750775158 ] ] ] ] } },
{ "type": "Feature", "properties": { "id": 548.0, "temple": 0.0, "parking": 0.0, "junction": 0.0, "building": 0.0, "hotel": 0.0, "id_2": 2, "GHAT_NAME": "Shipra Ghat", "n": 1, "distance": 125.91514924305419, "Demand": 10.0, "Class": "Low" }, "geometry": { "type": "MultiPolygon", "coordinates": [ [ [ [ 577991.462564746616408, 2564608.865538750775158 ], [ 578041.462564746616408, 2564608.865538750775158 ], [ 578041.462564746616408, 2564558.865538750775158 ], [ 577991.462564746616408, 2564558.865538750775158 ], [ 577991.462564746616408, 2564608.865538750775158 ] ] ] ] } },
{ "type": "Feature", "properties": { "id": 549.0, "temple": 0.0, "parking": 0.0, "junction": 0.0, "building": 0.0, "hotel": 0.0, "id_2": 2, "GHAT_NAME": "Shipra Ghat", "n": 1, "distance": 110.24077148378701, "Demand": 10.0, "Class": "Low" }, "geometry": { "type": "MultiPolygon", "coordinates": [ [ [ [ 577991.462564746616408, 2564558.865538750775158 ], [ 578041.462564746616408, 2564558.865538750775158 ], [ 578041.462564746616408, 2564508.865538750775158 ], [ 577991.462564746616408, 2564508.865538750775158 ], [ 577991.462564746616408, 2564558.865538750775158 ] ] ] ] } },
{ "type": "Feature", "properties": { "id": 550.0, "temple": 0.0, "parking": 0.0, "junction": 0.0, "building": 0.0, "hotel": 0.0, "id_2": 2, "GHAT_NAME": "Shipra Ghat", "n": 1, "distance": 91.800384401358784, "Demand": 10.0, "Class": "Low" }, "geometry": { "type": "MultiPolygon", "coordinates": [ [ [ [ 577991.462564746616408, 2564508.865538750775158 ], [ 578041.462564746616408, 2564508.865538750775158 ], [ 578041.462564746616408, 2564458.865538750775158 ], [ 577991.462564746616408, 2564458.865538750775158 ], [ 577991.462564746616408, 2564508.865538750775158 ] ] ] ] } },
{ "type": "Feature", "properties": { "id": 551.0, "temple": 0.0, "parking": 0.0, "junction": 0.0, "building": 0.0, "hotel": 0.0, "id_2": 2, "GHAT_NAME": "Shipra Ghat", "n": 1, "distance": 72.983194728041667, "Demand": 10.0, "Class": "Low" }, "geometry": { "type": "MultiPolygon", "coordinates": [ [ [ [ 577991.462564746616408, 2564458.865538750775158 ], [ 578041.462564746616408, 2564458.865538750775158 ], [ 578041.462564746616408, 2564408.865538750775158 ], [ 577991.462564746616408, 2564408.865538750775158 ], [ 577991.462564746616408, 2564458.865538750775158 ] ] ] ] } },
{ "type": "Feature", "properties": { "id": 552.0, "temple": 0.0, "parking": 0.0, "junction": 0.0, "building": 1.0, "hotel": 1.0, "id_2": 7, "GHAT_NAME": "Shri Guru Nanak Ghat", "n": 1, "distance": 57.200592605095771, "Demand": 13.0, "Class": "Moderate" }, "geometry": { "type": "MultiPolygon", "coordinates": [ [ [ [ 577991.462564746616408, 2564408.865538750775158 ], [ 578041.462564746616408, 2564408.865538750775158 ], [ 578041.462564746616408, 2564358.865538750775158 ], [ 577991.462564746616408, 2564358.865538750775158 ], [ 577991.462564746616408, 2564408.865538750775158 ] ] ] ] } },
{ "type": "Feature", "properties": { "id": 553.0, "temple": 0.0, "parking": 0.0, "junction": 0.0, "building": 0.0, "hotel": 0.0, "id_2": 7, "GHAT_NAME": "Shri Guru Nanak Ghat", "n": 1, "distance": 28.037081687898493, "Demand": 2.0, "Class": "Very Low" }, "geometry": { "type": "MultiPolygon", "coordinates": [ [ [ [ 577991.462564746616408, 2564358.865538750775158 ], [ 578041.462564746616408, 2564358.865538750775158 ], [ 578041.462564746616408, 2564308.865538750775158 ], [ 577991.462564746616408, 2564308.865538750775158 ], [ 577991.462564746616408, 2564358.865538750775158 ] ] ] ] } },
{ "type": "Feature", "properties": { "id": 554.0, "temple": 0.0, "parking": 0.0, "junction": 0.0, "building": 0.0, "hotel": 0.0, "id_2": 7, "GHAT_NAME": "Shri Guru Nanak Ghat", "n": 1, "distance": 0.0, "Demand": 2.0, "Class": "Very Low" }, "geometry": { "type": "MultiPolygon", "coordinates": [ [ [ [ 577991.462564746616408, 2564308.865538750775158 ], [ 578041.462564746616408, 2564308.865538750775158 ], [ 578041.462564746616408, 2564258.865538750775158 ], [ 577991.462564746616408, 2564258.865538750775158 ], [ 577991.462564746616408, 2564308.865538750775158 ] ] ] ] } },
{ "type": "Feature", "properties": { "id": 555.0, "temple": 0.0, "parking": 0.0, "junction": 1.0, "building": 0.0, "hotel": 0.0, "id_2": 7, "GHAT_NAME": "Shri Guru Nanak Ghat", "n": 1, "distance": 0.0, "Demand": 4.0, "Class": "Very Low" }, "geometry": { "type": "MultiPolygon", "coordinates": [ [ [ [ 577991.462564746616408, 2564258.865538750775158 ], [ 578041.462564746616408, 2564258.865538750775158 ], [ 578041.462564746616408, 2564208.865538750775158 ], [ 577991.462564746616408, 2564208.865538750775158 ], [ 577991.462564746616408, 2564258.865538750775158 ] ] ] ] } },
{ "type": "Feature", "properties": { "id": 556.0, "temple": 0.0, "parking": 0.0, "junction": 0.0, "building": 0.0, "hotel": 0.0, "id_2": 4, "GHAT_NAME": "Maharishi Sant Balinath Ghat", "n": 1, "distance": 0.0, "Demand": 2.0, "Class": "Very Low" }, "geometry": { "type": "MultiPolygon", "coordinates": [ [ [ [ 577991.462564746616408, 2564208.865538750775158 ], [ 578041.462564746616408, 2564208.865538750775158 ], [ 578041.462564746616408, 2564158.865538750775158 ], [ 577991.462564746616408, 2564158.865538750775158 ], [ 577991.462564746616408, 2564208.865538750775158 ] ] ] ] } },
{ "type": "Feature", "properties": { "id": 557.0, "temple": 0.0, "parking": 0.0, "junction": 0.0, "building": 1.0, "hotel": 0.0, "id_2": 4, "GHAT_NAME": "Maharishi Sant Balinath Ghat", "n": 1, "distance": 0.0, "Demand": 3.0, "Class": "Very Low" }, "geometry": { "type": "MultiPolygon", "coordinates": [ [ [ [ 577991.462564746616408, 2564158.865538750775158 ], [ 578041.462564746616408, 2564158.865538750775158 ], [ 578041.462564746616408, 2564108.865538750775158 ], [ 577991.462564746616408, 2564108.865538750775158 ], [ 577991.462564746616408, 2564158.865538750775158 ] ] ] ] } },
{ "type": "Feature", "properties": { "id": 558.0, "temple": 0.0, "parking": 0.0, "junction": 0.0, "building": 1.0, "hotel": 0.0, "id_2": 4, "GHAT_NAME": "Maharishi Sant Balinath Ghat", "n": 1, "distance": 18.387884802629635, "Demand": 3.0, "Class": "Very Low" }, "geometry": { "type": "MultiPolygon", "coordinates": [ [ [ [ 577991.462564746616408, 2564108.865538750775158 ], [ 578041.462564746616408, 2564108.865538750775158 ], [ 578041.462564746616408, 2564058.865538750775158 ], [ 577991.462564746616408, 2564058.865538750775158 ], [ 577991.462564746616408, 2564108.865538750775158 ] ] ] ] } },
{ "type": "Feature", "properties": { "id": 559.0, "temple": 0.0, "parking": 0.0, "junction": 0.0, "building": 2.0, "hotel": 0.0, "id_2": 4, "GHAT_NAME": "Maharishi Sant Balinath Ghat", "n": 1, "distance": 57.878504015131035, "Demand": 12.0, "Class": "Moderate" }, "geometry": { "type": "MultiPolygon", "coordinates": [ [ [ [ 577991.462564746616408, 2564058.865538750775158 ], [ 578041.462564746616408, 2564058.865538750775158 ], [ 578041.462564746616408, 2564008.865538750775158 ], [ 577991.462564746616408, 2564008.865538750775158 ], [ 577991.462564746616408, 2564058.865538750775158 ] ] ] ] } },
{ "type": "Feature", "properties": { "id": 560.0, "temple": 0.0, "parking": 0.0, "junction": 0.0, "building": 0.0, "hotel": 0.0, "id_2": 5, "GHAT_NAME": "Shri Narasimha Ghat", "n": 1, "distance": 95.443959904588468, "Demand": 10.0, "Class": "Low" }, "geometry": { "type": "MultiPolygon", "coordinates": [ [ [ [ 577991.462564746616408, 2564008.865538750775158 ], [ 578041.462564746616408, 2564008.865538750775158 ], [ 578041.462564746616408, 2563958.865538750775158 ], [ 577991.462564746616408, 2563958.865538750775158 ], [ 577991.462564746616408, 2564008.865538750775158 ] ] ] ] } },
{ "type": "Feature", "properties": { "id": 561.0, "temple": 0.0, "parking": 0.0, "junction": 4.0, "building": 0.0, "hotel": 0.0, "id_2": 5, "GHAT_NAME": "Shri Narasimha Ghat", "n": 1, "distance": 126.99834242901962, "Demand": 18.0, "Class": "High" }, "geometry": { "type": "MultiPolygon", "coordinates": [ [ [ [ 577991.462564746616408, 2563958.865538750775158 ], [ 578041.462564746616408, 2563958.865538750775158 ], [ 578041.462564746616408, 2563908.865538750775158 ], [ 577991.462564746616408, 2563908.865538750775158 ], [ 577991.462564746616408, 2563958.865538750775158 ] ] ] ] } },
{ "type": "Feature", "properties": { "id": 562.0, "temple": 0.0, "parking": 0.0, "junction": 0.0, "building": 0.0, "hotel": 0.0, "id_2": 5, "GHAT_NAME": "Shri Narasimha Ghat", "n": 1, "distance": 149.68907793434926, "Demand": 10.0, "Class": "Low" }, "geometry": { "type": "MultiPolygon", "coordinates": [ [ [ [ 577991.462564746616408, 2563908.865538750775158 ], [ 578041.462564746616408, 2563908.865538750775158 ], [ 578041.462564746616408, 2563858.865538750775158 ], [ 577991.462564746616408, 2563858.865538750775158 ], [ 577991.462564746616408, 2563908.865538750775158 ] ] ] ] } },
{ "type": "Feature", "properties": { "id": 563.0, "temple": 0.0, "parking": 0.0, "junction": 0.0, "building": 1.0, "hotel": 1.0, "id_2": 5, "GHAT_NAME": "Shri Narasimha Ghat", "n": 1, "distance": 181.55313010727301, "Demand": 13.0, "Class": "Moderate" }, "geometry": { "type": "MultiPolygon", "coordinates": [ [ [ [ 577991.462564746616408, 2563858.865538750775158 ], [ 578041.462564746616408, 2563858.865538750775158 ], [ 578041.462564746616408, 2563808.865538750775158 ], [ 577991.462564746616408, 2563808.865538750775158 ], [ 577991.462564746616408, 2563858.865538750775158 ] ] ] ] } },
{ "type": "Feature", "properties": { "id": 564.0, "temple": 0.0, "parking": 0.0, "junction": 1.0, "building": 1.0, "hotel": 0.0, "id_2": 5, "GHAT_NAME": "Shri Narasimha Ghat", "n": 1, "distance": 220.26406436516405, "Demand": 9.0, "Class": "Low" }, "geometry": { "type": "MultiPolygon", "coordinates": [ [ [ [ 577991.462564746616408, 2563808.865538750775158 ], [ 578041.462564746616408, 2563808.865538750775158 ], [ 578041.462564746616408, 2563758.865538750775158 ], [ 577991.462564746616408, 2563758.865538750775158 ], [ 577991.462564746616408, 2563808.865538750775158 ] ] ] ] } },
{ "type": "Feature", "properties": { "id": 565.0, "temple": 0.0, "parking": 0.0, "junction": 0.0, "building": 3.0, "hotel": 0.0, "id_2": 5, "GHAT_NAME": "Shri Narasimha Ghat", "n": 1, "distance": 262.81357851065047, "Demand": 9.0, "Class": "Low" }, "geometry": { "type": "MultiPolygon", "coordinates": [ [ [ [ 577991.462564746616408, 2563758.865538750775158 ], [ 578041.462564746616408, 2563758.865538750775158 ], [ 578041.462564746616408, 2563708.865538750775158 ], [ 577991.462564746616408, 2563708.865538750775158 ], [ 577991.462564746616408, 2563758.865538750775158 ] ] ] ] } },
{ "type": "Feature", "properties": { "id": 566.0, "temple": 0.0, "parking": 0.0, "junction": 0.0, "building": 1.0, "hotel": 0.0, "id_2": 5, "GHAT_NAME": "Shri Narasimha Ghat", "n": 1, "distance": 307.6128996782914, "Demand": 7.0, "Class": "Low" }, "geometry": { "type": "MultiPolygon", "coordinates": [ [ [ [ 577991.462564746616408, 2563708.865538750775158 ], [ 578041.462564746616408, 2563708.865538750775158 ], [ 578041.462564746616408, 2563658.865538750775158 ], [ 577991.462564746616408, 2563658.865538750775158 ], [ 577991.462564746616408, 2563708.865538750775158 ] ] ] ] } },
{ "type": "Feature", "properties": { "id": 567.0, "temple": 0.0, "parking": 0.0, "junction": 0.0, "building": 0.0, "hotel": 0.0, "id_2": 5, "GHAT_NAME": "Shri Narasimha Ghat", "n": 1, "distance": 353.80844400239982, "Demand": 6.0, "Class": "Low" }, "geometry": { "type": "MultiPolygon", "coordinates": [ [ [ [ 577991.462564746616408, 2563658.865538750775158 ], [ 578041.462564746616408, 2563658.865538750775158 ], [ 578041.462564746616408, 2563608.865538750775158 ], [ 577991.462564746616408, 2563608.865538750775158 ], [ 577991.462564746616408, 2563658.865538750775158 ] ] ] ] } },
{ "type": "Feature", "properties": { "id": 568.0, "temple": 0.0, "parking": 0.0, "junction": 0.0, "building": 1.0, "hotel": 0.0, "id_2": 5, "GHAT_NAME": "Shri Narasimha Ghat", "n": 1, "distance": 400.91786446392234, "Demand": 7.0, "Class": "Low" }, "geometry": { "type": "MultiPolygon", "coordinates": [ [ [ [ 577991.462564746616408, 2563608.865538750775158 ], [ 578041.462564746616408, 2563608.865538750775158 ], [ 578041.462564746616408, 2563558.865538750775158 ], [ 577991.462564746616408, 2563558.865538750775158 ], [ 577991.462564746616408, 2563608.865538750775158 ] ] ] ] } },
{ "type": "Feature", "properties": { "id": 569.0, "temple": 0.0, "parking": 0.0, "junction": 0.0, "building": 1.0, "hotel": 0.0, "id_2": 5, "GHAT_NAME": "Shri Narasimha Ghat", "n": 1, "distance": 448.65337739197361, "Demand": 7.0, "Class": "Low" }, "geometry": { "type": "MultiPolygon", "coordinates": [ [ [ [ 577991.462564746616408, 2563558.865538750775158 ], [ 578041.462564746616408, 2563558.865538750775158 ], [ 578041.462564746616408, 2563508.865538750775158 ], [ 577991.462564746616408, 2563508.865538750775158 ], [ 577991.462564746616408, 2563558.865538750775158 ] ] ] ] } },
{ "type": "Feature", "properties": { "id": 570.0, "temple": 0.0, "parking": 0.0, "junction": 0.0, "building": 0.0, "hotel": 0.0, "id_2": 5, "GHAT_NAME": "Shri Narasimha Ghat", "n": 1, "distance": 496.83455198298907, "Demand": 6.0, "Class": "Low" }, "geometry": { "type": "MultiPolygon", "coordinates": [ [ [ [ 577991.462564746616408, 2563476.294078915379941 ], [ 577991.462564746616408, 2563508.865538750775158 ], [ 578041.462564746616408, 2563508.865538750775158 ], [ 578041.462564746616408, 2563458.865538750775158 ], [ 578023.481307172798552, 2563458.865538750775158 ], [ 577991.462564746616408, 2563476.294078915379941 ] ] ] ] } },
{ "type": "Feature", "properties": { "id": 571.0, "temple": 0.0, "parking": 0.0, "junction": 0.0, "building": 0.0, "hotel": 0.0, "id_2": 5, "GHAT_NAME": "Shri Narasimha Ghat", "n": 1, "distance": 553.62814784864327, "Demand": 2.0, "Class": "Very Low" }, "geometry": { "type": "MultiPolygon", "coordinates": [ [ [ [ 578023.481307172798552, 2563458.865538750775158 ], [ 578041.462564746616408, 2563458.865538750775158 ], [ 578041.462564746616408, 2563449.077925431542099 ], [ 578023.481307172798552, 2563458.865538750775158 ] ] ] ] } },
{ "type": "Feature", "properties": { "id": 574.0, "temple": 0.0, "parking": 0.0, "junction": 0.0, "building": 1.0, "hotel": 0.0, "id_2": 10, "GHAT_NAME": "Chakra Tirth Ghat", "n": 1, "distance": 219.81354642098, "Demand": 7.0, "Class": "Low" }, "geometry": { "type": "MultiPolygon", "coordinates": [ [ [ [ 578086.115559365483932, 2565503.576654221862555 ], [ 578091.462564746616408, 2565504.521765555720776 ], [ 578091.462564746616408, 2565458.865538750775158 ], [ 578041.462564746616408, 2565458.865538750775158 ], [ 578041.462564746616408, 2565478.658267446793616 ], [ 578086.115559365483932, 2565503.576654221862555 ] ] ] ] } },
{ "type": "Feature", "properties": { "id": 575.0, "temple": 0.0, "parking": 0.0, "junction": 0.0, "building": 0.0, "hotel": 0.0, "id_2": 3, "GHAT_NAME": "Kabir Ghat", "n": 1, "distance": 170.99827796174213, "Demand": 10.0, "Class": "Low" }, "geometry": { "type": "MultiPolygon", "coordinates": [ [ [ [ 578041.462564746616408, 2565458.865538750775158 ], [ 578091.462564746616408, 2565458.865538750775158 ], [ 578091.462564746616408, 2565408.865538750775158 ], [ 578041.462564746616408, 2565408.865538750775158 ], [ 578041.462564746616408, 2565458.865538750775158 ] ] ] ] } },
{ "type": "Feature", "properties": { "id": 576.0, "temple": 0.0, "parking": 0.0, "junction": 0.0, "building": 0.0, "hotel": 0.0, "id_2": 3, "GHAT_NAME": "Kabir Ghat", "n": 1, "distance": 120.99827796174213, "Demand": 10.0, "Class": "Low" }, "geometry": { "type": "MultiPolygon", "coordinates": [ [ [ [ 578041.462564746616408, 2565408.865538750775158 ], [ 578091.462564746616408, 2565408.865538750775158 ], [ 578091.462564746616408, 2565358.865538750775158 ], [ 578041.462564746616408, 2565358.865538750775158 ], [ 578041.462564746616408, 2565408.865538750775158 ] ] ] ] } },
{ "type": "Feature", "properties": { "id": 577.0, "temple": 0.0, "parking": 0.0, "junction": 0.0, "building": 0.0, "hotel": 0.0, "id_2": 3, "GHAT_NAME": "Kabir Ghat", "n": 1, "distance": 70.998277961742133, "Demand": 10.0, "Class": "Low" }, "geometry": { "type": "MultiPolygon", "coordinates": [ [ [ [ 578041.462564746616408, 2565358.865538750775158 ], [ 578091.462564746616408, 2565358.865538750775158 ], [ 578091.462564746616408, 2565308.865538750775158 ], [ 578041.462564746616408, 2565308.865538750775158 ], [ 578041.462564746616408, 2565358.865538750775158 ] ] ] ] } },
{ "type": "Feature", "properties": { "id": 578.0, "temple": 0.0, "parking": 0.0, "junction": 0.0, "building": 0.0, "hotel": 0.0, "id_2": 3, "GHAT_NAME": "Kabir Ghat", "n": 1, "distance": 20.998277961742133, "Demand": 2.0, "Class": "Very Low" }, "geometry": { "type": "MultiPolygon", "coordinates": [ [ [ [ 578041.462564746616408, 2565308.865538750775158 ], [ 578091.462564746616408, 2565308.865538750775158 ], [ 578091.462564746616408, 2565258.865538750775158 ], [ 578041.462564746616408, 2565258.865538750775158 ], [ 578041.462564746616408, 2565308.865538750775158 ] ] ] ] } },
{ "type": "Feature", "properties": { "id": 579.0, "temple": 0.0, "parking": 0.0, "junction": 0.0, "building": 1.0, "hotel": 0.0, "id_2": 3, "GHAT_NAME": "Kabir Ghat", "n": 1, "distance": 0.0, "Demand": 3.0, "Class": "Very Low" }, "geometry": { "type": "MultiPolygon", "coordinates": [ [ [ [ 578041.462564746616408, 2565258.865538750775158 ], [ 578091.462564746616408, 2565258.865538750775158 ], [ 578091.462564746616408, 2565208.865538750775158 ], [ 578041.462564746616408, 2565208.865538750775158 ], [ 578041.462564746616408, 2565258.865538750775158 ] ] ] ] } },
{ "type": "Feature", "properties": { "id": 580.0, "temple": 0.0, "parking": 0.0, "junction": 0.0, "building": 0.0, "hotel": 0.0, "id_2": 3, "GHAT_NAME": "Kabir Ghat", "n": 1, "distance": 0.0, "Demand": 2.0, "Class": "Very Low" }, "geometry": { "type": "MultiPolygon", "coordinates": [ [ [ [ 578041.462564746616408, 2565208.865538750775158 ], [ 578091.462564746616408, 2565208.865538750775158 ], [ 578091.462564746616408, 2565158.865538750775158 ], [ 578041.462564746616408, 2565158.865538750775158 ], [ 578041.462564746616408, 2565208.865538750775158 ] ] ] ] } },
{ "type": "Feature", "properties": { "id": 581.0, "temple": 0.0, "parking": 0.0, "junction": 0.0, "building": 0.0, "hotel": 0.0, "id_2": 3, "GHAT_NAME": "Kabir Ghat", "n": 1, "distance": 0.49713542004607703, "Demand": 2.0, "Class": "Very Low" }, "geometry": { "type": "MultiPolygon", "coordinates": [ [ [ [ 578041.462564746616408, 2565158.865538750775158 ], [ 578091.462564746616408, 2565158.865538750775158 ], [ 578091.462564746616408, 2565108.865538750775158 ], [ 578041.462564746616408, 2565108.865538750775158 ], [ 578041.462564746616408, 2565158.865538750775158 ] ] ] ] } },
{ "type": "Feature", "properties": { "id": 582.0, "temple": 0.0, "parking": 0.0, "junction": 0.0, "building": 0.0, "hotel": 0.0, "id_2": 3, "GHAT_NAME": "Kabir Ghat", "n": 1, "distance": 12.31736884042847, "Demand": 2.0, "Class": "Very Low" }, "geometry": { "type": "MultiPolygon", "coordinates": [ [ [ [ 578041.462564746616408, 2565108.865538750775158 ], [ 578091.462564746616408, 2565108.865538750775158 ], [ 578091.462564746616408, 2565058.865538750775158 ], [ 578041.462564746616408, 2565058.865538750775158 ], [ 578041.462564746616408, 2565108.865538750775158 ] ] ] ] } },
{ "type": "Feature", "properties": { "id": 583.0, "temple": 0.0, "parking": 0.0, "junction": 0.0, "building": 0.0, "hotel": 0.0, "id_2": 3, "GHAT_NAME": "Kabir Ghat", "n": 1, "distance": 24.306396676915615, "Demand": 2.0, "Class": "Very Low" }, "geometry": { "type": "MultiPolygon", "coordinates": [ [ [ [ 578041.462564746616408, 2565058.865538750775158 ], [ 578091.462564746616408, 2565058.865538750775158 ], [ 578091.462564746616408, 2565008.865538750775158 ], [ 578041.462564746616408, 2565008.865538750775158 ], [ 578041.462564746616408, 2565058.865538750775158 ] ] ] ] } },
{ "type": "Feature", "properties": { "id": 584.0, "temple": 0.0, "parking": 0.0, "junction": 0.0, "building": 0.0, "hotel": 0.0, "id_2": 3, "GHAT_NAME": "Kabir Ghat", "n": 1, "distance": 35.58661768319206, "Demand": 2.0, "Class": "Very Low" }, "geometry": { "type": "MultiPolygon", "coordinates": [ [ [ [ 578041.462564746616408, 2565008.865538750775158 ], [ 578091.462564746616408, 2565008.865538750775158 ], [ 578091.462564746616408, 2564958.865538750775158 ], [ 578041.462564746616408, 2564958.865538750775158 ], [ 578041.462564746616408, 2565008.865538750775158 ] ] ] ] } },
{ "type": "Feature", "properties": { "id": 585.0, "temple": 0.0, "parking": 0.0, "junction": 0.0, "building": 0.0, "hotel": 0.0, "id_2": 3, "GHAT_NAME": "Kabir Ghat", "n": 1, "distance": 46.258552317992006, "Demand": 2.0, "Class": "Very Low" }, "geometry": { "type": "MultiPolygon", "coordinates": [ [ [ [ 578041.462564746616408, 2564958.865538750775158 ], [ 578091.462564746616408, 2564958.865538750775158 ], [ 578091.462564746616408, 2564908.865538750775158 ], [ 578041.462564746616408, 2564908.865538750775158 ], [ 578041.462564746616408, 2564958.865538750775158 ] ] ] ] } },
{ "type": "Feature", "properties": { "id": 586.0, "temple": 0.0, "parking": 0.0, "junction": 0.0, "building": 0.0, "hotel": 0.0, "id_2": 1, "GHAT_NAME": "Sunheri Ghat", "n": 1, "distance": 56.899488022900186, "Demand": 10.0, "Class": "Low" }, "geometry": { "type": "MultiPolygon", "coordinates": [ [ [ [ 578041.462564746616408, 2564908.865538750775158 ], [ 578091.462564746616408, 2564908.865538750775158 ], [ 578091.462564746616408, 2564858.865538750775158 ], [ 578041.462564746616408, 2564858.865538750775158 ], [ 578041.462564746616408, 2564908.865538750775158 ] ] ] ] } },
{ "type": "Feature", "properties": { "id": 587.0, "temple": 0.0, "parking": 0.0, "junction": 3.0, "building": 3.0, "hotel": 0.0, "id_2": 1, "GHAT_NAME": "Sunheri Ghat", "n": 1, "distance": 57.714817085801023, "Demand": 19.0, "Class": "High" }, "geometry": { "type": "MultiPolygon", "coordinates": [ [ [ [ 578041.462564746616408, 2564858.865538750775158 ], [ 578091.462564746616408, 2564858.865538750775158 ], [ 578091.462564746616408, 2564808.865538750775158 ], [ 578041.462564746616408, 2564808.865538750775158 ], [ 578041.462564746616408, 2564858.865538750775158 ] ] ] ] } },
{ "type": "Feature", "properties": { "id": 588.0, "temple": 0.0, "parking": 0.0, "junction": 0.0, "building": 1.0, "hotel": 0.0, "id_2": 1, "GHAT_NAME": "Sunheri Ghat", "n": 1, "distance": 63.212926981434947, "Demand": 11.0, "Class": "Moderate" }, "geometry": { "type": "MultiPolygon", "coordinates": [ [ [ [ 578041.462564746616408, 2564808.865538750775158 ], [ 578091.462564746616408, 2564808.865538750775158 ], [ 578091.462564746616408, 2564758.865538750775158 ], [ 578041.462564746616408, 2564758.865538750775158 ], [ 578041.462564746616408, 2564808.865538750775158 ] ] ] ] } },
{ "type": "Feature", "properties": { "id": 589.0, "temple": 0.0, "parking": 0.0, "junction": 1.0, "building": 2.0, "hotel": 0.0, "id_2": 1, "GHAT_NAME": "Sunheri Ghat", "n": 1, "distance": 68.596700649473433, "Demand": 14.0, "Class": "Moderate" }, "geometry": { "type": "MultiPolygon", "coordinates": [ [ [ [ 578041.462564746616408, 2564758.865538750775158 ], [ 578091.462564746616408, 2564758.865538750775158 ], [ 578091.462564746616408, 2564708.865538750775158 ], [ 578041.462564746616408, 2564708.865538750775158 ], [ 578041.462564746616408, 2564758.865538750775158 ] ] ] ] } },
{ "type": "Feature", "properties": { "id": 590.0, "temple": 0.0, "parking": 0.0, "junction": 1.0, "building": 3.0, "hotel": 0.0, "id_2": 1, "GHAT_NAME": "Sunheri Ghat", "n": 1, "distance": 68.481900070095435, "Demand": 15.0, "Class": "Moderate" }, "geometry": { "type": "MultiPolygon", "coordinates": [ [ [ [ 578041.462564746616408, 2564708.865538750775158 ], [ 578091.462564746616408, 2564708.865538750775158 ], [ 578091.462564746616408, 2564658.865538750775158 ], [ 578041.462564746616408, 2564658.865538750775158 ], [ 578041.462564746616408, 2564708.865538750775158 ] ] ] ] } },
{ "type": "Feature", "properties": { "id": 591.0, "temple": 0.0, "parking": 0.0, "junction": 0.0, "building": 0.0, "hotel": 0.0, "id_2": 1, "GHAT_NAME": "Sunheri Ghat", "n": 1, "distance": 70.606311004540515, "Demand": 10.0, "Class": "Low" }, "geometry": { "type": "MultiPolygon", "coordinates": [ [ [ [ 578041.462564746616408, 2564658.865538750775158 ], [ 578091.462564746616408, 2564658.865538750775158 ], [ 578091.462564746616408, 2564608.865538750775158 ], [ 578041.462564746616408, 2564608.865538750775158 ], [ 578041.462564746616408, 2564658.865538750775158 ] ] ] ] } },
{ "type": "Feature", "properties": { "id": 592.0, "temple": 0.0, "parking": 0.0, "junction": 0.0, "building": 0.0, "hotel": 0.0, "id_2": 2, "GHAT_NAME": "Shipra Ghat", "n": 1, "distance": 77.321461058605877, "Demand": 10.0, "Class": "Low" }, "geometry": { "type": "MultiPolygon", "coordinates": [ [ [ [ 578041.462564746616408, 2564608.865538750775158 ], [ 578091.462564746616408, 2564608.865538750775158 ], [ 578091.462564746616408, 2564558.865538750775158 ], [ 578041.462564746616408, 2564558.865538750775158 ], [ 578041.462564746616408, 2564608.865538750775158 ] ] ] ] } },
{ "type": "Feature", "properties": { "id": 593.0, "temple": 0.0, "parking": 0.0, "junction": 0.0, "building": 0.0, "hotel": 0.0, "id_2": 2, "GHAT_NAME": "Shipra Ghat", "n": 1, "distance": 63.546520602939843, "Demand": 10.0, "Class": "Low" }, "geometry": { "type": "MultiPolygon", "coordinates": [ [ [ [ 578041.462564746616408, 2564558.865538750775158 ], [ 578091.462564746616408, 2564558.865538750775158 ], [ 578091.462564746616408, 2564508.865538750775158 ], [ 578041.462564746616408, 2564508.865538750775158 ], [ 578041.462564746616408, 2564558.865538750775158 ] ] ] ] } },
{ "type": "Feature", "properties": { "id": 594.0, "temple": 0.0, "parking": 0.0, "junction": 1.0, "building": 0.0, "hotel": 0.0, "id_2": 2, "GHAT_NAME": "Shipra Ghat", "n": 1, "distance": 45.476380118526563, "Demand": 4.0, "Class": "Very Low" }, "geometry": { "type": "MultiPolygon", "coordinates": [ [ [ [ 578041.462564746616408, 2564508.865538750775158 ], [ 578091.462564746616408, 2564508.865538750775158 ], [ 578091.462564746616408, 2564458.865538750775158 ], [ 578041.462564746616408, 2564458.865538750775158 ], [ 578041.462564746616408, 2564508.865538750775158 ] ] ] ] } },
{ "type": "Feature", "properties": { "id": 595.0, "temple": 0.0, "parking": 0.0, "junction": 0.0, "building": 2.0, "hotel": 1.0, "id_2": 2, "GHAT_NAME": "Shipra Ghat", "n": 1, "distance": 26.65919044520944, "Demand": 6.0, "Class": "Low" }, "geometry": { "type": "MultiPolygon", "coordinates": [ [ [ [ 578041.462564746616408, 2564458.865538750775158 ], [ 578091.462564746616408, 2564458.865538750775158 ], [ 578091.462564746616408, 2564408.865538750775158 ], [ 578041.462564746616408, 2564408.865538750775158 ], [ 578041.462564746616408, 2564458.865538750775158 ] ] ] ] } },
{ "type": "Feature", "properties": { "id": 596.0, "temple": 0.0, "parking": 0.0, "junction": 0.0, "building": 1.0, "hotel": 0.0, "id_2": 7, "GHAT_NAME": "Shri Guru Nanak Ghat", "n": 1, "distance": 10.634779786932057, "Demand": 3.0, "Class": "Very Low" }, "geometry": { "type": "MultiPolygon", "coordinates": [ [ [ [ 578041.462564746616408, 2564408.865538750775158 ], [ 578091.462564746616408, 2564408.865538750775158 ], [ 578091.462564746616408, 2564358.865538750775158 ], [ 578041.462564746616408, 2564358.865538750775158 ], [ 578041.462564746616408, 2564408.865538750775158 ] ] ] ] } },
{ "type": "Feature", "properties": { "id": 597.0, "temple": 0.0, "parking": 0.0, "junction": 0.0, "building": 1.0, "hotel": 0.0, "id_2": 7, "GHAT_NAME": "Shri Guru Nanak Ghat", "n": 1, "distance": 0.0, "Demand": 3.0, "Class": "Very Low" }, "geometry": { "type": "MultiPolygon", "coordinates": [ [ [ [ 578041.462564746616408, 2564358.865538750775158 ], [ 578091.462564746616408, 2564358.865538750775158 ], [ 578091.462564746616408, 2564308.865538750775158 ], [ 578041.462564746616408, 2564308.865538750775158 ], [ 578041.462564746616408, 2564358.865538750775158 ] ] ] ] } },
{ "type": "Feature", "properties": { "id": 598.0, "temple": 0.0, "parking": 0.0, "junction": 0.0, "building": 0.0, "hotel": 0.0, "id_2": 7, "GHAT_NAME": "Shri Guru Nanak Ghat", "n": 1, "distance": 0.0, "Demand": 2.0, "Class": "Very Low" }, "geometry": { "type": "MultiPolygon", "coordinates": [ [ [ [ 578041.462564746616408, 2564308.865538750775158 ], [ 578091.462564746616408, 2564308.865538750775158 ], [ 578091.462564746616408, 2564258.865538750775158 ], [ 578041.462564746616408, 2564258.865538750775158 ], [ 578041.462564746616408, 2564308.865538750775158 ] ] ] ] } },
{ "type": "Feature", "properties": { "id": 599.0, "temple": 0.0, "parking": 0.0, "junction": 0.0, "building": 0.0, "hotel": 0.0, "id_2": 7, "GHAT_NAME": "Shri Guru Nanak Ghat", "n": 1, "distance": 0.19038024473668699, "Demand": 2.0, "Class": "Very Low" }, "geometry": { "type": "MultiPolygon", "coordinates": [ [ [ [ 578041.462564746616408, 2564258.865538750775158 ], [ 578091.462564746616408, 2564258.865538750775158 ], [ 578091.462564746616408, 2564208.865538750775158 ], [ 578041.462564746616408, 2564208.865538750775158 ], [ 578041.462564746616408, 2564258.865538750775158 ] ] ] ] } },
{ "type": "Feature", "properties": { "id": 600.0, "temple": 0.0, "parking": 0.0, "junction": 0.0, "building": 0.0, "hotel": 0.0, "id_2": 4, "GHAT_NAME": "Maharishi Sant Balinath Ghat", "n": 1, "distance": 0.0, "Demand": 2.0, "Class": "Very Low" }, "geometry": { "type": "MultiPolygon", "coordinates": [ [ [ [ 578041.462564746616408, 2564208.865538750775158 ], [ 578091.462564746616408, 2564208.865538750775158 ], [ 578091.462564746616408, 2564158.865538750775158 ], [ 578041.462564746616408, 2564158.865538750775158 ], [ 578041.462564746616408, 2564208.865538750775158 ] ] ] ] } },
{ "type": "Feature", "properties": { "id": 601.0, "temple": 0.0, "parking": 1.0, "junction": 0.0, "building": 1.0, "hotel": 0.0, "id_2": 4, "GHAT_NAME": "Maharishi Sant Balinath Ghat", "n": 1, "distance": 3.272013335019663, "Demand": 6.0, "Class": "Low" }, "geometry": { "type": "MultiPolygon", "coordinates": [ [ [ [ 578041.462564746616408, 2564158.865538750775158 ], [ 578091.462564746616408, 2564158.865538750775158 ], [ 578091.462564746616408, 2564108.865538750775158 ], [ 578041.462564746616408, 2564108.865538750775158 ], [ 578041.462564746616408, 2564158.865538750775158 ] ] ] ] } },
{ "type": "Feature", "properties": { "id": 602.0, "temple": 0.0, "parking": 1.0, "junction": 0.0, "building": 0.0, "hotel": 0.0, "id_2": 4, "GHAT_NAME": "Maharishi Sant Balinath Ghat", "n": 1, "distance": 46.876124513922363, "Demand": 5.0, "Class": "Very Low" }, "geometry": { "type": "MultiPolygon", "coordinates": [ [ [ [ 578041.462564746616408, 2564108.865538750775158 ], [ 578091.462564746616408, 2564108.865538750775158 ], [ 578091.462564746616408, 2564058.865538750775158 ], [ 578041.462564746616408, 2564058.865538750775158 ], [ 578041.462564746616408, 2564108.865538750775158 ] ] ] ] } },
{ "type": "Feature", "properties": { "id": 603.0, "temple": 0.0, "parking": 0.0, "junction": 1.0, "building": 1.0, "hotel": 1.0, "id_2": 4, "GHAT_NAME": "Maharishi Sant Balinath Ghat", "n": 1, "distance": 88.160194640158295, "Demand": 15.0, "Class": "Moderate" }, "geometry": { "type": "MultiPolygon", "coordinates": [ [ [ [ 578041.462564746616408, 2564058.865538750775158 ], [ 578091.462564746616408, 2564058.865538750775158 ], [ 578091.462564746616408, 2564008.865538750775158 ], [ 578041.462564746616408, 2564008.865538750775158 ], [ 578041.462564746616408, 2564058.865538750775158 ] ] ] ] } },
{ "type": "Feature", "properties": { "id": 604.0, "temple": 0.0, "parking": 0.0, "junction": 0.0, "building": 0.0, "hotel": 0.0, "id_2": 4, "GHAT_NAME": "Maharishi Sant Balinath Ghat", "n": 1, "distance": 127.78918677977873, "Demand": 10.0, "Class": "Low" }, "geometry": { "type": "MultiPolygon", "coordinates": [ [ [ [ 578041.462564746616408, 2564008.865538750775158 ], [ 578091.462564746616408, 2564008.865538750775158 ], [ 578091.462564746616408, 2563958.865538750775158 ], [ 578041.462564746616408, 2563958.865538750775158 ], [ 578041.462564746616408, 2564008.865538750775158 ] ] ] ] } },
{ "type": "Feature", "properties": { "id": 605.0, "temple": 0.0, "parking": 0.0, "junction": 0.0, "building": 0.0, "hotel": 0.0, "id_2": 5, "GHAT_NAME": "Shri Narasimha Ghat", "n": 1, "distance": 165.69369649612111, "Demand": 10.0, "Class": "Low" }, "geometry": { "type": "MultiPolygon", "coordinates": [ [ [ [ 578041.462564746616408, 2563958.865538750775158 ], [ 578091.462564746616408, 2563958.865538750775158 ], [ 578091.462564746616408, 2563908.865538750775158 ], [ 578041.462564746616408, 2563908.865538750775158 ], [ 578041.462564746616408, 2563958.865538750775158 ] ] ] ] } },
{ "type": "Feature", "properties": { "id": 606.0, "temple": 0.0, "parking": 0.0, "junction": 0.0, "building": 0.0, "hotel": 0.0, "id_2": 5, "GHAT_NAME": "Shri Narasimha Ghat", "n": 1, "distance": 193.71076431617897, "Demand": 10.0, "Class": "Low" }, "geometry": { "type": "MultiPolygon", "coordinates": [ [ [ [ 578041.462564746616408, 2563908.865538750775158 ], [ 578091.462564746616408, 2563908.865538750775158 ], [ 578091.462564746616408, 2563858.865538750775158 ], [ 578041.462564746616408, 2563858.865538750775158 ], [ 578041.462564746616408, 2563908.865538750775158 ] ] ] ] } },
{ "type": "Feature", "properties": { "id": 607.0, "temple": 0.0, "parking": 0.0, "junction": 0.0, "building": 0.0, "hotel": 0.0, "id_2": 5, "GHAT_NAME": "Shri Narasimha Ghat", "n": 1, "distance": 219.26828136069057, "Demand": 6.0, "Class": "Low" }, "geometry": { "type": "MultiPolygon", "coordinates": [ [ [ [ 578041.462564746616408, 2563858.865538750775158 ], [ 578091.462564746616408, 2563858.865538750775158 ], [ 578091.462564746616408, 2563808.865538750775158 ], [ 578041.462564746616408, 2563808.865538750775158 ], [ 578041.462564746616408, 2563858.865538750775158 ] ] ] ] } },
{ "type": "Feature", "properties": { "id": 608.0, "temple": 0.0, "parking": 0.0, "junction": 0.0, "building": 5.0, "hotel": 0.0, "id_2": 5, "GHAT_NAME": "Shri Narasimha Ghat", "n": 1, "distance": 252.25641361476556, "Demand": 11.0, "Class": "Moderate" }, "geometry": { "type": "MultiPolygon", "coordinates": [ [ [ [ 578041.462564746616408, 2563808.865538750775158 ], [ 578091.462564746616408, 2563808.865538750775158 ], [ 578091.462564746616408, 2563758.865538750775158 ], [ 578041.462564746616408, 2563758.865538750775158 ], [ 578041.462564746616408, 2563808.865538750775158 ] ] ] ] } },
{ "type": "Feature", "properties": { "id": 609.0, "temple": 0.0, "parking": 0.0, "junction": 0.0, "building": 1.0, "hotel": 0.0, "id_2": 5, "GHAT_NAME": "Shri Narasimha Ghat", "n": 1, "distance": 290.15171412331239, "Demand": 7.0, "Class": "Low" }, "geometry": { "type": "MultiPolygon", "coordinates": [ [ [ [ 578041.462564746616408, 2563758.865538750775158 ], [ 578091.462564746616408, 2563758.865538750775158 ], [ 578091.462564746616408, 2563708.865538750775158 ], [ 578041.462564746616408, 2563708.865538750775158 ], [ 578041.462564746616408, 2563758.865538750775158 ] ] ] ] } },
{ "type": "Feature", "properties": { "id": 610.0, "temple": 0.0, "parking": 0.0, "junction": 0.0, "building": 0.0, "hotel": 0.0, "id_2": 5, "GHAT_NAME": "Shri Narasimha Ghat", "n": 1, "distance": 331.27441224400224, "Demand": 6.0, "Class": "Low" }, "geometry": { "type": "MultiPolygon", "coordinates": [ [ [ [ 578041.462564746616408, 2563708.865538750775158 ], [ 578091.462564746616408, 2563708.865538750775158 ], [ 578091.462564746616408, 2563658.865538750775158 ], [ 578041.462564746616408, 2563658.865538750775158 ], [ 578041.462564746616408, 2563708.865538750775158 ] ] ] ] } },
{ "type": "Feature", "properties": { "id": 611.0, "temple": 0.0, "parking": 0.0, "junction": 0.0, "building": 3.0, "hotel": 0.0, "id_2": 5, "GHAT_NAME": "Shri Narasimha Ghat", "n": 1, "distance": 374.56301900550972, "Demand": 9.0, "Class": "Low" }, "geometry": { "type": "MultiPolygon", "coordinates": [ [ [ [ 578041.462564746616408, 2563658.865538750775158 ], [ 578091.462564746616408, 2563658.865538750775158 ], [ 578091.462564746616408, 2563608.865538750775158 ], [ 578041.462564746616408, 2563608.865538750775158 ], [ 578041.462564746616408, 2563658.865538750775158 ] ] ] ] } },
{ "type": "Feature", "properties": { "id": 612.0, "temple": 0.0, "parking": 0.0, "junction": 0.0, "building": 6.0, "hotel": 0.0, "id_2": 5, "GHAT_NAME": "Shri Narasimha Ghat", "n": 1, "distance": 419.3473193015958, "Demand": 12.0, "Class": "Moderate" }, "geometry": { "type": "MultiPolygon", "coordinates": [ [ [ [ 578041.462564746616408, 2563608.865538750775158 ], [ 578091.462564746616408, 2563608.865538750775158 ], [ 578091.462564746616408, 2563558.865538750775158 ], [ 578041.462564746616408, 2563558.865538750775158 ], [ 578041.462564746616408, 2563608.865538750775158 ] ] ] ] } },
{ "type": "Feature", "properties": { "id": 613.0, "temple": 0.0, "parking": 0.0, "junction": 1.0, "building": 5.0, "hotel": 1.0, "id_2": 5, "GHAT_NAME": "Shri Narasimha Ghat", "n": 1, "distance": 465.19554297558278, "Demand": 15.0, "Class": "Moderate" }, "geometry": { "type": "MultiPolygon", "coordinates": [ [ [ [ 578041.462564746616408, 2563558.865538750775158 ], [ 578091.462564746616408, 2563558.865538750775158 ], [ 578091.462564746616408, 2563508.865538750775158 ], [ 578041.462564746616408, 2563508.865538750775158 ], [ 578041.462564746616408, 2563558.865538750775158 ] ] ] ] } },
{ "type": "Feature", "properties": { "id": 614.0, "temple": 0.0, "parking": 0.0, "junction": 0.0, "building": 2.0, "hotel": 0.0, "id_2": 5, "GHAT_NAME": "Shri Narasimha Ghat", "n": 1, "distance": 511.82185592573126, "Demand": 4.0, "Class": "Very Low" }, "geometry": { "type": "MultiPolygon", "coordinates": [ [ [ [ 578041.462564746616408, 2563508.865538750775158 ], [ 578091.462564746616408, 2563508.865538750775158 ], [ 578091.462564746616408, 2563458.865538750775158 ], [ 578041.462564746616408, 2563458.865538750775158 ], [ 578041.462564746616408, 2563508.865538750775158 ] ] ] ] } },
{ "type": "Feature", "properties": { "id": 615.0, "temple": 0.0, "parking": 0.0, "junction": 0.0, "building": 0.0, "hotel": 0.0, "id_2": 5, "GHAT_NAME": "Shri Narasimha Ghat", "n": 1, "distance": 559.03160125539659, "Demand": 2.0, "Class": "Very Low" }, "geometry": { "type": "MultiPolygon", "coordinates": [ [ [ [ 578041.462564746616408, 2563449.077925431542099 ], [ 578041.462564746616408, 2563458.865538750775158 ], [ 578091.462564746616408, 2563458.865538750775158 ], [ 578091.462564746616408, 2563421.861771948169917 ], [ 578041.462564746616408, 2563449.077925431542099 ] ] ] ] } },
{ "type": "Feature", "properties": { "id": 617.0, "temple": 0.0, "parking": 0.0, "junction": 0.0, "building": 0.0, "hotel": 0.0, "id_2": 10, "GHAT_NAME": "Chakra Tirth Ghat", "n": 1, "distance": 264.63362901695791, "Demand": 6.0, "Class": "Low" }, "geometry": { "type": "MultiPolygon", "coordinates": [ [ [ [ 578141.462564746616408, 2565513.359528624918312 ], [ 578141.462564746616408, 2565508.865538750775158 ], [ 578116.037636294495314, 2565508.865538750775158 ], [ 578141.462564746616408, 2565513.359528624918312 ] ] ] ] } },
{ "type": "Feature", "properties": { "id": 618.0, "temple": 0.0, "parking": 0.0, "junction": 0.0, "building": 0.0, "hotel": 0.0, "id_2": 10, "GHAT_NAME": "Chakra Tirth Ghat", "n": 1, "distance": 214.6498336793629, "Demand": 6.0, "Class": "Low" }, "geometry": { "type": "MultiPolygon", "coordinates": [ [ [ [ 578116.037636294495314, 2565508.865538750775158 ], [ 578141.462564746616408, 2565508.865538750775158 ], [ 578141.462564746616408, 2565458.865538750775158 ], [ 578091.462564746616408, 2565458.865538750775158 ], [ 578091.462564746616408, 2565504.521765555720776 ], [ 578116.037636294495314, 2565508.865538750775158 ] ] ] ] } },
{ "type": "Feature", "properties": { "id": 619.0, "temple": 0.0, "parking": 0.0, "junction": 0.0, "building": 0.0, "hotel": 0.0, "id_2": 10, "GHAT_NAME": "Chakra Tirth Ghat", "n": 1, "distance": 164.67587737878134, "Demand": 10.0, "Class": "Low" }, "geometry": { "type": "MultiPolygon", "coordinates": [ [ [ [ 578091.462564746616408, 2565458.865538750775158 ], [ 578141.462564746616408, 2565458.865538750775158 ], [ 578141.462564746616408, 2565408.865538750775158 ], [ 578091.462564746616408, 2565408.865538750775158 ], [ 578091.462564746616408, 2565458.865538750775158 ] ] ] ] } },
{ "type": "Feature", "properties": { "id": 620.0, "temple": 0.0, "parking": 0.0, "junction": 0.0, "building": 0.0, "hotel": 0.0, "id_2": 10, "GHAT_NAME": "Chakra Tirth Ghat", "n": 1, "distance": 114.72461152398651, "Demand": 10.0, "Class": "Low" }, "geometry": { "type": "MultiPolygon", "coordinates": [ [ [ [ 578091.462564746616408, 2565408.865538750775158 ], [ 578141.462564746616408, 2565408.865538750775158 ], [ 578141.462564746616408, 2565358.865538750775158 ], [ 578091.462564746616408, 2565358.865538750775158 ], [ 578091.462564746616408, 2565408.865538750775158 ] ] ] ] } },
{ "type": "Feature", "properties": { "id": 621.0, "temple": 0.0, "parking": 0.0, "junction": 0.0, "building": 0.0, "hotel": 0.0, "id_2": 10, "GHAT_NAME": "Chakra Tirth Ghat", "n": 1, "distance": 64.7936679515647, "Demand": 10.0, "Class": "Low" }, "geometry": { "type": "MultiPolygon", "coordinates": [ [ [ [ 578091.462564746616408, 2565358.865538750775158 ], [ 578141.462564746616408, 2565358.865538750775158 ], [ 578141.462564746616408, 2565308.865538750775158 ], [ 578091.462564746616408, 2565308.865538750775158 ], [ 578091.462564746616408, 2565358.865538750775158 ] ] ] ] } },
{ "type": "Feature", "properties": { "id": 622.0, "temple": 0.0, "parking": 0.0, "junction": 0.0, "building": 0.0, "hotel": 0.0, "id_2": 10, "GHAT_NAME": "Chakra Tirth Ghat", "n": 1, "distance": 14.862724379136777, "Demand": 2.0, "Class": "Very Low" }, "geometry": { "type": "MultiPolygon", "coordinates": [ [ [ [ 578091.462564746616408, 2565308.865538750775158 ], [ 578141.462564746616408, 2565308.865538750775158 ], [ 578141.462564746616408, 2565258.865538750775158 ], [ 578091.462564746616408, 2565258.865538750775158 ], [ 578091.462564746616408, 2565308.865538750775158 ] ] ] ] } },
{ "type": "Feature", "properties": { "id": 623.0, "temple": 0.0, "parking": 0.0, "junction": 0.0, "building": 1.0, "hotel": 0.0, "id_2": 10, "GHAT_NAME": "Chakra Tirth Ghat", "n": 1, "distance": 0.0, "Demand": 3.0, "Class": "Very Low" }, "geometry": { "type": "MultiPolygon", "coordinates": [ [ [ [ 578091.462564746616408, 2565258.865538750775158 ], [ 578141.462564746616408, 2565258.865538750775158 ], [ 578141.462564746616408, 2565208.865538750775158 ], [ 578091.462564746616408, 2565208.865538750775158 ], [ 578091.462564746616408, 2565258.865538750775158 ] ] ] ] } },
{ "type": "Feature", "properties": { "id": 624.0, "temple": 0.0, "parking": 0.0, "junction": 0.0, "building": 0.0, "hotel": 0.0, "id_2": 3, "GHAT_NAME": "Kabir Ghat", "n": 1, "distance": 0.0, "Demand": 2.0, "Class": "Very Low" }, "geometry": { "type": "MultiPolygon", "coordinates": [ [ [ [ 578091.462564746616408, 2565208.865538750775158 ], [ 578141.462564746616408, 2565208.865538750775158 ], [ 578141.462564746616408, 2565158.865538750775158 ], [ 578091.462564746616408, 2565158.865538750775158 ], [ 578091.462564746616408, 2565208.865538750775158 ] ] ] ] } },
{ "type": "Feature", "properties": { "id": 625.0, "temple": 0.0, "parking": 0.0, "junction": 0.0, "building": 0.0, "hotel": 0.0, "id_2": 3, "GHAT_NAME": "Kabir Ghat", "n": 1, "distance": 0.0, "Demand": 2.0, "Class": "Very Low" }, "geometry": { "type": "MultiPolygon", "coordinates": [ [ [ [ 578091.462564746616408, 2565158.865538750775158 ], [ 578141.462564746616408, 2565158.865538750775158 ], [ 578141.462564746616408, 2565108.865538750775158 ], [ 578091.462564746616408, 2565108.865538750775158 ], [ 578091.462564746616408, 2565158.865538750775158 ] ] ] ] } },
{ "type": "Feature", "properties": { "id": 626.0, "temple": 0.0, "parking": 0.0, "junction": 1.0, "building": 0.0, "hotel": 0.0, "id_2": 3, "GHAT_NAME": "Kabir Ghat", "n": 1, "distance": 0.0, "Demand": 4.0, "Class": "Very Low" }, "geometry": { "type": "MultiPolygon", "coordinates": [ [ [ [ 578091.462564746616408, 2565108.865538750775158 ], [ 578141.462564746616408, 2565108.865538750775158 ], [ 578141.462564746616408, 2565058.865538750775158 ], [ 578091.462564746616408, 2565058.865538750775158 ], [ 578091.462564746616408, 2565108.865538750775158 ] ] ] ] } },
{ "type": "Feature", "properties": { "id": 627.0, "temple": 0.0, "parking": 0.0, "junction": 0.0, "building": 0.0, "hotel": 0.0, "id_2": 3, "GHAT_NAME": "Kabir Ghat", "n": 1, "distance": 0.0, "Demand": 2.0, "Class": "Very Low" }, "geometry": { "type": "MultiPolygon", "coordinates": [ [ [ [ 578091.462564746616408, 2565058.865538750775158 ], [ 578141.462564746616408, 2565058.865538750775158 ], [ 578141.462564746616408, 2565008.865538750775158 ], [ 578091.462564746616408, 2565008.865538750775158 ], [ 578091.462564746616408, 2565058.865538750775158 ] ] ] ] } },
{ "type": "Feature", "properties": { "id": 628.0, "temple": 0.0, "parking": 0.0, "junction": 0.0, "building": 0.0, "hotel": 0.0, "id_2": 3, "GHAT_NAME": "Kabir Ghat", "n": 1, "distance": 0.0, "Demand": 2.0, "Class": "Very Low" }, "geometry": { "type": "MultiPolygon", "coordinates": [ [ [ [ 578091.462564746616408, 2565008.865538750775158 ], [ 578141.462564746616408, 2565008.865538750775158 ], [ 578141.462564746616408, 2564958.865538750775158 ], [ 578091.462564746616408, 2564958.865538750775158 ], [ 578091.462564746616408, 2565008.865538750775158 ] ] ] ] } },
{ "type": "Feature", "properties": { "id": 629.0, "temple": 0.0, "parking": 0.0, "junction": 0.0, "building": 1.0, "hotel": 0.0, "id_2": 3, "GHAT_NAME": "Kabir Ghat", "n": 1, "distance": 0.0, "Demand": 3.0, "Class": "Very Low" }, "geometry": { "type": "MultiPolygon", "coordinates": [ [ [ [ 578091.462564746616408, 2564958.865538750775158 ], [ 578141.462564746616408, 2564958.865538750775158 ], [ 578141.462564746616408, 2564908.865538750775158 ], [ 578091.462564746616408, 2564908.865538750775158 ], [ 578091.462564746616408, 2564958.865538750775158 ] ] ] ] } },
{ "type": "Feature", "properties": { "id": 630.0, "temple": 0.0, "parking": 0.0, "junction": 0.0, "building": 1.0, "hotel": 0.0, "id_2": 1, "GHAT_NAME": "Sunheri Ghat", "n": 1, "distance": 6.8994880229001856, "Demand": 3.0, "Class": "Very Low" }, "geometry": { "type": "MultiPolygon", "coordinates": [ [ [ [ 578091.462564746616408, 2564908.865538750775158 ], [ 578141.462564746616408, 2564908.865538750775158 ], [ 578141.462564746616408, 2564858.865538750775158 ], [ 578091.462564746616408, 2564858.865538750775158 ], [ 578091.462564746616408, 2564908.865538750775158 ] ] ] ] } },
{ "type": "Feature", "properties": { "id": 631.0, "temple": 0.0, "parking": 0.0, "junction": 0.0, "building": 0.0, "hotel": 0.0, "id_2": 1, "GHAT_NAME": "Sunheri Ghat", "n": 1, "distance": 7.9540456799073898, "Demand": 2.0, "Class": "Very Low" }, "geometry": { "type": "MultiPolygon", "coordinates": [ [ [ [ 578091.462564746616408, 2564858.865538750775158 ], [ 578141.462564746616408, 2564858.865538750775158 ], [ 578141.462564746616408, 2564808.865538750775158 ], [ 578091.462564746616408, 2564808.865538750775158 ], [ 578091.462564746616408, 2564858.865538750775158 ] ] ] ] } },
{ "type": "Feature", "properties": { "id": 632.0, "temple": 0.0, "parking": 0.0, "junction": 0.0, "building": 1.0, "hotel": 0.0, "id_2": 1, "GHAT_NAME": "Sunheri Ghat", "n": 1, "distance": 13.567065011737991, "Demand": 3.0, "Class": "Very Low" }, "geometry": { "type": "MultiPolygon", "coordinates": [ [ [ [ 578091.462564746616408, 2564808.865538750775158 ], [ 578141.462564746616408, 2564808.865538750775158 ], [ 578141.462564746616408, 2564758.865538750775158 ], [ 578091.462564746616408, 2564758.865538750775158 ], [ 578091.462564746616408, 2564808.865538750775158 ] ] ] ] } },
{ "type": "Feature", "properties": { "id": 633.0, "temple": 0.0, "parking": 0.0, "junction": 1.0, "building": 0.0, "hotel": 0.0, "id_2": 1, "GHAT_NAME": "Sunheri Ghat", "n": 1, "distance": 18.786152956899368, "Demand": 4.0, "Class": "Very Low" }, "geometry": { "type": "MultiPolygon", "coordinates": [ [ [ [ 578091.462564746616408, 2564758.865538750775158 ], [ 578141.462564746616408, 2564758.865538750775158 ], [ 578141.462564746616408, 2564708.865538750775158 ], [ 578091.462564746616408, 2564708.865538750775158 ], [ 578091.462564746616408, 2564758.865538750775158 ] ] ] ] } },
{ "type": "Feature", "properties": { "id": 634.0, "temple": 0.0, "parking": 0.0, "junction": 1.0, "building": 7.0, "hotel": 0.0, "id_2": 1, "GHAT_NAME": "Sunheri Ghat", "n": 1, "distance": 18.481900070095435, "Demand": 11.0, "Class": "Moderate" }, "geometry": { "type": "MultiPolygon", "coordinates": [ [ [ [ 578091.462564746616408, 2564708.865538750775158 ], [ 578141.462564746616408, 2564708.865538750775158 ], [ 578141.462564746616408, 2564658.865538750775158 ], [ 578091.462564746616408, 2564658.865538750775158 ], [ 578091.462564746616408, 2564708.865538750775158 ] ] ] ] } },
{ "type": "Feature", "properties": { "id": 635.0, "temple": 0.0, "parking": 0.0, "junction": 0.0, "building": 0.0, "hotel": 0.0, "id_2": 1, "GHAT_NAME": "Sunheri Ghat", "n": 1, "distance": 25.240070258625575, "Demand": 2.0, "Class": "Very Low" }, "geometry": { "type": "MultiPolygon", "coordinates": [ [ [ [ 578091.462564746616408, 2564658.865538750775158 ], [ 578141.462564746616408, 2564658.865538750775158 ], [ 578141.462564746616408, 2564608.865538750775158 ], [ 578091.462564746616408, 2564608.865538750775158 ], [ 578091.462564746616408, 2564658.865538750775158 ] ] ] ] } },
{ "type": "Feature", "properties": { "id": 636.0, "temple": 0.0, "parking": 0.0, "junction": 0.0, "building": 0.0, "hotel": 0.0, "id_2": 2, "GHAT_NAME": "Shipra Ghat", "n": 1, "distance": 28.727772874270698, "Demand": 2.0, "Class": "Very Low" }, "geometry": { "type": "MultiPolygon", "coordinates": [ [ [ [ 578091.462564746616408, 2564608.865538750775158 ], [ 578141.462564746616408, 2564608.865538750775158 ], [ 578141.462564746616408, 2564558.865538750775158 ], [ 578091.462564746616408, 2564558.865538750775158 ], [ 578091.462564746616408, 2564608.865538750775158 ] ] ] ] } },
{ "type": "Feature", "properties": { "id": 637.0, "temple": 0.0, "parking": 0.0, "junction": 0.0, "building": 0.0, "hotel": 0.0, "id_2": 2, "GHAT_NAME": "Shipra Ghat", "n": 1, "distance": 15.735580541492762, "Demand": 2.0, "Class": "Very Low" }, "geometry": { "type": "MultiPolygon", "coordinates": [ [ [ [ 578091.462564746616408, 2564558.865538750775158 ], [ 578141.462564746616408, 2564558.865538750775158 ], [ 578141.462564746616408, 2564508.865538750775158 ], [ 578091.462564746616408, 2564508.865538750775158 ], [ 578091.462564746616408, 2564558.865538750775158 ] ] ] ] } },
{ "type": "Feature", "properties": { "id": 638.0, "temple": 0.0, "parking": 0.0, "junction": 0.0, "building": 2.0, "hotel": 0.0, "id_2": 2, "GHAT_NAME": "Shipra Ghat", "n": 1, "distance": 0.0, "Demand": 4.0, "Class": "Very Low" }, "geometry": { "type": "MultiPolygon", "coordinates": [ [ [ [ 578091.462564746616408, 2564508.865538750775158 ], [ 578141.462564746616408, 2564508.865538750775158 ], [ 578141.462564746616408, 2564458.865538750775158 ], [ 578091.462564746616408, 2564458.865538750775158 ], [ 578091.462564746616408, 2564508.865538750775158 ] ] ] ] } },
{ "type": "Feature", "properties": { "id": 639.0, "temple": 0.0, "parking": 0.0, "junction": 0.0, "building": 2.0, "hotel": 0.0, "id_2": 2, "GHAT_NAME": "Shipra Ghat", "n": 1, "distance": 0.0, "Demand": 4.0, "Class": "Very Low" }, "geometry": { "type": "MultiPolygon", "coordinates": [ [ [ [ 578091.462564746616408, 2564458.865538750775158 ], [ 578141.462564746616408, 2564458.865538750775158 ], [ 578141.462564746616408, 2564408.865538750775158 ], [ 578091.462564746616408, 2564408.865538750775158 ], [ 578091.462564746616408, 2564458.865538750775158 ] ] ] ] } },
{ "type": "Feature", "properties": { "id": 640.0, "temple": 0.0, "parking": 0.0, "junction": 1.0, "building": 0.0, "hotel": 0.0, "id_2": 7, "GHAT_NAME": "Shri Guru Nanak Ghat", "n": 1, "distance": 0.0, "Demand": 4.0, "Class": "Very Low" }, "geometry": { "type": "MultiPolygon", "coordinates": [ [ [ [ 578091.462564746616408, 2564408.865538750775158 ], [ 578141.462564746616408, 2564408.865538750775158 ], [ 578141.462564746616408, 2564358.865538750775158 ], [ 578091.462564746616408, 2564358.865538750775158 ], [ 578091.462564746616408, 2564408.865538750775158 ] ] ] ] } },
{ "type": "Feature", "properties": { "id": 640.0, "temple": 0.0, "parking": 0.0, "junction": 1.0, "building": 0.0, "hotel": 0.0, "id_2": 2, "GHAT_NAME": "Shipra Ghat", "n": 2, "distance": 0.0, "Demand": 4.0, "Class": "Very Low" }, "geometry": { "type": "MultiPolygon", "coordinates": [ [ [ [ 578091.462564746616408, 2564408.865538750775158 ], [ 578141.462564746616408, 2564408.865538750775158 ], [ 578141.462564746616408, 2564358.865538750775158 ], [ 578091.462564746616408, 2564358.865538750775158 ], [ 578091.462564746616408, 2564408.865538750775158 ] ] ] ] } },
{ "type": "Feature", "properties": { "id": 641.0, "temple": 0.0, "parking": 0.0, "junction": 0.0, "building": 0.0, "hotel": 0.0, "id_2": 7, "GHAT_NAME": "Shri Guru Nanak Ghat", "n": 1, "distance": 0.0, "Demand": 2.0, "Class": "Very Low" }, "geometry": { "type": "MultiPolygon", "coordinates": [ [ [ [ 578091.462564746616408, 2564358.865538750775158 ], [ 578141.462564746616408, 2564358.865538750775158 ], [ 578141.462564746616408, 2564308.865538750775158 ], [ 578091.462564746616408, 2564308.865538750775158 ], [ 578091.462564746616408, 2564358.865538750775158 ] ] ] ] } },
{ "type": "Feature", "properties": { "id": 642.0, "temple": 0.0, "parking": 0.0, "junction": 0.0, "building": 0.0, "hotel": 0.0, "id_2": 4, "GHAT_NAME": "Maharishi Sant Balinath Ghat", "n": 1, "distance": 0.0, "Demand": 2.0, "Class": "Very Low" }, "geometry": { "type": "MultiPolygon", "coordinates": [ [ [ [ 578091.462564746616408, 2564308.865538750775158 ], [ 578141.462564746616408, 2564308.865538750775158 ], [ 578141.462564746616408, 2564258.865538750775158 ], [ 578091.462564746616408, 2564258.865538750775158 ], [ 578091.462564746616408, 2564308.865538750775158 ] ] ] ] } },
{ "type": "Feature", "properties": { "id": 643.0, "temple": 0.0, "parking": 0.0, "junction": 0.0, "building": 0.0, "hotel": 0.0, "id_2": 4, "GHAT_NAME": "Maharishi Sant Balinath Ghat", "n": 1, "distance": 0.0, "Demand": 2.0, "Class": "Very Low" }, "geometry": { "type": "MultiPolygon", "coordinates": [ [ [ [ 578091.462564746616408, 2564258.865538750775158 ], [ 578141.462564746616408, 2564258.865538750775158 ], [ 578141.462564746616408, 2564208.865538750775158 ], [ 578091.462564746616408, 2564208.865538750775158 ], [ 578091.462564746616408, 2564258.865538750775158 ] ] ] ] } },
{ "type": "Feature", "properties": { "id": 644.0, "temple": 0.0, "parking": 0.0, "junction": 0.0, "building": 1.0, "hotel": 0.0, "id_2": 4, "GHAT_NAME": "Maharishi Sant Balinath Ghat", "n": 1, "distance": 0.0, "Demand": 3.0, "Class": "Very Low" }, "geometry": { "type": "MultiPolygon", "coordinates": [ [ [ [ 578091.462564746616408, 2564208.865538750775158 ], [ 578141.462564746616408, 2564208.865538750775158 ], [ 578141.462564746616408, 2564158.865538750775158 ], [ 578091.462564746616408, 2564158.865538750775158 ], [ 578091.462564746616408, 2564208.865538750775158 ] ] ] ] } },
{ "type": "Feature", "properties": { "id": 645.0, "temple": 1.0, "parking": 0.0, "junction": 0.0, "building": 4.0, "hotel": 0.0, "id_2": 4, "GHAT_NAME": "Maharishi Sant Balinath Ghat", "n": 1, "distance": 16.336281225708106, "Demand": 11.0, "Class": "Moderate" }, "geometry": { "type": "MultiPolygon", "coordinates": [ [ [ [ 578091.462564746616408, 2564158.865538750775158 ], [ 578141.462564746616408, 2564158.865538750775158 ], [ 578141.462564746616408, 2564108.865538750775158 ], [ 578091.462564746616408, 2564108.865538750775158 ], [ 578091.462564746616408, 2564158.865538750775158 ] ] ] ] } },
{ "type": "Feature", "properties": { "id": 646.0, "temple": 0.0, "parking": 1.0, "junction": 0.0, "building": 2.0, "hotel": 0.0, "id_2": 4, "GHAT_NAME": "Maharishi Sant Balinath Ghat", "n": 1, "distance": 61.092665118905998, "Demand": 15.0, "Class": "Moderate" }, "geometry": { "type": "MultiPolygon", "coordinates": [ [ [ [ 578091.462564746616408, 2564108.865538750775158 ], [ 578141.462564746616408, 2564108.865538750775158 ], [ 578141.462564746616408, 2564058.865538750775158 ], [ 578091.462564746616408, 2564058.865538750775158 ], [ 578091.462564746616408, 2564108.865538750775158 ] ] ] ] } },
{ "type": "Feature", "properties": { "id": 647.0, "temple": 0.0, "parking": 0.0, "junction": 1.0, "building": 0.0, "hotel": 0.0, "id_2": 4, "GHAT_NAME": "Maharishi Sant Balinath Ghat", "n": 1, "distance": 108.5701387289478, "Demand": 12.0, "Class": "Moderate" }, "geometry": { "type": "MultiPolygon", "coordinates": [ [ [ [ 578091.462564746616408, 2564058.865538750775158 ], [ 578141.462564746616408, 2564058.865538750775158 ], [ 578141.462564746616408, 2564008.865538750775158 ], [ 578091.462564746616408, 2564008.865538750775158 ], [ 578091.462564746616408, 2564058.865538750775158 ] ] ] ] } },
{ "type": "Feature", "properties": { "id": 648.0, "temple": 0.0, "parking": 0.0, "junction": 0.0, "building": 0.0, "hotel": 0.0, "id_2": 4, "GHAT_NAME": "Maharishi Sant Balinath Ghat", "n": 1, "distance": 157.61546978617025, "Demand": 10.0, "Class": "Low" }, "geometry": { "type": "MultiPolygon", "coordinates": [ [ [ [ 578091.462564746616408, 2564008.865538750775158 ], [ 578141.462564746616408, 2564008.865538750775158 ], [ 578141.462564746616408, 2563958.865538750775158 ], [ 578091.462564746616408, 2563958.865538750775158 ], [ 578091.462564746616408, 2564008.865538750775158 ] ] ] ] } },
{ "type": "Feature", "properties": { "id": 649.0, "temple": 0.0, "parking": 1.0, "junction": 1.0, "building": 1.0, "hotel": 0.0, "id_2": 4, "GHAT_NAME": "Maharishi Sant Balinath Ghat", "n": 1, "distance": 198.04019627126766, "Demand": 16.0, "Class": "High" }, "geometry": { "type": "MultiPolygon", "coordinates": [ [ [ [ 578091.462564746616408, 2563958.865538750775158 ], [ 578141.462564746616408, 2563958.865538750775158 ], [ 578141.462564746616408, 2563908.865538750775158 ], [ 578091.462564746616408, 2563908.865538750775158 ], [ 578091.462564746616408, 2563958.865538750775158 ] ] ] ] } },
{ "type": "Feature", "properties": { "id": 650.0, "temple": 0.0, "parking": 0.0, "junction": 1.0, "building": 0.0, "hotel": 0.0, "id_2": 5, "GHAT_NAME": "Shri Narasimha Ghat", "n": 1, "distance": 236.20964305302567, "Demand": 8.0, "Class": "Low" }, "geometry": { "type": "MultiPolygon", "coordinates": [ [ [ [ 578091.462564746616408, 2563908.865538750775158 ], [ 578141.462564746616408, 2563908.865538750775158 ], [ 578141.462564746616408, 2563858.865538750775158 ], [ 578091.462564746616408, 2563858.865538750775158 ], [ 578091.462564746616408, 2563908.865538750775158 ] ] ] ] } },
{ "type": "Feature", "properties": { "id": 651.0, "temple": 0.0, "parking": 0.0, "junction": 0.0, "building": 0.0, "hotel": 0.0, "id_2": 5, "GHAT_NAME": "Shri Narasimha Ghat", "n": 1, "distance": 261.14290985970405, "Demand": 6.0, "Class": "Low" }, "geometry": { "type": "MultiPolygon", "coordinates": [ [ [ [ 578091.462564746616408, 2563858.865538750775158 ], [ 578141.462564746616408, 2563858.865538750775158 ], [ 578141.462564746616408, 2563808.865538750775158 ], [ 578091.462564746616408, 2563808.865538750775158 ], [ 578091.462564746616408, 2563858.865538750775158 ] ] ] ] } },
{ "type": "Feature", "properties": { "id": 652.0, "temple": 0.0, "parking": 0.0, "junction": 0.0, "building": 1.0, "hotel": 0.0, "id_2": 5, "GHAT_NAME": "Shri Narasimha Ghat", "n": 1, "distance": 289.39650718159373, "Demand": 7.0, "Class": "Low" }, "geometry": { "type": "MultiPolygon", "coordinates": [ [ [ [ 578091.462564746616408, 2563808.865538750775158 ], [ 578141.462564746616408, 2563808.865538750775158 ], [ 578141.462564746616408, 2563758.865538750775158 ], [ 578091.462564746616408, 2563758.865538750775158 ], [ 578091.462564746616408, 2563808.865538750775158 ] ] ] ] } },
{ "type": "Feature", "properties": { "id": 653.0, "temple": 0.0, "parking": 0.0, "junction": 0.0, "building": 3.0, "hotel": 0.0, "id_2": 5, "GHAT_NAME": "Shri Narasimha Ghat", "n": 1, "distance": 322.96293497523669, "Demand": 9.0, "Class": "Low" }, "geometry": { "type": "MultiPolygon", "coordinates": [ [ [ [ 578091.462564746616408, 2563758.865538750775158 ], [ 578141.462564746616408, 2563758.865538750775158 ], [ 578141.462564746616408, 2563708.865538750775158 ], [ 578091.462564746616408, 2563708.865538750775158 ], [ 578091.462564746616408, 2563758.865538750775158 ] ] ] ] } },
{ "type": "Feature", "properties": { "id": 654.0, "temple": 0.0, "parking": 0.0, "junction": 0.0, "building": 4.0, "hotel": 0.0, "id_2": 5, "GHAT_NAME": "Shri Narasimha Ghat", "n": 1, "distance": 360.36061988892692, "Demand": 10.0, "Class": "Low" }, "geometry": { "type": "MultiPolygon", "coordinates": [ [ [ [ 578091.462564746616408, 2563708.865538750775158 ], [ 578141.462564746616408, 2563708.865538750775158 ], [ 578141.462564746616408, 2563658.865538750775158 ], [ 578091.462564746616408, 2563658.865538750775158 ], [ 578091.462564746616408, 2563708.865538750775158 ] ] ] ] } },
{ "type": "Feature", "properties": { "id": 655.0, "temple": 0.0, "parking": 0.0, "junction": 0.0, "building": 11.0, "hotel": 0.0, "id_2": 5, "GHAT_NAME": "Shri Narasimha Ghat", "n": 1, "distance": 400.51778408161152, "Demand": 17.0, "Class": "High" }, "geometry": { "type": "MultiPolygon", "coordinates": [ [ [ [ 578091.462564746616408, 2563658.865538750775158 ], [ 578141.462564746616408, 2563658.865538750775158 ], [ 578141.462564746616408, 2563608.865538750775158 ], [ 578091.462564746616408, 2563608.865538750775158 ], [ 578091.462564746616408, 2563658.865538750775158 ] ] ] ] } },
{ "type": "Feature", "properties": { "id": 656.0, "temple": 0.0, "parking": 0.0, "junction": 1.0, "building": 13.0, "hotel": 0.0, "id_2": 5, "GHAT_NAME": "Shri Narasimha Ghat", "n": 1, "distance": 442.68410222703631, "Demand": 21.0, "Class": "High" }, "geometry": { "type": "MultiPolygon", "coordinates": [ [ [ [ 578091.462564746616408, 2563608.865538750775158 ], [ 578141.462564746616408, 2563608.865538750775158 ], [ 578141.462564746616408, 2563558.865538750775158 ], [ 578091.462564746616408, 2563558.865538750775158 ], [ 578091.462564746616408, 2563608.865538750775158 ] ] ] ] } },
{ "type": "Feature", "properties": { "id": 657.0, "temple": 0.0, "parking": 0.0, "junction": 1.0, "building": 7.0, "hotel": 2.0, "id_2": 5, "GHAT_NAME": "Shri Narasimha Ghat", "n": 1, "distance": 486.33726298060878, "Demand": 19.0, "Class": "High" }, "geometry": { "type": "MultiPolygon", "coordinates": [ [ [ [ 578091.462564746616408, 2563558.865538750775158 ], [ 578141.462564746616408, 2563558.865538750775158 ], [ 578141.462564746616408, 2563508.865538750775158 ], [ 578091.462564746616408, 2563508.865538750775158 ], [ 578091.462564746616408, 2563558.865538750775158 ] ] ] ] } },
{ "type": "Feature", "properties": { "id": 658.0, "temple": 0.0, "parking": 0.0, "junction": 0.0, "building": 10.0, "hotel": 0.0, "id_2": 5, "GHAT_NAME": "Shri Narasimha Ghat", "n": 1, "distance": 531.11077221459425, "Demand": 12.0, "Class": "Moderate" }, "geometry": { "type": "MultiPolygon", "coordinates": [ [ [ [ 578091.462564746616408, 2563508.865538750775158 ], [ 578141.462564746616408, 2563508.865538750775158 ], [ 578141.462564746616408, 2563458.865538750775158 ], [ 578091.462564746616408, 2563458.865538750775158 ], [ 578091.462564746616408, 2563508.865538750775158 ] ] ] ] } },
{ "type": "Feature", "properties": { "id": 659.0, "temple": 0.0, "parking": 0.0, "junction": 0.0, "building": 4.0, "hotel": 0.0, "id_2": 5, "GHAT_NAME": "Shri Narasimha Ghat", "n": 1, "distance": 576.74376577583848, "Demand": 6.0, "Class": "Low" }, "geometry": { "type": "MultiPolygon", "coordinates": [ [ [ [ 578097.048024469870143, 2563418.8214773661457 ], [ 578091.462564746616408, 2563421.861771948169917 ], [ 578091.462564746616408, 2563458.865538750775158 ], [ 578141.462564746616408, 2563458.865538750775158 ], [ 578141.462564746616408, 2563411.452540288679302 ], [ 578097.048024469870143, 2563418.8214773661457 ] ] ] ] } },
{ "type": "Feature", "properties": { "id": 661.0, "temple": 0.0, "parking": 0.0, "junction": 0.0, "building": 0.0, "hotel": 0.0, "id_2": 10, "GHAT_NAME": "Chakra Tirth Ghat", "n": 1, "distance": 264.56406508106738, "Demand": 6.0, "Class": "Low" }, "geometry": { "type": "MultiPolygon", "coordinates": [ [ [ [ 578191.462564746616408, 2565522.197291694581509 ], [ 578191.462564746616408, 2565508.865538750775158 ], [ 578141.462564746616408, 2565508.865538750775158 ], [ 578141.462564746616408, 2565513.359528624918312 ], [ 578191.462564746616408, 2565522.197291694581509 ] ] ] ] } },
{ "type": "Feature", "properties": { "id": 662.0, "temple": 0.0, "parking": 0.0, "junction": 0.0, "building": 0.0, "hotel": 0.0, "id_2": 10, "GHAT_NAME": "Chakra Tirth Ghat", "n": 1, "distance": 214.56406508106738, "Demand": 6.0, "Class": "Low" }, "geometry": { "type": "MultiPolygon", "coordinates": [ [ [ [ 578141.462564746616408, 2565508.865538750775158 ], [ 578191.462564746616408, 2565508.865538750775158 ], [ 578191.462564746616408, 2565458.865538750775158 ], [ 578141.462564746616408, 2565458.865538750775158 ], [ 578141.462564746616408, 2565508.865538750775158 ] ] ] ] } },
{ "type": "Feature", "properties": { "id": 663.0, "temple": 0.0, "parking": 0.0, "junction": 0.0, "building": 0.0, "hotel": 0.0, "id_2": 10, "GHAT_NAME": "Chakra Tirth Ghat", "n": 1, "distance": 164.56406508106738, "Demand": 10.0, "Class": "Low" }, "geometry": { "type": "MultiPolygon", "coordinates": [ [ [ [ 578141.462564746616408, 2565458.865538750775158 ], [ 578191.462564746616408, 2565458.865538750775158 ], [ 578191.462564746616408, 2565408.865538750775158 ], [ 578141.462564746616408, 2565408.865538750775158 ], [ 578141.462564746616408, 2565458.865538750775158 ] ] ] ] } },
{ "type": "Feature", "properties": { "id": 664.0, "temple": 0.0, "parking": 0.0, "junction": 0.0, "building": 0.0, "hotel": 0.0, "id_2": 10, "GHAT_NAME": "Chakra Tirth Ghat", "n": 1, "distance": 114.56406508106737, "Demand": 10.0, "Class": "Low" }, "geometry": { "type": "MultiPolygon", "coordinates": [ [ [ [ 578141.462564746616408, 2565408.865538750775158 ], [ 578191.462564746616408, 2565408.865538750775158 ], [ 578191.462564746616408, 2565358.865538750775158 ], [ 578141.462564746616408, 2565358.865538750775158 ], [ 578141.462564746616408, 2565408.865538750775158 ] ] ] ] } },
{ "type": "Feature", "properties": { "id": 665.0, "temple": 0.0, "parking": 0.0, "junction": 0.0, "building": 0.0, "hotel": 0.0, "id_2": 10, "GHAT_NAME": "Chakra Tirth Ghat", "n": 1, "distance": 64.564065081067383, "Demand": 10.0, "Class": "Low" }, "geometry": { "type": "MultiPolygon", "coordinates": [ [ [ [ 578141.462564746616408, 2565358.865538750775158 ], [ 578191.462564746616408, 2565358.865538750775158 ], [ 578191.462564746616408, 2565308.865538750775158 ], [ 578141.462564746616408, 2565308.865538750775158 ], [ 578141.462564746616408, 2565358.865538750775158 ] ] ] ] } },
{ "type": "Feature", "properties": { "id": 666.0, "temple": 0.0, "parking": 0.0, "junction": 0.0, "building": 0.0, "hotel": 0.0, "id_2": 10, "GHAT_NAME": "Chakra Tirth Ghat", "n": 1, "distance": 14.564065081067383, "Demand": 2.0, "Class": "Very Low" }, "geometry": { "type": "MultiPolygon", "coordinates": [ [ [ [ 578141.462564746616408, 2565308.865538750775158 ], [ 578191.462564746616408, 2565308.865538750775158 ], [ 578191.462564746616408, 2565258.865538750775158 ], [ 578141.462564746616408, 2565258.865538750775158 ], [ 578141.462564746616408, 2565308.865538750775158 ] ] ] ] } },
{ "type": "Feature", "properties": { "id": 667.0, "temple": 0.0, "parking": 0.0, "junction": 0.0, "building": 3.0, "hotel": 0.0, "id_2": 10, "GHAT_NAME": "Chakra Tirth Ghat", "n": 1, "distance": 0.0, "Demand": 5.0, "Class": "Very Low" }, "geometry": { "type": "MultiPolygon", "coordinates": [ [ [ [ 578141.462564746616408, 2565258.865538750775158 ], [ 578191.462564746616408, 2565258.865538750775158 ], [ 578191.462564746616408, 2565208.865538750775158 ], [ 578141.462564746616408, 2565208.865538750775158 ], [ 578141.462564746616408, 2565258.865538750775158 ] ] ] ] } },
{ "type": "Feature", "properties": { "id": 668.0, "temple": 0.0, "parking": 0.0, "junction": 0.0, "building": 1.0, "hotel": 0.0, "id_2": 10, "GHAT_NAME": "Chakra Tirth Ghat", "n": 1, "distance": 0.0, "Demand": 3.0, "Class": "Very Low" }, "geometry": { "type": "MultiPolygon", "coordinates": [ [ [ [ 578141.462564746616408, 2565208.865538750775158 ], [ 578191.462564746616408, 2565208.865538750775158 ], [ 578191.462564746616408, 2565158.865538750775158 ], [ 578141.462564746616408, 2565158.865538750775158 ], [ 578141.462564746616408, 2565208.865538750775158 ] ] ] ] } },
{ "type": "Feature", "properties": { "id": 669.0, "temple": 0.0, "parking": 0.0, "junction": 0.0, "building": 0.0, "hotel": 0.0, "id_2": 10, "GHAT_NAME": "Chakra Tirth Ghat", "n": 1, "distance": 0.0, "Demand": 2.0, "Class": "Very Low" }, "geometry": { "type": "MultiPolygon", "coordinates": [ [ [ [ 578141.462564746616408, 2565158.865538750775158 ], [ 578191.462564746616408, 2565158.865538750775158 ], [ 578191.462564746616408, 2565108.865538750775158 ], [ 578141.462564746616408, 2565108.865538750775158 ], [ 578141.462564746616408, 2565158.865538750775158 ] ] ] ] } },
{ "type": "Feature", "properties": { "id": 670.0, "temple": 0.0, "parking": 0.0, "junction": 0.0, "building": 1.0, "hotel": 0.0, "id_2": 10, "GHAT_NAME": "Chakra Tirth Ghat", "n": 1, "distance": 0.0, "Demand": 3.0, "Class": "Very Low" }, "geometry": { "type": "MultiPolygon", "coordinates": [ [ [ [ 578141.462564746616408, 2565108.865538750775158 ], [ 578191.462564746616408, 2565108.865538750775158 ], [ 578191.462564746616408, 2565058.865538750775158 ], [ 578141.462564746616408, 2565058.865538750775158 ], [ 578141.462564746616408, 2565108.865538750775158 ] ] ] ] } },
{ "type": "Feature", "properties": { "id": 671.0, "temple": 0.0, "parking": 0.0, "junction": 0.0, "building": 0.0, "hotel": 0.0, "id_2": 10, "GHAT_NAME": "Chakra Tirth Ghat", "n": 1, "distance": 0.0, "Demand": 2.0, "Class": "Very Low" }, "geometry": { "type": "MultiPolygon", "coordinates": [ [ [ [ 578141.462564746616408, 2565058.865538750775158 ], [ 578191.462564746616408, 2565058.865538750775158 ], [ 578191.462564746616408, 2565008.865538750775158 ], [ 578141.462564746616408, 2565008.865538750775158 ], [ 578141.462564746616408, 2565058.865538750775158 ] ] ] ] } },
{ "type": "Feature", "properties": { "id": 672.0, "temple": 0.0, "parking": 0.0, "junction": 0.0, "building": 0.0, "hotel": 0.0, "id_2": 3, "GHAT_NAME": "Kabir Ghat", "n": 1, "distance": 0.0, "Demand": 2.0, "Class": "Very Low" }, "geometry": { "type": "MultiPolygon", "coordinates": [ [ [ [ 578141.462564746616408, 2565008.865538750775158 ], [ 578191.462564746616408, 2565008.865538750775158 ], [ 578191.462564746616408, 2564958.865538750775158 ], [ 578141.462564746616408, 2564958.865538750775158 ], [ 578141.462564746616408, 2565008.865538750775158 ] ] ] ] } },
{ "type": "Feature", "properties": { "id": 673.0, "temple": 0.0, "parking": 0.0, "junction": 0.0, "building": 0.0, "hotel": 0.0, "id_2": 3, "GHAT_NAME": "Kabir Ghat", "n": 1, "distance": 0.0, "Demand": 2.0, "Class": "Very Low" }, "geometry": { "type": "MultiPolygon", "coordinates": [ [ [ [ 578141.462564746616408, 2564958.865538750775158 ], [ 578191.462564746616408, 2564958.865538750775158 ], [ 578191.462564746616408, 2564908.865538750775158 ], [ 578141.462564746616408, 2564908.865538750775158 ], [ 578141.462564746616408, 2564958.865538750775158 ] ] ] ] } },
{ "type": "Feature", "properties": { "id": 674.0, "temple": 0.0, "parking": 0.0, "junction": 0.0, "building": 0.0, "hotel": 0.0, "id_2": 1, "GHAT_NAME": "Sunheri Ghat", "n": 1, "distance": 0.0, "Demand": 2.0, "Class": "Very Low" }, "geometry": { "type": "MultiPolygon", "coordinates": [ [ [ [ 578141.462564746616408, 2564908.865538750775158 ], [ 578191.462564746616408, 2564908.865538750775158 ], [ 578191.462564746616408, 2564858.865538750775158 ], [ 578141.462564746616408, 2564858.865538750775158 ], [ 578141.462564746616408, 2564908.865538750775158 ] ] ] ] } },
{ "type": "Feature", "properties": { "id": 675.0, "temple": 0.0, "parking": 0.0, "junction": 0.0, "building": 0.0, "hotel": 0.0, "id_2": 1, "GHAT_NAME": "Sunheri Ghat", "n": 1, "distance": 0.0, "Demand": 2.0, "Class": "Very Low" }, "geometry": { "type": "MultiPolygon", "coordinates": [ [ [ [ 578141.462564746616408, 2564858.865538750775158 ], [ 578191.462564746616408, 2564858.865538750775158 ], [ 578191.462564746616408, 2564808.865538750775158 ], [ 578141.462564746616408, 2564808.865538750775158 ], [ 578141.462564746616408, 2564858.865538750775158 ] ] ] ] } },
{ "type": "Feature", "properties": { "id": 676.0, "temple": 0.0, "parking": 0.0, "junction": 0.0, "building": 0.0, "hotel": 0.0, "id_2": 1, "GHAT_NAME": "Sunheri Ghat", "n": 1, "distance": 0.0, "Demand": 2.0, "Class": "Very Low" }, "geometry": { "type": "MultiPolygon", "coordinates": [ [ [ [ 578141.462564746616408, 2564808.865538750775158 ], [ 578191.462564746616408, 2564808.865538750775158 ], [ 578191.462564746616408, 2564758.865538750775158 ], [ 578141.462564746616408, 2564758.865538750775158 ], [ 578141.462564746616408, 2564808.865538750775158 ] ] ] ] } },
{ "type": "Feature", "properties": { "id": 677.0, "temple": 1.0, "parking": 0.0, "junction": 0.0, "building": 1.0, "hotel": 0.0, "id_2": 1, "GHAT_NAME": "Sunheri Ghat", "n": 1, "distance": 0.0, "Demand": 8.0, "Class": "Low" }, "geometry": { "type": "MultiPolygon", "coordinates": [ [ [ [ 578141.462564746616408, 2564758.865538750775158 ], [ 578191.462564746616408, 2564758.865538750775158 ], [ 578191.462564746616408, 2564708.865538750775158 ], [ 578141.462564746616408, 2564708.865538750775158 ], [ 578141.462564746616408, 2564758.865538750775158 ] ] ] ] } },
{ "type": "Feature", "properties": { "id": 678.0, "temple": 0.0, "parking": 0.0, "junction": 2.0, "building": 1.0, "hotel": 0.0, "id_2": 2, "GHAT_NAME": "Shipra Ghat", "n": 1, "distance": 0.0, "Demand": 7.0, "Class": "Low" }, "geometry": { "type": "MultiPolygon", "coordinates": [ [ [ [ 578141.462564746616408, 2564708.865538750775158 ], [ 578191.462564746616408, 2564708.865538750775158 ], [ 578191.462564746616408, 2564658.865538750775158 ], [ 578141.462564746616408, 2564658.865538750775158 ], [ 578141.462564746616408, 2564708.865538750775158 ] ] ] ] } },
{ "type": "Feature", "properties": { "id": 678.0, "temple": 0.0, "parking": 0.0, "junction": 2.0, "building": 1.0, "hotel": 0.0, "id_2": 1, "GHAT_NAME": "Sunheri Ghat", "n": 2, "distance": 0.0, "Demand": 7.0, "Class": "Low" }, "geometry": { "type": "MultiPolygon", "coordinates": [ [ [ [ 578141.462564746616408, 2564708.865538750775158 ], [ 578191.462564746616408, 2564708.865538750775158 ], [ 578191.462564746616408, 2564658.865538750775158 ], [ 578141.462564746616408, 2564658.865538750775158 ], [ 578141.462564746616408, 2564708.865538750775158 ] ] ] ] } },
{ "type": "Feature", "properties": { "id": 679.0, "temple": 0.0, "parking": 0.0, "junction": 1.0, "building": 0.0, "hotel": 0.0, "id_2": 2, "GHAT_NAME": "Shipra Ghat", "n": 1, "distance": 0.0, "Demand": 4.0, "Class": "Very Low" }, "geometry": { "type": "MultiPolygon", "coordinates": [ [ [ [ 578141.462564746616408, 2564658.865538750775158 ], [ 578191.462564746616408, 2564658.865538750775158 ], [ 578191.462564746616408, 2564608.865538750775158 ], [ 578141.462564746616408, 2564608.865538750775158 ], [ 578141.462564746616408, 2564658.865538750775158 ] ] ] ] } },
{ "type": "Feature", "properties": { "id": 680.0, "temple": 0.0, "parking": 0.0, "junction": 0.0, "building": 0.0, "hotel": 0.0, "id_2": 2, "GHAT_NAME": "Shipra Ghat", "n": 1, "distance": 0.0, "Demand": 2.0, "Class": "Very Low" }, "geometry": { "type": "MultiPolygon", "coordinates": [ [ [ [ 578141.462564746616408, 2564608.865538750775158 ], [ 578191.462564746616408, 2564608.865538750775158 ], [ 578191.462564746616408, 2564558.865538750775158 ], [ 578141.462564746616408, 2564558.865538750775158 ], [ 578141.462564746616408, 2564608.865538750775158 ] ] ] ] } },
{ "type": "Feature", "properties": { "id": 681.0, "temple": 0.0, "parking": 0.0, "junction": 0.0, "building": 1.0, "hotel": 0.0, "id_2": 2, "GHAT_NAME": "Shipra Ghat", "n": 1, "distance": 0.0, "Demand": 3.0, "Class": "Very Low" }, "geometry": { "type": "MultiPolygon", "coordinates": [ [ [ [ 578141.462564746616408, 2564558.865538750775158 ], [ 578191.462564746616408, 2564558.865538750775158 ], [ 578191.462564746616408, 2564508.865538750775158 ], [ 578141.462564746616408, 2564508.865538750775158 ], [ 578141.462564746616408, 2564558.865538750775158 ] ] ] ] } },
{ "type": "Feature", "properties": { "id": 682.0, "temple": 0.0, "parking": 0.0, "junction": 0.0, "building": 0.0, "hotel": 0.0, "id_2": 2, "GHAT_NAME": "Shipra Ghat", "n": 1, "distance": 0.0, "Demand": 2.0, "Class": "Very Low" }, "geometry": { "type": "MultiPolygon", "coordinates": [ [ [ [ 578141.462564746616408, 2564508.865538750775158 ], [ 578191.462564746616408, 2564508.865538750775158 ], [ 578191.462564746616408, 2564458.865538750775158 ], [ 578141.462564746616408, 2564458.865538750775158 ], [ 578141.462564746616408, 2564508.865538750775158 ] ] ] ] } },
{ "type": "Feature", "properties": { "id": 683.0, "temple": 0.0, "parking": 0.0, "junction": 0.0, "building": 0.0, "hotel": 0.0, "id_2": 2, "GHAT_NAME": "Shipra Ghat", "n": 1, "distance": 0.0, "Demand": 2.0, "Class": "Very Low" }, "geometry": { "type": "MultiPolygon", "coordinates": [ [ [ [ 578141.462564746616408, 2564458.865538750775158 ], [ 578191.462564746616408, 2564458.865538750775158 ], [ 578191.462564746616408, 2564408.865538750775158 ], [ 578141.462564746616408, 2564408.865538750775158 ], [ 578141.462564746616408, 2564458.865538750775158 ] ] ] ] } },
{ "type": "Feature", "properties": { "id": 684.0, "temple": 0.0, "parking": 0.0, "junction": 0.0, "building": 0.0, "hotel": 0.0, "id_2": 9, "GHAT_NAME": "Ram Ghat", "n": 1, "distance": 2.146619800049494, "Demand": 2.0, "Class": "Very Low" }, "geometry": { "type": "MultiPolygon", "coordinates": [ [ [ [ 578141.462564746616408, 2564408.865538750775158 ], [ 578191.462564746616408, 2564408.865538750775158 ], [ 578191.462564746616408, 2564358.865538750775158 ], [ 578141.462564746616408, 2564358.865538750775158 ], [ 578141.462564746616408, 2564408.865538750775158 ] ] ] ] } },
{ "type": "Feature", "properties": { "id": 685.0, "temple": 0.0, "parking": 0.0, "junction": 0.0, "building": 0.0, "hotel": 0.0, "id_2": 4, "GHAT_NAME": "Maharishi Sant Balinath Ghat", "n": 1, "distance": 0.0, "Demand": 2.0, "Class": "Very Low" }, "geometry": { "type": "MultiPolygon", "coordinates": [ [ [ [ 578141.462564746616408, 2564358.865538750775158 ], [ 578191.462564746616408, 2564358.865538750775158 ], [ 578191.462564746616408, 2564308.865538750775158 ], [ 578141.462564746616408, 2564308.865538750775158 ], [ 578141.462564746616408, 2564358.865538750775158 ] ] ] ] } },
{ "type": "Feature", "properties": { "id": 685.0, "temple": 0.0, "parking": 0.0, "junction": 0.0, "building": 0.0, "hotel": 0.0, "id_2": 9, "GHAT_NAME": "Ram Ghat", "n": 2, "distance": 0.0, "Demand": 2.0, "Class": "Very Low" }, "geometry": { "type": "MultiPolygon", "coordinates": [ [ [ [ 578141.462564746616408, 2564358.865538750775158 ], [ 578191.462564746616408, 2564358.865538750775158 ], [ 578191.462564746616408, 2564308.865538750775158 ], [ 578141.462564746616408, 2564308.865538750775158 ], [ 578141.462564746616408, 2564358.865538750775158 ] ] ] ] } },
{ "type": "Feature", "properties": { "id": 686.0, "temple": 2.0, "parking": 0.0, "junction": 0.0, "building": 1.0, "hotel": 0.0, "id_2": 4, "GHAT_NAME": "Maharishi Sant Balinath Ghat", "n": 1, "distance": 0.0, "Demand": 13.0, "Class": "Moderate" }, "geometry": { "type": "MultiPolygon", "coordinates": [ [ [ [ 578141.462564746616408, 2564308.865538750775158 ], [ 578191.462564746616408, 2564308.865538750775158 ], [ 578191.462564746616408, 2564258.865538750775158 ], [ 578141.462564746616408, 2564258.865538750775158 ], [ 578141.462564746616408, 2564308.865538750775158 ] ] ] ] } },
{ "type": "Feature", "properties": { "id": 687.0, "temple": 0.0, "parking": 0.0, "junction": 0.0, "building": 1.0, "hotel": 2.0, "id_2": 4, "GHAT_NAME": "Maharishi Sant Balinath Ghat", "n": 1, "distance": 0.0, "Demand": 7.0, "Class": "Low" }, "geometry": { "type": "MultiPolygon", "coordinates": [ [ [ [ 578141.462564746616408, 2564258.865538750775158 ], [ 578191.462564746616408, 2564258.865538750775158 ], [ 578191.462564746616408, 2564208.865538750775158 ], [ 578141.462564746616408, 2564208.865538750775158 ], [ 578141.462564746616408, 2564258.865538750775158 ] ] ] ] } },
{ "type": "Feature", "properties": { "id": 688.0, "temple": 0.0, "parking": 0.0, "junction": 1.0, "building": 3.0, "hotel": 0.0, "id_2": 4, "GHAT_NAME": "Maharishi Sant Balinath Ghat", "n": 1, "distance": 17.794462867879879, "Demand": 7.0, "Class": "Low" }, "geometry": { "type": "MultiPolygon", "coordinates": [ [ [ [ 578141.462564746616408, 2564208.865538750775158 ], [ 578191.462564746616408, 2564208.865538750775158 ], [ 578191.462564746616408, 2564158.865538750775158 ], [ 578141.462564746616408, 2564158.865538750775158 ], [ 578141.462564746616408, 2564208.865538750775158 ] ] ] ] } },
{ "type": "Feature", "properties": { "id": 689.0, "temple": 1.0, "parking": 0.0, "junction": 0.0, "building": 1.0, "hotel": 0.0, "id_2": 4, "GHAT_NAME": "Maharishi Sant Balinath Ghat", "n": 1, "distance": 50.931483153661446, "Demand": 16.0, "Class": "High" }, "geometry": { "type": "MultiPolygon", "coordinates": [ [ [ [ 578141.462564746616408, 2564158.865538750775158 ], [ 578191.462564746616408, 2564158.865538750775158 ], [ 578191.462564746616408, 2564108.865538750775158 ], [ 578141.462564746616408, 2564108.865538750775158 ], [ 578141.462564746616408, 2564158.865538750775158 ] ] ] ] } },
{ "type": "Feature", "properties": { "id": 690.0, "temple": 0.0, "parking": 0.0, "junction": 1.0, "building": 3.0, "hotel": 0.0, "id_2": 4, "GHAT_NAME": "Maharishi Sant Balinath Ghat", "n": 1, "distance": 85.755550693275765, "Demand": 15.0, "Class": "Moderate" }, "geometry": { "type": "MultiPolygon", "coordinates": [ [ [ [ 578141.462564746616408, 2564108.865538750775158 ], [ 578191.462564746616408, 2564108.865538750775158 ], [ 578191.462564746616408, 2564058.865538750775158 ], [ 578141.462564746616408, 2564058.865538750775158 ], [ 578141.462564746616408, 2564108.865538750775158 ] ] ] ] } },
{ "type": "Feature", "properties": { "id": 691.0, "temple": 0.0, "parking": 0.0, "junction": 0.0, "building": 2.0, "hotel": 0.0, "id_2": 4, "GHAT_NAME": "Maharishi Sant Balinath Ghat", "n": 1, "distance": 128.13967989513679, "Demand": 12.0, "Class": "Moderate" }, "geometry": { "type": "MultiPolygon", "coordinates": [ [ [ [ 578141.462564746616408, 2564058.865538750775158 ], [ 578191.462564746616408, 2564058.865538750775158 ], [ 578191.462564746616408, 2564008.865538750775158 ], [ 578141.462564746616408, 2564008.865538750775158 ], [ 578141.462564746616408, 2564058.865538750775158 ] ] ] ] } },
{ "type": "Feature", "properties": { "id": 692.0, "temple": 0.0, "parking": 0.0, "junction": 0.0, "building": 2.0, "hotel": 0.0, "id_2": 4, "GHAT_NAME": "Maharishi Sant Balinath Ghat", "n": 1, "distance": 172.87261905982027, "Demand": 12.0, "Class": "Moderate" }, "geometry": { "type": "MultiPolygon", "coordinates": [ [ [ [ 578141.462564746616408, 2564008.865538750775158 ], [ 578191.462564746616408, 2564008.865538750775158 ], [ 578191.462564746616408, 2563958.865538750775158 ], [ 578141.462564746616408, 2563958.865538750775158 ], [ 578141.462564746616408, 2564008.865538750775158 ] ] ] ] } },
{ "type": "Feature", "properties": { "id": 693.0, "temple": 0.0, "parking": 0.0, "junction": 0.0, "building": 2.0, "hotel": 1.0, "id_2": 4, "GHAT_NAME": "Maharishi Sant Balinath Ghat", "n": 1, "distance": 218.95228638425749, "Demand": 10.0, "Class": "Low" }, "geometry": { "type": "MultiPolygon", "coordinates": [ [ [ [ 578141.462564746616408, 2563958.865538750775158 ], [ 578191.462564746616408, 2563958.865538750775158 ], [ 578191.462564746616408, 2563908.865538750775158 ], [ 578141.462564746616408, 2563908.865538750775158 ], [ 578141.462564746616408, 2563958.865538750775158 ] ] ] ] } },
{ "type": "Feature", "properties": { "id": 694.0, "temple": 0.0, "parking": 0.0, "junction": 0.0, "building": 0.0, "hotel": 0.0, "id_2": 4, "GHAT_NAME": "Maharishi Sant Balinath Ghat", "n": 1, "distance": 266.44936668190093, "Demand": 6.0, "Class": "Low" }, "geometry": { "type": "MultiPolygon", "coordinates": [ [ [ [ 578141.462564746616408, 2563908.865538750775158 ], [ 578191.462564746616408, 2563908.865538750775158 ], [ 578191.462564746616408, 2563858.865538750775158 ], [ 578141.462564746616408, 2563858.865538750775158 ], [ 578141.462564746616408, 2563908.865538750775158 ] ] ] ] } },
{ "type": "Feature", "properties": { "id": 695.0, "temple": 0.0, "parking": 0.0, "junction": 0.0, "building": 2.0, "hotel": 0.0, "id_2": 5, "GHAT_NAME": "Shri Narasimha Ghat", "n": 1, "distance": 305.471209001955, "Demand": 8.0, "Class": "Low" }, "geometry": { "type": "MultiPolygon", "coordinates": [ [ [ [ 578141.462564746616408, 2563858.865538750775158 ], [ 578191.462564746616408, 2563858.865538750775158 ], [ 578191.462564746616408, 2563808.865538750775158 ], [ 578141.462564746616408, 2563808.865538750775158 ], [ 578141.462564746616408, 2563858.865538750775158 ] ] ] ] } },
{ "type": "Feature", "properties": { "id": 696.0, "temple": 0.0, "parking": 0.0, "junction": 0.0, "building": 0.0, "hotel": 0.0, "id_2": 5, "GHAT_NAME": "Shri Narasimha Ghat", "n": 1, "distance": 329.95056982528274, "Demand": 6.0, "Class": "Low" }, "geometry": { "type": "MultiPolygon", "coordinates": [ [ [ [ 578141.462564746616408, 2563808.865538750775158 ], [ 578191.462564746616408, 2563808.865538750775158 ], [ 578191.462564746616408, 2563758.865538750775158 ], [ 578141.462564746616408, 2563758.865538750775158 ], [ 578141.462564746616408, 2563808.865538750775158 ] ] ] ] } },
{ "type": "Feature", "properties": { "id": 697.0, "temple": 0.0, "parking": 0.0, "junction": 0.0, "building": 3.0, "hotel": 0.0, "id_2": 5, "GHAT_NAME": "Shri Narasimha Ghat", "n": 1, "distance": 359.75282837934924, "Demand": 9.0, "Class": "Low" }, "geometry": { "type": "MultiPolygon", "coordinates": [ [ [ [ 578141.462564746616408, 2563758.865538750775158 ], [ 578191.462564746616408, 2563758.865538750775158 ], [ 578191.462564746616408, 2563708.865538750775158 ], [ 578141.462564746616408, 2563708.865538750775158 ], [ 578141.462564746616408, 2563758.865538750775158 ] ] ] ] } },
{ "type": "Feature", "properties": { "id": 698.0, "temple": 0.0, "parking": 0.0, "junction": 0.0, "building": 5.0, "hotel": 0.0, "id_2": 5, "GHAT_NAME": "Shri Narasimha Ghat", "n": 1, "distance": 393.67094955794522, "Demand": 11.0, "Class": "Moderate" }, "geometry": { "type": "MultiPolygon", "coordinates": [ [ [ [ 578141.462564746616408, 2563708.865538750775158 ], [ 578191.462564746616408, 2563708.865538750775158 ], [ 578191.462564746616408, 2563658.865538750775158 ], [ 578141.462564746616408, 2563658.865538750775158 ], [ 578141.462564746616408, 2563708.865538750775158 ] ] ] ] } },
{ "type": "Feature", "properties": { "id": 699.0, "temple": 0.0, "parking": 0.0, "junction": 0.0, "building": 6.0, "hotel": 0.0, "id_2": 5, "GHAT_NAME": "Shri Narasimha Ghat", "n": 1, "distance": 430.73371765484876, "Demand": 12.0, "Class": "Moderate" }, "geometry": { "type": "MultiPolygon", "coordinates": [ [ [ [ 578141.462564746616408, 2563658.865538750775158 ], [ 578191.462564746616408, 2563658.865538750775158 ], [ 578191.462564746616408, 2563608.865538750775158 ], [ 578141.462564746616408, 2563608.865538750775158 ], [ 578141.462564746616408, 2563658.865538750775158 ] ] ] ] } },
{ "type": "Feature", "properties": { "id": 700.0, "temple": 0.0, "parking": 0.0, "junction": 1.0, "building": 5.0, "hotel": 1.0, "id_2": 5, "GHAT_NAME": "Shri Narasimha Ghat", "n": 1, "distance": 470.19810136120253, "Demand": 15.0, "Class": "Moderate" }, "geometry": { "type": "MultiPolygon", "coordinates": [ [ [ [ 578141.462564746616408, 2563608.865538750775158 ], [ 578191.462564746616408, 2563608.865538750775158 ], [ 578191.462564746616408, 2563558.865538750775158 ], [ 578141.462564746616408, 2563558.865538750775158 ], [ 578141.462564746616408, 2563608.865538750775158 ] ] ] ] } },
{ "type": "Feature", "properties": { "id": 701.0, "temple": 0.0, "parking": 0.0, "junction": 2.0, "building": 5.0, "hotel": 0.0, "id_2": 5, "GHAT_NAME": "Shri Narasimha Ghat", "n": 1, "distance": 511.50852732148309, "Demand": 11.0, "Class": "Moderate" }, "geometry": { "type": "MultiPolygon", "coordinates": [ [ [ [ 578141.462564746616408, 2563558.865538750775158 ], [ 578191.462564746616408, 2563558.865538750775158 ], [ 578191.462564746616408, 2563508.865538750775158 ], [ 578141.462564746616408, 2563508.865538750775158 ], [ 578141.462564746616408, 2563558.865538750775158 ] ] ] ] } },
{ "type": "Feature", "properties": { "id": 702.0, "temple": 0.0, "parking": 0.0, "junction": 1.0, "building": 13.0, "hotel": 1.0, "id_2": 5, "GHAT_NAME": "Shri Narasimha Ghat", "n": 1, "distance": 554.25237258987454, "Demand": 19.0, "Class": "High" }, "geometry": { "type": "MultiPolygon", "coordinates": [ [ [ [ 578141.462564746616408, 2563508.865538750775158 ], [ 578191.462564746616408, 2563508.865538750775158 ], [ 578191.462564746616408, 2563458.865538750775158 ], [ 578141.462564746616408, 2563458.865538750775158 ], [ 578141.462564746616408, 2563508.865538750775158 ] ] ] ] } },
{ "type": "Feature", "properties": { "id": 703.0, "temple": 0.0, "parking": 0.0, "junction": 0.0, "building": 11.0, "hotel": 0.0, "id_2": 5, "GHAT_NAME": "Shri Narasimha Ghat", "n": 1, "distance": 598.12240513160668, "Demand": 13.0, "Class": "Moderate" }, "geometry": { "type": "MultiPolygon", "coordinates": [ [ [ [ 578141.462564746616408, 2563411.452540288679302 ], [ 578141.462564746616408, 2563458.865538750775158 ], [ 578191.462564746616408, 2563458.865538750775158 ], [ 578191.462564746616408, 2563408.865538750775158 ], [ 578157.055109883309342, 2563408.865538750775158 ], [ 578141.462564746616408, 2563411.452540288679302 ] ] ] ] } },
{ "type": "Feature", "properties": { "id": 704.0, "temple": 0.0, "parking": 0.0, "junction": 0.0, "building": 0.0, "hotel": 0.0, "id_2": 5, "GHAT_NAME": "Shri Narasimha Ghat", "n": 1, "distance": 649.73891440149248, "Demand": 2.0, "Class": "Very Low" }, "geometry": { "type": "MultiPolygon", "coordinates": [ [ [ [ 578157.055109883309342, 2563408.865538750775158 ], [ 578191.462564746616408, 2563408.865538750775158 ], [ 578191.462564746616408, 2563403.156904409173876 ], [ 578157.055109883309342, 2563408.865538750775158 ] ] ] ] } },
{ "type": "Feature", "properties": { "id": 705.0, "temple": 0.0, "parking": 0.0, "junction": 0.0, "building": 0.0, "hotel": 0.0, "id_2": 10, "GHAT_NAME": "Chakra Tirth Ghat", "n": 1, "distance": 268.18691209236681, "Demand": 6.0, "Class": "Low" }, "geometry": { "type": "MultiPolygon", "coordinates": [ [ [ [ 578241.462564746616408, 2565531.035054764244705 ], [ 578241.462564746616408, 2565508.865538750775158 ], [ 578191.462564746616408, 2565508.865538750775158 ], [ 578191.462564746616408, 2565522.197291694581509 ], [ 578241.462564746616408, 2565531.035054764244705 ] ] ] ] } },
{ "type": "Feature", "properties": { "id": 706.0, "temple": 0.0, "parking": 0.0, "junction": 0.0, "building": 0.0, "hotel": 0.0, "id_2": 10, "GHAT_NAME": "Chakra Tirth Ghat", "n": 1, "distance": 219.01555494880299, "Demand": 6.0, "Class": "Low" }, "geometry": { "type": "MultiPolygon", "coordinates": [ [ [ [ 578191.462564746616408, 2565508.865538750775158 ], [ 578241.462564746616408, 2565508.865538750775158 ], [ 578241.462564746616408, 2565458.865538750775158 ], [ 578191.462564746616408, 2565458.865538750775158 ], [ 578191.462564746616408, 2565508.865538750775158 ] ] ] ] } },
{ "type": "Feature", "properties": { "id": 707.0, "temple": 0.0, "parking": 0.0, "junction": 0.0, "building": 0.0, "hotel": 0.0, "id_2": 10, "GHAT_NAME": "Chakra Tirth Ghat", "n": 1, "distance": 170.32735188872456, "Demand": 10.0, "Class": "Low" }, "geometry": { "type": "MultiPolygon", "coordinates": [ [ [ [ 578191.462564746616408, 2565458.865538750775158 ], [ 578241.462564746616408, 2565458.865538750775158 ], [ 578241.462564746616408, 2565408.865538750775158 ], [ 578191.462564746616408, 2565408.865538750775158 ], [ 578191.462564746616408, 2565458.865538750775158 ] ] ] ] } },
{ "type": "Feature", "properties": { "id": 708.0, "temple": 0.0, "parking": 0.0, "junction": 0.0, "building": 0.0, "hotel": 0.0, "id_2": 10, "GHAT_NAME": "Chakra Tirth Ghat", "n": 1, "distance": 122.69881944549698, "Demand": 10.0, "Class": "Low" }, "geometry": { "type": "MultiPolygon", "coordinates": [ [ [ [ 578191.462564746616408, 2565408.865538750775158 ], [ 578241.462564746616408, 2565408.865538750775158 ], [ 578241.462564746616408, 2565358.865538750775158 ], [ 578191.462564746616408, 2565358.865538750775158 ], [ 578191.462564746616408, 2565408.865538750775158 ] ] ] ] } },
{ "type": "Feature", "properties": { "id": 709.0, "temple": 0.0, "parking": 0.0, "junction": 0.0, "building": 0.0, "hotel": 0.0, "id_2": 10, "GHAT_NAME": "Chakra Tirth Ghat", "n": 1, "distance": 78.093493872485482, "Demand": 10.0, "Class": "Low" }, "geometry": { "type": "MultiPolygon", "coordinates": [ [ [ [ 578191.462564746616408, 2565358.865538750775158 ], [ 578241.462564746616408, 2565358.865538750775158 ], [ 578241.462564746616408, 2565308.865538750775158 ], [ 578191.462564746616408, 2565308.865538750775158 ], [ 578191.462564746616408, 2565358.865538750775158 ] ] ] ] } },
{ "type": "Feature", "properties": { "id": 710.0, "temple": 0.0, "parking": 0.0, "junction": 0.0, "building": 0.0, "hotel": 0.0, "id_2": 10, "GHAT_NAME": "Chakra Tirth Ghat", "n": 1, "distance": 46.283769046018627, "Demand": 2.0, "Class": "Very Low" }, "geometry": { "type": "MultiPolygon", "coordinates": [ [ [ [ 578191.462564746616408, 2565308.865538750775158 ], [ 578241.462564746616408, 2565308.865538750775158 ], [ 578241.462564746616408, 2565258.865538750775158 ], [ 578191.462564746616408, 2565258.865538750775158 ], [ 578191.462564746616408, 2565308.865538750775158 ] ] ] ] } },
{ "type": "Feature", "properties": { "id": 711.0, "temple": 0.0, "parking": 0.0, "junction": 0.0, "building": 0.0, "hotel": 0.0, "id_2": 10, "GHAT_NAME": "Chakra Tirth Ghat", "n": 1, "distance": 36.984177843954257, "Demand": 2.0, "Class": "Very Low" }, "geometry": { "type": "MultiPolygon", "coordinates": [ [ [ [ 578191.462564746616408, 2565258.865538750775158 ], [ 578241.462564746616408, 2565258.865538750775158 ], [ 578241.462564746616408, 2565208.865538750775158 ], [ 578191.462564746616408, 2565208.865538750775158 ], [ 578191.462564746616408, 2565258.865538750775158 ] ] ] ] } },
{ "type": "Feature", "properties": { "id": 712.0, "temple": 0.0, "parking": 0.0, "junction": 1.0, "building": 0.0, "hotel": 0.0, "id_2": 10, "GHAT_NAME": "Chakra Tirth Ghat", "n": 1, "distance": 21.339011389464972, "Demand": 4.0, "Class": "Very Low" }, "geometry": { "type": "MultiPolygon", "coordinates": [ [ [ [ 578191.462564746616408, 2565208.865538750775158 ], [ 578241.462564746616408, 2565208.865538750775158 ], [ 578241.462564746616408, 2565158.865538750775158 ], [ 578191.462564746616408, 2565158.865538750775158 ], [ 578191.462564746616408, 2565208.865538750775158 ] ] ] ] } },
{ "type": "Feature", "properties": { "id": 713.0, "temple": 0.0, "parking": 0.0, "junction": 1.0, "building": 0.0, "hotel": 0.0, "id_2": 10, "GHAT_NAME": "Chakra Tirth Ghat", "n": 1, "distance": 10.015411942354968, "Demand": 4.0, "Class": "Very Low" }, "geometry": { "type": "MultiPolygon", "coordinates": [ [ [ [ 578191.462564746616408, 2565158.865538750775158 ], [ 578241.462564746616408, 2565158.865538750775158 ], [ 578241.462564746616408, 2565108.865538750775158 ], [ 578191.462564746616408, 2565108.865538750775158 ], [ 578191.462564746616408, 2565158.865538750775158 ] ] ] ] } },
{ "type": "Feature", "properties": { "id": 714.0, "temple": 0.0, "parking": 0.0, "junction": 0.0, "building": 5.0, "hotel": 0.0, "id_2": 10, "GHAT_NAME": "Chakra Tirth Ghat", "n": 1, "distance": 0.0, "Demand": 7.0, "Class": "Low" }, "geometry": { "type": "MultiPolygon", "coordinates": [ [ [ [ 578191.462564746616408, 2565108.865538750775158 ], [ 578241.462564746616408, 2565108.865538750775158 ], [ 578241.462564746616408, 2565058.865538750775158 ], [ 578191.462564746616408, 2565058.865538750775158 ], [ 578191.462564746616408, 2565108.865538750775158 ] ] ] ] } },
{ "type": "Feature", "properties": { "id": 715.0, "temple": 0.0, "parking": 0.0, "junction": 0.0, "building": 3.0, "hotel": 0.0, "id_2": 10, "GHAT_NAME": "Chakra Tirth Ghat", "n": 1, "distance": 0.0, "Demand": 5.0, "Class": "Very Low" }, "geometry": { "type": "MultiPolygon", "coordinates": [ [ [ [ 578191.462564746616408, 2565058.865538750775158 ], [ 578241.462564746616408, 2565058.865538750775158 ], [ 578241.462564746616408, 2565008.865538750775158 ], [ 578191.462564746616408, 2565008.865538750775158 ], [ 578191.462564746616408, 2565058.865538750775158 ] ] ] ] } },
{ "type": "Feature", "properties": { "id": 716.0, "temple": 0.0, "parking": 0.0, "junction": 0.0, "building": 2.0, "hotel": 0.0, "id_2": 10, "GHAT_NAME": "Chakra Tirth Ghat", "n": 1, "distance": 0.0, "Demand": 4.0, "Class": "Very Low" }, "geometry": { "type": "MultiPolygon", "coordinates": [ [ [ [ 578191.462564746616408, 2565008.865538750775158 ], [ 578241.462564746616408, 2565008.865538750775158 ], [ 578241.462564746616408, 2564958.865538750775158 ], [ 578191.462564746616408, 2564958.865538750775158 ], [ 578191.462564746616408, 2565008.865538750775158 ] ] ] ] } },
{ "type": "Feature", "properties": { "id": 717.0, "temple": 0.0, "parking": 0.0, "junction": 0.0, "building": 0.0, "hotel": 0.0, "id_2": 10, "GHAT_NAME": "Chakra Tirth Ghat", "n": 1, "distance": 0.0, "Demand": 2.0, "Class": "Very Low" }, "geometry": { "type": "MultiPolygon", "coordinates": [ [ [ [ 578191.462564746616408, 2564958.865538750775158 ], [ 578241.462564746616408, 2564958.865538750775158 ], [ 578241.462564746616408, 2564908.865538750775158 ], [ 578191.462564746616408, 2564908.865538750775158 ], [ 578191.462564746616408, 2564958.865538750775158 ] ] ] ] } },
{ "type": "Feature", "properties": { "id": 718.0, "temple": 0.0, "parking": 0.0, "junction": 0.0, "building": 0.0, "hotel": 0.0, "id_2": 8, "GHAT_NAME": "Sumeru Ghat", "n": 1, "distance": 0.0, "Demand": 2.0, "Class": "Very Low" }, "geometry": { "type": "MultiPolygon", "coordinates": [ [ [ [ 578191.462564746616408, 2564908.865538750775158 ], [ 578241.462564746616408, 2564908.865538750775158 ], [ 578241.462564746616408, 2564858.865538750775158 ], [ 578191.462564746616408, 2564858.865538750775158 ], [ 578191.462564746616408, 2564908.865538750775158 ] ] ] ] } },
{ "type": "Feature", "properties": { "id": 719.0, "temple": 0.0, "parking": 0.0, "junction": 0.0, "building": 0.0, "hotel": 0.0, "id_2": 8, "GHAT_NAME": "Sumeru Ghat", "n": 1, "distance": 0.0, "Demand": 2.0, "Class": "Very Low" }, "geometry": { "type": "MultiPolygon", "coordinates": [ [ [ [ 578191.462564746616408, 2564858.865538750775158 ], [ 578241.462564746616408, 2564858.865538750775158 ], [ 578241.462564746616408, 2564808.865538750775158 ], [ 578191.462564746616408, 2564808.865538750775158 ], [ 578191.462564746616408, 2564858.865538750775158 ] ] ] ] } },
{ "type": "Feature", "properties": { "id": 720.0, "temple": 0.0, "parking": 0.0, "junction": 0.0, "building": 0.0, "hotel": 0.0, "id_2": 8, "GHAT_NAME": "Sumeru Ghat", "n": 1, "distance": 10.282167122051945, "Demand": 2.0, "Class": "Very Low" }, "geometry": { "type": "MultiPolygon", "coordinates": [ [ [ [ 578191.462564746616408, 2564808.865538750775158 ], [ 578241.462564746616408, 2564808.865538750775158 ], [ 578241.462564746616408, 2564758.865538750775158 ], [ 578191.462564746616408, 2564758.865538750775158 ], [ 578191.462564746616408, 2564808.865538750775158 ] ] ] ] } },
{ "type": "Feature", "properties": { "id": 721.0, "temple": 0.0, "parking": 0.0, "junction": 0.0, "building": 0.0, "hotel": 0.0, "id_2": 8, "GHAT_NAME": "Sumeru Ghat", "n": 1, "distance": 1.140593016054481, "Demand": 2.0, "Class": "Very Low" }, "geometry": { "type": "MultiPolygon", "coordinates": [ [ [ [ 578191.462564746616408, 2564758.865538750775158 ], [ 578241.462564746616408, 2564758.865538750775158 ], [ 578241.462564746616408, 2564708.865538750775158 ], [ 578191.462564746616408, 2564708.865538750775158 ], [ 578191.462564746616408, 2564758.865538750775158 ] ] ] ] } },
{ "type": "Feature", "properties": { "id": 722.0, "temple": 0.0, "parking": 0.0, "junction": 0.0, "building": 0.0, "hotel": 0.0, "id_2": 8, "GHAT_NAME": "Sumeru Ghat", "n": 1, "distance": 9.8428117702714353, "Demand": 2.0, "Class": "Very Low" }, "geometry": { "type": "MultiPolygon", "coordinates": [ [ [ [ 578191.462564746616408, 2564708.865538750775158 ], [ 578241.462564746616408, 2564708.865538750775158 ], [ 578241.462564746616408, 2564658.865538750775158 ], [ 578191.462564746616408, 2564658.865538750775158 ], [ 578191.462564746616408, 2564708.865538750775158 ] ] ] ] } },
{ "type": "Feature", "properties": { "id": 723.0, "temple": 0.0, "parking": 0.0, "junction": 0.0, "building": 0.0, "hotel": 0.0, "id_2": 2, "GHAT_NAME": "Shipra Ghat", "n": 1, "distance": 8.3588499621636103, "Demand": 2.0, "Class": "Very Low" }, "geometry": { "type": "MultiPolygon", "coordinates": [ [ [ [ 578191.462564746616408, 2564658.865538750775158 ], [ 578241.462564746616408, 2564658.865538750775158 ], [ 578241.462564746616408, 2564608.865538750775158 ], [ 578191.462564746616408, 2564608.865538750775158 ], [ 578191.462564746616408, 2564658.865538750775158 ] ] ] ] } },
{ "type": "Feature", "properties": { "id": 724.0, "temple": 0.0, "parking": 0.0, "junction": 0.0, "building": 0.0, "hotel": 0.0, "id_2": 2, "GHAT_NAME": "Shipra Ghat", "n": 1, "distance": 7.8180347176967198, "Demand": 2.0, "Class": "Very Low" }, "geometry": { "type": "MultiPolygon", "coordinates": [ [ [ [ 578191.462564746616408, 2564608.865538750775158 ], [ 578241.462564746616408, 2564608.865538750775158 ], [ 578241.462564746616408, 2564558.865538750775158 ], [ 578191.462564746616408, 2564558.865538750775158 ], [ 578191.462564746616408, 2564608.865538750775158 ] ] ] ] } },
{ "type": "Feature", "properties": { "id": 725.0, "temple": 0.0, "parking": 0.0, "junction": 0.0, "building": 0.0, "hotel": 0.0, "id_2": 9, "GHAT_NAME": "Ram Ghat", "n": 1, "distance": 8.3523526544815674, "Demand": 2.0, "Class": "Very Low" }, "geometry": { "type": "MultiPolygon", "coordinates": [ [ [ [ 578191.462564746616408, 2564558.865538750775158 ], [ 578241.462564746616408, 2564558.865538750775158 ], [ 578241.462564746616408, 2564508.865538750775158 ], [ 578191.462564746616408, 2564508.865538750775158 ], [ 578191.462564746616408, 2564558.865538750775158 ] ] ] ] } },
{ "type": "Feature", "properties": { "id": 726.0, "temple": 0.0, "parking": 0.0, "junction": 0.0, "building": 0.0, "hotel": 0.0, "id_2": 9, "GHAT_NAME": "Ram Ghat", "n": 1, "distance": 0.0, "Demand": 2.0, "Class": "Very Low" }, "geometry": { "type": "MultiPolygon", "coordinates": [ [ [ [ 578191.462564746616408, 2564508.865538750775158 ], [ 578241.462564746616408, 2564508.865538750775158 ], [ 578241.462564746616408, 2564458.865538750775158 ], [ 578191.462564746616408, 2564458.865538750775158 ], [ 578191.462564746616408, 2564508.865538750775158 ] ] ] ] } },
{ "type": "Feature", "properties": { "id": 727.0, "temple": 0.0, "parking": 0.0, "junction": 0.0, "building": 1.0, "hotel": 0.0, "id_2": 9, "GHAT_NAME": "Ram Ghat", "n": 1, "distance": 0.0, "Demand": 3.0, "Class": "Very Low" }, "geometry": { "type": "MultiPolygon", "coordinates": [ [ [ [ 578191.462564746616408, 2564458.865538750775158 ], [ 578241.462564746616408, 2564458.865538750775158 ], [ 578241.462564746616408, 2564408.865538750775158 ], [ 578191.462564746616408, 2564408.865538750775158 ], [ 578191.462564746616408, 2564458.865538750775158 ] ] ] ] } },
{ "type": "Feature", "properties": { "id": 728.0, "temple": 0.0, "parking": 0.0, "junction": 0.0, "building": 0.0, "hotel": 0.0, "id_2": 9, "GHAT_NAME": "Ram Ghat", "n": 1, "distance": 0.0, "Demand": 2.0, "Class": "Very Low" }, "geometry": { "type": "MultiPolygon", "coordinates": [ [ [ [ 578191.462564746616408, 2564408.865538750775158 ], [ 578241.462564746616408, 2564408.865538750775158 ], [ 578241.462564746616408, 2564358.865538750775158 ], [ 578191.462564746616408, 2564358.865538750775158 ], [ 578191.462564746616408, 2564408.865538750775158 ] ] ] ] } },
{ "type": "Feature", "properties": { "id": 729.0, "temple": 1.0, "parking": 0.0, "junction": 0.0, "building": 2.0, "hotel": 1.0, "id_2": 4, "GHAT_NAME": "Maharishi Sant Balinath Ghat", "n": 1, "distance": 0.0, "Demand": 11.0, "Class": "Moderate" }, "geometry": { "type": "MultiPolygon", "coordinates": [ [ [ [ 578191.462564746616408, 2564358.865538750775158 ], [ 578241.462564746616408, 2564358.865538750775158 ], [ 578241.462564746616408, 2564308.865538750775158 ], [ 578191.462564746616408, 2564308.865538750775158 ], [ 578191.462564746616408, 2564358.865538750775158 ] ] ] ] } },
{ "type": "Feature", "properties": { "id": 729.0, "temple": 1.0, "parking": 0.0, "junction": 0.0, "building": 2.0, "hotel": 1.0, "id_2": 9, "GHAT_NAME": "Ram Ghat", "n": 2, "distance": 0.0, "Demand": 11.0, "Class": "Moderate" }, "geometry": { "type": "MultiPolygon", "coordinates": [ [ [ [ 578191.462564746616408, 2564358.865538750775158 ], [ 578241.462564746616408, 2564358.865538750775158 ], [ 578241.462564746616408, 2564308.865538750775158 ], [ 578191.462564746616408, 2564308.865538750775158 ], [ 578191.462564746616408, 2564358.865538750775158 ] ] ] ] } },
{ "type": "Feature", "properties": { "id": 730.0, "temple": 1.0, "parking": 0.0, "junction": 1.0, "building": 2.0, "hotel": 2.0, "id_2": 4, "GHAT_NAME": "Maharishi Sant Balinath Ghat", "n": 1, "distance": 5.1743975910733644, "Demand": 15.0, "Class": "Moderate" }, "geometry": { "type": "MultiPolygon", "coordinates": [ [ [ [ 578191.462564746616408, 2564308.865538750775158 ], [ 578241.462564746616408, 2564308.865538750775158 ], [ 578241.462564746616408, 2564258.865538750775158 ], [ 578191.462564746616408, 2564258.865538750775158 ], [ 578191.462564746616408, 2564308.865538750775158 ] ] ] ] } },
{ "type": "Feature", "properties": { "id": 731.0, "temple": 0.0, "parking": 0.0, "junction": 1.0, "building": 2.0, "hotel": 0.0, "id_2": 4, "GHAT_NAME": "Maharishi Sant Balinath Ghat", "n": 1, "distance": 30.516029732241194, "Demand": 6.0, "Class": "Low" }, "geometry": { "type": "MultiPolygon", "coordinates": [ [ [ [ 578191.462564746616408, 2564258.865538750775158 ], [ 578241.462564746616408, 2564258.865538750775158 ], [ 578241.462564746616408, 2564208.865538750775158 ], [ 578191.462564746616408, 2564208.865538750775158 ], [ 578191.462564746616408, 2564258.865538750775158 ] ] ] ] } },
{ "type": "Feature", "properties": { "id": 732.0, "temple": 0.0, "parking": 0.0, "junction": 1.0, "building": 5.0, "hotel": 1.0, "id_2": 4, "GHAT_NAME": "Maharishi Sant Balinath Ghat", "n": 1, "distance": 52.342936790802234, "Demand": 19.0, "Class": "High" }, "geometry": { "type": "MultiPolygon", "coordinates": [ [ [ [ 578191.462564746616408, 2564208.865538750775158 ], [ 578241.462564746616408, 2564208.865538750775158 ], [ 578241.462564746616408, 2564158.865538750775158 ], [ 578191.462564746616408, 2564158.865538750775158 ], [ 578191.462564746616408, 2564208.865538750775158 ] ] ] ] } },
{ "type": "Feature", "properties": { "id": 733.0, "temple": 0.0, "parking": 0.0, "junction": 1.0, "building": 2.0, "hotel": 1.0, "id_2": 4, "GHAT_NAME": "Maharishi Sant Balinath Ghat", "n": 1, "distance": 87.261243394625382, "Demand": 16.0, "Class": "High" }, "geometry": { "type": "MultiPolygon", "coordinates": [ [ [ [ 578191.462564746616408, 2564158.865538750775158 ], [ 578241.462564746616408, 2564158.865538750775158 ], [ 578241.462564746616408, 2564108.865538750775158 ], [ 578191.462564746616408, 2564108.865538750775158 ], [ 578191.462564746616408, 2564158.865538750775158 ] ] ] ] } },
{ "type": "Feature", "properties": { "id": 734.0, "temple": 0.0, "parking": 0.0, "junction": 1.0, "building": 3.0, "hotel": 0.0, "id_2": 4, "GHAT_NAME": "Maharishi Sant Balinath Ghat", "n": 1, "distance": 121.60629129363963, "Demand": 15.0, "Class": "Moderate" }, "geometry": { "type": "MultiPolygon", "coordinates": [ [ [ [ 578191.462564746616408, 2564108.865538750775158 ], [ 578241.462564746616408, 2564108.865538750775158 ], [ 578241.462564746616408, 2564058.865538750775158 ], [ 578191.462564746616408, 2564058.865538750775158 ], [ 578191.462564746616408, 2564108.865538750775158 ] ] ] ] } },
{ "type": "Feature", "properties": { "id": 735.0, "temple": 1.0, "parking": 0.0, "junction": 0.0, "building": 7.0, "hotel": 0.0, "id_2": 4, "GHAT_NAME": "Maharishi Sant Balinath Ghat", "n": 1, "distance": 156.31703675025139, "Demand": 22.0, "Class": "Very High" }, "geometry": { "type": "MultiPolygon", "coordinates": [ [ [ [ 578191.462564746616408, 2564058.865538750775158 ], [ 578241.462564746616408, 2564058.865538750775158 ], [ 578241.462564746616408, 2564008.865538750775158 ], [ 578191.462564746616408, 2564008.865538750775158 ], [ 578191.462564746616408, 2564058.865538750775158 ] ] ] ] } },
{ "type": "Feature", "properties": { "id": 736.0, "temple": 0.0, "parking": 0.0, "junction": 0.0, "building": 2.0, "hotel": 1.0, "id_2": 4, "GHAT_NAME": "Maharishi Sant Balinath Ghat", "n": 1, "distance": 196.23188226842331, "Demand": 14.0, "Class": "Moderate" }, "geometry": { "type": "MultiPolygon", "coordinates": [ [ [ [ 578191.462564746616408, 2564008.865538750775158 ], [ 578241.462564746616408, 2564008.865538750775158 ], [ 578241.462564746616408, 2563958.865538750775158 ], [ 578191.462564746616408, 2563958.865538750775158 ], [ 578191.462564746616408, 2564008.865538750775158 ] ] ] ] } },
{ "type": "Feature", "properties": { "id": 737.0, "temple": 0.0, "parking": 0.0, "junction": 1.0, "building": 1.0, "hotel": 0.0, "id_2": 4, "GHAT_NAME": "Maharishi Sant Balinath Ghat", "n": 1, "distance": 239.94307856414895, "Demand": 9.0, "Class": "Low" }, "geometry": { "type": "MultiPolygon", "coordinates": [ [ [ [ 578191.462564746616408, 2563958.865538750775158 ], [ 578241.462564746616408, 2563958.865538750775158 ], [ 578241.462564746616408, 2563908.865538750775158 ], [ 578191.462564746616408, 2563908.865538750775158 ], [ 578191.462564746616408, 2563958.865538750775158 ] ] ] ] } },
{ "type": "Feature", "properties": { "id": 738.0, "temple": 0.0, "parking": 0.0, "junction": 1.0, "building": 0.0, "hotel": 0.0, "id_2": 4, "GHAT_NAME": "Maharishi Sant Balinath Ghat", "n": 1, "distance": 284.6709874747911, "Demand": 8.0, "Class": "Low" }, "geometry": { "type": "MultiPolygon", "coordinates": [ [ [ [ 578191.462564746616408, 2563908.865538750775158 ], [ 578241.462564746616408, 2563908.865538750775158 ], [ 578241.462564746616408, 2563858.865538750775158 ], [ 578191.462564746616408, 2563858.865538750775158 ], [ 578191.462564746616408, 2563908.865538750775158 ] ] ] ] } },
{ "type": "Feature", "properties": { "id": 739.0, "temple": 0.0, "parking": 1.0, "junction": 0.0, "building": 0.0, "hotel": 0.0, "id_2": 4, "GHAT_NAME": "Maharishi Sant Balinath Ghat", "n": 1, "distance": 330.29188970085966, "Demand": 9.0, "Class": "Low" }, "geometry": { "type": "MultiPolygon", "coordinates": [ [ [ [ 578191.462564746616408, 2563858.865538750775158 ], [ 578241.462564746616408, 2563858.865538750775158 ], [ 578241.462564746616408, 2563808.865538750775158 ], [ 578191.462564746616408, 2563808.865538750775158 ], [ 578191.462564746616408, 2563858.865538750775158 ] ] ] ] } },
{ "type": "Feature", "properties": { "id": 740.0, "temple": 0.0, "parking": 1.0, "junction": 2.0, "building": 0.0, "hotel": 0.0, "id_2": 5, "GHAT_NAME": "Shri Narasimha Ghat", "n": 1, "distance": 372.8061408924903, "Demand": 13.0, "Class": "Moderate" }, "geometry": { "type": "MultiPolygon", "coordinates": [ [ [ [ 578191.462564746616408, 2563808.865538750775158 ], [ 578241.462564746616408, 2563808.865538750775158 ], [ 578241.462564746616408, 2563758.865538750775158 ], [ 578191.462564746616408, 2563758.865538750775158 ], [ 578191.462564746616408, 2563808.865538750775158 ] ] ] ] } },
{ "type": "Feature", "properties": { "id": 741.0, "temple": 0.0, "parking": 0.0, "junction": 0.0, "building": 1.0, "hotel": 0.0, "id_2": 5, "GHAT_NAME": "Shri Narasimha Ghat", "n": 1, "distance": 399.42350667689061, "Demand": 7.0, "Class": "Low" }, "geometry": { "type": "MultiPolygon", "coordinates": [ [ [ [ 578191.462564746616408, 2563758.865538750775158 ], [ 578241.462564746616408, 2563758.865538750775158 ], [ 578241.462564746616408, 2563708.865538750775158 ], [ 578191.462564746616408, 2563708.865538750775158 ], [ 578191.462564746616408, 2563758.865538750775158 ] ] ] ] } },
{ "type": "Feature", "properties": { "id": 742.0, "temple": 0.0, "parking": 0.0, "junction": 3.0, "building": 2.0, "hotel": 1.0, "id_2": 5, "GHAT_NAME": "Shri Narasimha Ghat", "n": 1, "distance": 430.2253556974261, "Demand": 16.0, "Class": "High" }, "geometry": { "type": "MultiPolygon", "coordinates": [ [ [ [ 578191.462564746616408, 2563708.865538750775158 ], [ 578241.462564746616408, 2563708.865538750775158 ], [ 578241.462564746616408, 2563658.865538750775158 ], [ 578191.462564746616408, 2563658.865538750775158 ], [ 578191.462564746616408, 2563708.865538750775158 ] ] ] ] } },
{ "type": "Feature", "properties": { "id": 743.0, "temple": 0.0, "parking": 0.0, "junction": 1.0, "building": 4.0, "hotel": 0.0, "id_2": 5, "GHAT_NAME": "Shri Narasimha Ghat", "n": 1, "distance": 464.3797752743863, "Demand": 12.0, "Class": "Moderate" }, "geometry": { "type": "MultiPolygon", "coordinates": [ [ [ [ 578191.462564746616408, 2563658.865538750775158 ], [ 578241.462564746616408, 2563658.865538750775158 ], [ 578241.462564746616408, 2563608.865538750775158 ], [ 578191.462564746616408, 2563608.865538750775158 ], [ 578191.462564746616408, 2563658.865538750775158 ] ] ] ] } },
{ "type": "Feature", "properties": { "id": 744.0, "temple": 0.0, "parking": 0.0, "junction": 1.0, "building": 3.0, "hotel": 2.0, "id_2": 5, "GHAT_NAME": "Shri Narasimha Ghat", "n": 1, "distance": 501.20185023880572, "Demand": 11.0, "Class": "Moderate" }, "geometry": { "type": "MultiPolygon", "coordinates": [ [ [ [ 578191.462564746616408, 2563608.865538750775158 ], [ 578241.462564746616408, 2563608.865538750775158 ], [ 578241.462564746616408, 2563558.865538750775158 ], [ 578191.462564746616408, 2563558.865538750775158 ], [ 578191.462564746616408, 2563608.865538750775158 ] ] ] ] } },
{ "type": "Feature", "properties": { "id": 745.0, "temple": 0.0, "parking": 0.0, "junction": 2.0, "building": 6.0, "hotel": 1.0, "id_2": 5, "GHAT_NAME": "Shri Narasimha Ghat", "n": 1, "distance": 540.14628914925902, "Demand": 14.0, "Class": "Moderate" }, "geometry": { "type": "MultiPolygon", "coordinates": [ [ [ [ 578191.462564746616408, 2563558.865538750775158 ], [ 578241.462564746616408, 2563558.865538750775158 ], [ 578241.462564746616408, 2563508.865538750775158 ], [ 578191.462564746616408, 2563508.865538750775158 ], [ 578191.462564746616408, 2563558.865538750775158 ] ] ] ] } },
{ "type": "Feature", "properties": { "id": 746.0, "temple": 0.0, "parking": 0.0, "junction": 1.0, "building": 2.0, "hotel": 1.0, "id_2": 5, "GHAT_NAME": "Shri Narasimha Ghat", "n": 1, "distance": 580.78630552090988, "Demand": 8.0, "Class": "Low" }, "geometry": { "type": "MultiPolygon", "coordinates": [ [ [ [ 578191.462564746616408, 2563508.865538750775158 ], [ 578241.462564746616408, 2563508.865538750775158 ], [ 578241.462564746616408, 2563458.865538750775158 ], [ 578191.462564746616408, 2563458.865538750775158 ], [ 578191.462564746616408, 2563508.865538750775158 ] ] ] ] } },
{ "type": "Feature", "properties": { "id": 747.0, "temple": 0.0, "parking": 0.0, "junction": 2.0, "building": 5.0, "hotel": 0.0, "id_2": 5, "GHAT_NAME": "Shri Narasimha Ghat", "n": 1, "distance": 622.79005425547734, "Demand": 11.0, "Class": "Moderate" }, "geometry": { "type": "MultiPolygon", "coordinates": [ [ [ [ 578191.462564746616408, 2563458.865538750775158 ], [ 578241.462564746616408, 2563458.865538750775158 ], [ 578241.462564746616408, 2563408.865538750775158 ], [ 578191.462564746616408, 2563408.865538750775158 ], [ 578191.462564746616408, 2563458.865538750775158 ] ] ] ] } },
{ "type": "Feature", "properties": { "id": 748.0, "temple": 0.0, "parking": 0.0, "junction": 0.0, "building": 1.0, "hotel": 0.0, "id_2": 5, "GHAT_NAME": "Shri Narasimha Ghat", "n": 1, "distance": 665.89951995661727, "Demand": 3.0, "Class": "Very Low" }, "geometry": { "type": "MultiPolygon", "coordinates": [ [ [ [ 578191.462564746616408, 2563403.156904409173876 ], [ 578191.462564746616408, 2563408.865538750775158 ], [ 578241.462564746616408, 2563408.865538750775158 ], [ 578241.462564746616408, 2563394.86126852966845 ], [ 578191.462564746616408, 2563403.156904409173876 ] ] ] ] } },
{ "type": "Feature", "properties": { "id": 749.0, "temple": 0.0, "parking": 0.0, "junction": 0.0, "building": 0.0, "hotel": 0.0, "id_2": 10, "GHAT_NAME": "Chakra Tirth Ghat", "n": 1, "distance": 280.74451379963398, "Demand": 6.0, "Class": "Low" }, "geometry": { "type": "MultiPolygon", "coordinates": [ [ [ [ 578291.462564746616408, 2565539.872817833442241 ], [ 578291.462564746616408, 2565508.865538750775158 ], [ 578241.462564746616408, 2565508.865538750775158 ], [ 578241.462564746616408, 2565531.035054764244705 ], [ 578291.462564746616408, 2565539.872817833442241 ] ] ] ] } },
{ "type": "Feature", "properties": { "id": 750.0, "temple": 0.0, "parking": 0.0, "junction": 0.0, "building": 0.0, "hotel": 0.0, "id_2": 10, "GHAT_NAME": "Chakra Tirth Ghat", "n": 1, "distance": 234.22441273378428, "Demand": 6.0, "Class": "Low" }, "geometry": { "type": "MultiPolygon", "coordinates": [ [ [ [ 578241.462564746616408, 2565508.865538750775158 ], [ 578291.462564746616408, 2565508.865538750775158 ], [ 578291.462564746616408, 2565458.865538750775158 ], [ 578241.462564746616408, 2565458.865538750775158 ], [ 578241.462564746616408, 2565508.865538750775158 ] ] ] ] } },
{ "type": "Feature", "properties": { "id": 751.0, "temple": 0.0, "parking": 0.0, "junction": 0.0, "building": 0.0, "hotel": 0.0, "id_2": 10, "GHAT_NAME": "Chakra Tirth Ghat", "n": 1, "distance": 189.48527386680843, "Demand": 10.0, "Class": "Low" }, "geometry": { "type": "MultiPolygon", "coordinates": [ [ [ [ 578241.462564746616408, 2565458.865538750775158 ], [ 578291.462564746616408, 2565458.865538750775158 ], [ 578291.462564746616408, 2565408.865538750775158 ], [ 578241.462564746616408, 2565408.865538750775158 ], [ 578241.462564746616408, 2565458.865538750775158 ] ] ] ] } },
{ "type": "Feature", "properties": { "id": 752.0, "temple": 0.0, "parking": 0.0, "junction": 0.0, "building": 0.0, "hotel": 0.0, "id_2": 10, "GHAT_NAME": "Chakra Tirth Ghat", "n": 1, "distance": 148.14946002018584, "Demand": 10.0, "Class": "Low" }, "geometry": { "type": "MultiPolygon", "coordinates": [ [ [ [ 578241.462564746616408, 2565408.865538750775158 ], [ 578291.462564746616408, 2565408.865538750775158 ], [ 578291.462564746616408, 2565358.865538750775158 ], [ 578241.462564746616408, 2565358.865538750775158 ], [ 578241.462564746616408, 2565408.865538750775158 ] ] ] ] } },
{ "type": "Feature", "properties": { "id": 753.0, "temple": 0.0, "parking": 0.0, "junction": 0.0, "building": 0.0, "hotel": 0.0, "id_2": 10, "GHAT_NAME": "Chakra Tirth Ghat", "n": 1, "distance": 113.98182309546515, "Demand": 10.0, "Class": "Low" }, "geometry": { "type": "MultiPolygon", "coordinates": [ [ [ [ 578241.462564746616408, 2565358.865538750775158 ], [ 578291.462564746616408, 2565358.865538750775158 ], [ 578291.462564746616408, 2565308.865538750775158 ], [ 578241.462564746616408, 2565308.865538750775158 ], [ 578241.462564746616408, 2565358.865538750775158 ] ] ] ] } },
{ "type": "Feature", "properties": { "id": 754.0, "temple": 0.0, "parking": 0.0, "junction": 0.0, "building": 0.0, "hotel": 0.0, "id_2": 10, "GHAT_NAME": "Chakra Tirth Ghat", "n": 1, "distance": 95.054978763594349, "Demand": 10.0, "Class": "Low" }, "geometry": { "type": "MultiPolygon", "coordinates": [ [ [ [ 578241.462564746616408, 2565308.865538750775158 ], [ 578291.462564746616408, 2565308.865538750775158 ], [ 578291.462564746616408, 2565258.865538750775158 ], [ 578241.462564746616408, 2565258.865538750775158 ], [ 578241.462564746616408, 2565308.865538750775158 ] ] ] ] } },
{ "type": "Feature", "properties": { "id": 755.0, "temple": 0.0, "parking": 0.0, "junction": 0.0, "building": 0.0, "hotel": 0.0, "id_2": 10, "GHAT_NAME": "Chakra Tirth Ghat", "n": 1, "distance": 82.511048297129904, "Demand": 10.0, "Class": "Low" }, "geometry": { "type": "MultiPolygon", "coordinates": [ [ [ [ 578241.462564746616408, 2565258.865538750775158 ], [ 578291.462564746616408, 2565258.865538750775158 ], [ 578291.462564746616408, 2565208.865538750775158 ], [ 578241.462564746616408, 2565208.865538750775158 ], [ 578241.462564746616408, 2565258.865538750775158 ] ] ] ] } },
{ "type": "Feature", "properties": { "id": 756.0, "temple": 0.0, "parking": 0.0, "junction": 0.0, "building": 0.0, "hotel": 0.0, "id_2": 10, "GHAT_NAME": "Chakra Tirth Ghat", "n": 1, "distance": 70.15078676341686, "Demand": 10.0, "Class": "Low" }, "geometry": { "type": "MultiPolygon", "coordinates": [ [ [ [ 578241.462564746616408, 2565208.865538750775158 ], [ 578291.462564746616408, 2565208.865538750775158 ], [ 578291.462564746616408, 2565158.865538750775158 ], [ 578241.462564746616408, 2565158.865538750775158 ], [ 578241.462564746616408, 2565208.865538750775158 ] ] ] ] } },
{ "type": "Feature", "properties": { "id": 757.0, "temple": 0.0, "parking": 0.0, "junction": 1.0, "building": 0.0, "hotel": 0.0, "id_2": 10, "GHAT_NAME": "Chakra Tirth Ghat", "n": 1, "distance": 58.595227011070001, "Demand": 12.0, "Class": "Moderate" }, "geometry": { "type": "MultiPolygon", "coordinates": [ [ [ [ 578241.462564746616408, 2565158.865538750775158 ], [ 578291.462564746616408, 2565158.865538750775158 ], [ 578291.462564746616408, 2565108.865538750775158 ], [ 578241.462564746616408, 2565108.865538750775158 ], [ 578241.462564746616408, 2565158.865538750775158 ] ] ] ] } },
{ "type": "Feature", "properties": { "id": 758.0, "temple": 0.0, "parking": 0.0, "junction": 0.0, "building": 3.0, "hotel": 0.0, "id_2": 10, "GHAT_NAME": "Chakra Tirth Ghat", "n": 1, "distance": 45.075510367691784, "Demand": 5.0, "Class": "Very Low" }, "geometry": { "type": "MultiPolygon", "coordinates": [ [ [ [ 578241.462564746616408, 2565108.865538750775158 ], [ 578291.462564746616408, 2565108.865538750775158 ], [ 578291.462564746616408, 2565058.865538750775158 ], [ 578241.462564746616408, 2565058.865538750775158 ], [ 578241.462564746616408, 2565108.865538750775158 ] ] ] ] } },
{ "type": "Feature", "properties": { "id": 759.0, "temple": 0.0, "parking": 0.0, "junction": 3.0, "building": 3.0, "hotel": 0.0, "id_2": 10, "GHAT_NAME": "Chakra Tirth Ghat", "n": 1, "distance": 30.873369986023501, "Demand": 11.0, "Class": "Moderate" }, "geometry": { "type": "MultiPolygon", "coordinates": [ [ [ [ 578241.462564746616408, 2565058.865538750775158 ], [ 578291.462564746616408, 2565058.865538750775158 ], [ 578291.462564746616408, 2565008.865538750775158 ], [ 578241.462564746616408, 2565008.865538750775158 ], [ 578241.462564746616408, 2565058.865538750775158 ] ] ] ] } },
{ "type": "Feature", "properties": { "id": 760.0, "temple": 0.0, "parking": 0.0, "junction": 1.0, "building": 0.0, "hotel": 0.0, "id_2": 10, "GHAT_NAME": "Chakra Tirth Ghat", "n": 1, "distance": 18.01039580049542, "Demand": 4.0, "Class": "Very Low" }, "geometry": { "type": "MultiPolygon", "coordinates": [ [ [ [ 578241.462564746616408, 2565008.865538750775158 ], [ 578291.462564746616408, 2565008.865538750775158 ], [ 578291.462564746616408, 2564958.865538750775158 ], [ 578241.462564746616408, 2564958.865538750775158 ], [ 578241.462564746616408, 2565008.865538750775158 ] ] ] ] } },
{ "type": "Feature", "properties": { "id": 761.0, "temple": 0.0, "parking": 0.0, "junction": 0.0, "building": 0.0, "hotel": 0.0, "id_2": 8, "GHAT_NAME": "Sumeru Ghat", "n": 1, "distance": 3.3119173465574958, "Demand": 2.0, "Class": "Very Low" }, "geometry": { "type": "MultiPolygon", "coordinates": [ [ [ [ 578241.462564746616408, 2564958.865538750775158 ], [ 578291.462564746616408, 2564958.865538750775158 ], [ 578291.462564746616408, 2564908.865538750775158 ], [ 578241.462564746616408, 2564908.865538750775158 ], [ 578241.462564746616408, 2564958.865538750775158 ] ] ] ] } },
{ "type": "Feature", "properties": { "id": 762.0, "temple": 0.0, "parking": 0.0, "junction": 0.0, "building": 9.0, "hotel": 0.0, "id_2": 8, "GHAT_NAME": "Sumeru Ghat", "n": 1, "distance": 0.0, "Demand": 11.0, "Class": "Moderate" }, "geometry": { "type": "MultiPolygon", "coordinates": [ [ [ [ 578241.462564746616408, 2564908.865538750775158 ], [ 578291.462564746616408, 2564908.865538750775158 ], [ 578291.462564746616408, 2564858.865538750775158 ], [ 578241.462564746616408, 2564858.865538750775158 ], [ 578241.462564746616408, 2564908.865538750775158 ] ] ] ] } },
{ "type": "Feature", "properties": { "id": 763.0, "temple": 0.0, "parking": 0.0, "junction": 0.0, "building": 0.0, "hotel": 0.0, "id_2": 8, "GHAT_NAME": "Sumeru Ghat", "n": 1, "distance": 0.0, "Demand": 2.0, "Class": "Very Low" }, "geometry": { "type": "MultiPolygon", "coordinates": [ [ [ [ 578241.462564746616408, 2564858.865538750775158 ], [ 578291.462564746616408, 2564858.865538750775158 ], [ 578291.462564746616408, 2564808.865538750775158 ], [ 578241.462564746616408, 2564808.865538750775158 ], [ 578241.462564746616408, 2564858.865538750775158 ] ] ] ] } },
{ "type": "Feature", "properties": { "id": 764.0, "temple": 0.0, "parking": 0.0, "junction": 0.0, "building": 0.0, "hotel": 0.0, "id_2": 8, "GHAT_NAME": "Sumeru Ghat", "n": 1, "distance": 0.0, "Demand": 2.0, "Class": "Very Low" }, "geometry": { "type": "MultiPolygon", "coordinates": [ [ [ [ 578241.462564746616408, 2564808.865538750775158 ], [ 578291.462564746616408, 2564808.865538750775158 ], [ 578291.462564746616408, 2564758.865538750775158 ], [ 578241.462564746616408, 2564758.865538750775158 ], [ 578241.462564746616408, 2564808.865538750775158 ] ] ] ] } },
{ "type": "Feature", "properties": { "id": 765.0, "temple": 0.0, "parking": 0.0, "junction": 0.0, "building": 1.0, "hotel": 0.0, "id_2": 8, "GHAT_NAME": "Sumeru Ghat", "n": 1, "distance": 0.0, "Demand": 3.0, "Class": "Very Low" }, "geometry": { "type": "MultiPolygon", "coordinates": [ [ [ [ 578241.462564746616408, 2564758.865538750775158 ], [ 578291.462564746616408, 2564758.865538750775158 ], [ 578291.462564746616408, 2564708.865538750775158 ], [ 578241.462564746616408, 2564708.865538750775158 ], [ 578241.462564746616408, 2564758.865538750775158 ] ] ] ] } },
{ "type": "Feature", "properties": { "id": 766.0, "temple": 0.0, "parking": 0.0, "junction": 1.0, "building": 1.0, "hotel": 0.0, "id_2": 9, "GHAT_NAME": "Ram Ghat", "n": 1, "distance": 0.0, "Demand": 5.0, "Class": "Very Low" }, "geometry": { "type": "MultiPolygon", "coordinates": [ [ [ [ 578241.462564746616408, 2564708.865538750775158 ], [ 578291.462564746616408, 2564708.865538750775158 ], [ 578291.462564746616408, 2564658.865538750775158 ], [ 578241.462564746616408, 2564658.865538750775158 ], [ 578241.462564746616408, 2564708.865538750775158 ] ] ] ] } },
{ "type": "Feature", "properties": { "id": 766.0, "temple": 0.0, "parking": 0.0, "junction": 1.0, "building": 1.0, "hotel": 0.0, "id_2": 8, "GHAT_NAME": "Sumeru Ghat", "n": 2, "distance": 0.0, "Demand": 5.0, "Class": "Very Low" }, "geometry": { "type": "MultiPolygon", "coordinates": [ [ [ [ 578241.462564746616408, 2564708.865538750775158 ], [ 578291.462564746616408, 2564708.865538750775158 ], [ 578291.462564746616408, 2564658.865538750775158 ], [ 578241.462564746616408, 2564658.865538750775158 ], [ 578241.462564746616408, 2564708.865538750775158 ] ] ] ] } },
{ "type": "Feature", "properties": { "id": 767.0, "temple": 0.0, "parking": 0.0, "junction": 0.0, "building": 1.0, "hotel": 0.0, "id_2": 9, "GHAT_NAME": "Ram Ghat", "n": 1, "distance": 0.0, "Demand": 3.0, "Class": "Very Low" }, "geometry": { "type": "MultiPolygon", "coordinates": [ [ [ [ 578241.462564746616408, 2564658.865538750775158 ], [ 578291.462564746616408, 2564658.865538750775158 ], [ 578291.462564746616408, 2564608.865538750775158 ], [ 578241.462564746616408, 2564608.865538750775158 ], [ 578241.462564746616408, 2564658.865538750775158 ] ] ] ] } },
{ "type": "Feature", "properties": { "id": 768.0, "temple": 1.0, "parking": 0.0, "junction": 0.0, "building": 1.0, "hotel": 0.0, "id_2": 9, "GHAT_NAME": "Ram Ghat", "n": 1, "distance": 0.0, "Demand": 8.0, "Class": "Low" }, "geometry": { "type": "MultiPolygon", "coordinates": [ [ [ [ 578241.462564746616408, 2564608.865538750775158 ], [ 578291.462564746616408, 2564608.865538750775158 ], [ 578291.462564746616408, 2564558.865538750775158 ], [ 578241.462564746616408, 2564558.865538750775158 ], [ 578241.462564746616408, 2564608.865538750775158 ] ] ] ] } },
{ "type": "Feature", "properties": { "id": 769.0, "temple": 0.0, "parking": 0.0, "junction": 0.0, "building": 2.0, "hotel": 1.0, "id_2": 9, "GHAT_NAME": "Ram Ghat", "n": 1, "distance": 0.0, "Demand": 6.0, "Class": "Low" }, "geometry": { "type": "MultiPolygon", "coordinates": [ [ [ [ 578241.462564746616408, 2564558.865538750775158 ], [ 578291.462564746616408, 2564558.865538750775158 ], [ 578291.462564746616408, 2564508.865538750775158 ], [ 578241.462564746616408, 2564508.865538750775158 ], [ 578241.462564746616408, 2564558.865538750775158 ] ] ] ] } },
{ "type": "Feature", "properties": { "id": 770.0, "temple": 0.0, "parking": 0.0, "junction": 0.0, "building": 2.0, "hotel": 0.0, "id_2": 9, "GHAT_NAME": "Ram Ghat", "n": 1, "distance": 0.0, "Demand": 4.0, "Class": "Very Low" }, "geometry": { "type": "MultiPolygon", "coordinates": [ [ [ [ 578241.462564746616408, 2564508.865538750775158 ], [ 578291.462564746616408, 2564508.865538750775158 ], [ 578291.462564746616408, 2564458.865538750775158 ], [ 578241.462564746616408, 2564458.865538750775158 ], [ 578241.462564746616408, 2564508.865538750775158 ] ] ] ] } },
{ "type": "Feature", "properties": { "id": 771.0, "temple": 0.0, "parking": 0.0, "junction": 0.0, "building": 3.0, "hotel": 0.0, "id_2": 9, "GHAT_NAME": "Ram Ghat", "n": 1, "distance": 0.0, "Demand": 5.0, "Class": "Very Low" }, "geometry": { "type": "MultiPolygon", "coordinates": [ [ [ [ 578241.462564746616408, 2564458.865538750775158 ], [ 578291.462564746616408, 2564458.865538750775158 ], [ 578291.462564746616408, 2564408.865538750775158 ], [ 578241.462564746616408, 2564408.865538750775158 ], [ 578241.462564746616408, 2564458.865538750775158 ] ] ] ] } },
{ "type": "Feature", "properties": { "id": 772.0, "temple": 0.0, "parking": 0.0, "junction": 0.0, "building": 2.0, "hotel": 0.0, "id_2": 9, "GHAT_NAME": "Ram Ghat", "n": 1, "distance": 7.589783819305624, "Demand": 4.0, "Class": "Very Low" }, "geometry": { "type": "MultiPolygon", "coordinates": [ [ [ [ 578241.462564746616408, 2564408.865538750775158 ], [ 578291.462564746616408, 2564408.865538750775158 ], [ 578291.462564746616408, 2564358.865538750775158 ], [ 578241.462564746616408, 2564358.865538750775158 ], [ 578241.462564746616408, 2564408.865538750775158 ] ] ] ] } },
{ "type": "Feature", "properties": { "id": 773.0, "temple": 0.0, "parking": 0.0, "junction": 1.0, "building": 3.0, "hotel": 0.0, "id_2": 9, "GHAT_NAME": "Ram Ghat", "n": 1, "distance": 17.597301414046562, "Demand": 7.0, "Class": "Low" }, "geometry": { "type": "MultiPolygon", "coordinates": [ [ [ [ 578241.462564746616408, 2564358.865538750775158 ], [ 578291.462564746616408, 2564358.865538750775158 ], [ 578291.462564746616408, 2564308.865538750775158 ], [ 578241.462564746616408, 2564308.865538750775158 ], [ 578241.462564746616408, 2564358.865538750775158 ] ] ] ] } },
{ "type": "Feature", "properties": { "id": 774.0, "temple": 1.0, "parking": 0.0, "junction": 0.0, "building": 7.0, "hotel": 1.0, "id_2": 9, "GHAT_NAME": "Ram Ghat", "n": 1, "distance": 34.951727011658846, "Demand": 16.0, "Class": "High" }, "geometry": { "type": "MultiPolygon", "coordinates": [ [ [ [ 578241.462564746616408, 2564308.865538750775158 ], [ 578291.462564746616408, 2564308.865538750775158 ], [ 578291.462564746616408, 2564258.865538750775158 ], [ 578241.462564746616408, 2564258.865538750775158 ], [ 578241.462564746616408, 2564308.865538750775158 ] ] ] ] } },
{ "type": "Feature", "properties": { "id": 775.0, "temple": 0.0, "parking": 0.0, "junction": 0.0, "building": 8.0, "hotel": 0.0, "id_2": 4, "GHAT_NAME": "Maharishi Sant Balinath Ghat", "n": 1, "distance": 74.22116269376474, "Demand": 18.0, "Class": "High" }, "geometry": { "type": "MultiPolygon", "coordinates": [ [ [ [ 578241.462564746616408, 2564258.865538750775158 ], [ 578291.462564746616408, 2564258.865538750775158 ], [ 578291.462564746616408, 2564208.865538750775158 ], [ 578241.462564746616408, 2564208.865538750775158 ], [ 578241.462564746616408, 2564258.865538750775158 ] ] ] ] } },
{ "type": "Feature", "properties": { "id": 776.0, "temple": 0.0, "parking": 0.0, "junction": 1.0, "building": 7.0, "hotel": 2.0, "id_2": 4, "GHAT_NAME": "Maharishi Sant Balinath Ghat", "n": 1, "distance": 96.571478650482575, "Demand": 23.0, "Class": "Very High" }, "geometry": { "type": "MultiPolygon", "coordinates": [ [ [ [ 578241.462564746616408, 2564208.865538750775158 ], [ 578291.462564746616408, 2564208.865538750775158 ], [ 578291.462564746616408, 2564158.865538750775158 ], [ 578241.462564746616408, 2564158.865538750775158 ], [ 578241.462564746616408, 2564208.865538750775158 ] ] ] ] } },
{ "type": "Feature", "properties": { "id": 777.0, "temple": 1.0, "parking": 0.0, "junction": 0.0, "building": 3.0, "hotel": 1.0, "id_2": 4, "GHAT_NAME": "Maharishi Sant Balinath Ghat", "n": 1, "distance": 122.87055763426626, "Demand": 20.0, "Class": "High" }, "geometry": { "type": "MultiPolygon", "coordinates": [ [ [ [ 578241.462564746616408, 2564158.865538750775158 ], [ 578291.462564746616408, 2564158.865538750775158 ], [ 578291.462564746616408, 2564108.865538750775158 ], [ 578241.462564746616408, 2564108.865538750775158 ], [ 578241.462564746616408, 2564158.865538750775158 ] ] ] ] } },
{ "type": "Feature", "properties": { "id": 778.0, "temple": 0.0, "parking": 0.0, "junction": 1.0, "building": 1.0, "hotel": 0.0, "id_2": 4, "GHAT_NAME": "Maharishi Sant Balinath Ghat", "n": 1, "distance": 157.70009436152247, "Demand": 13.0, "Class": "Moderate" }, "geometry": { "type": "MultiPolygon", "coordinates": [ [ [ [ 578241.462564746616408, 2564108.865538750775158 ], [ 578291.462564746616408, 2564108.865538750775158 ], [ 578291.462564746616408, 2564058.865538750775158 ], [ 578241.462564746616408, 2564058.865538750775158 ], [ 578241.462564746616408, 2564108.865538750775158 ] ] ] ] } },
{ "type": "Feature", "properties": { "id": 779.0, "temple": 0.0, "parking": 0.0, "junction": 0.0, "building": 0.0, "hotel": 0.0, "id_2": 4, "GHAT_NAME": "Maharishi Sant Balinath Ghat", "n": 1, "distance": 192.28109943402131, "Demand": 10.0, "Class": "Low" }, "geometry": { "type": "MultiPolygon", "coordinates": [ [ [ [ 578241.462564746616408, 2564058.865538750775158 ], [ 578291.462564746616408, 2564058.865538750775158 ], [ 578291.462564746616408, 2564008.865538750775158 ], [ 578241.462564746616408, 2564008.865538750775158 ], [ 578241.462564746616408, 2564058.865538750775158 ] ] ] ] } },
{ "type": "Feature", "properties": { "id": 780.0, "temple": 0.0, "parking": 0.0, "junction": 0.0, "building": 1.0, "hotel": 2.0, "id_2": 4, "GHAT_NAME": "Maharishi Sant Balinath Ghat", "n": 1, "distance": 226.97140234411006, "Demand": 11.0, "Class": "Moderate" }, "geometry": { "type": "MultiPolygon", "coordinates": [ [ [ [ 578241.462564746616408, 2564008.865538750775158 ], [ 578291.462564746616408, 2564008.865538750775158 ], [ 578291.462564746616408, 2563958.865538750775158 ], [ 578241.462564746616408, 2563958.865538750775158 ], [ 578241.462564746616408, 2564008.865538750775158 ] ] ] ] } },
{ "type": "Feature", "properties": { "id": 781.0, "temple": 0.0, "parking": 0.0, "junction": 0.0, "building": 1.0, "hotel": 1.0, "id_2": 4, "GHAT_NAME": "Maharishi Sant Balinath Ghat", "n": 1, "distance": 265.68393463339254, "Demand": 9.0, "Class": "Low" }, "geometry": { "type": "MultiPolygon", "coordinates": [ [ [ [ 578241.462564746616408, 2563958.865538750775158 ], [ 578291.462564746616408, 2563958.865538750775158 ], [ 578291.462564746616408, 2563908.865538750775158 ], [ 578241.462564746616408, 2563908.865538750775158 ], [ 578241.462564746616408, 2563958.865538750775158 ] ] ] ] } },
{ "type": "Feature", "properties": { "id": 782.0, "temple": 0.0, "parking": 0.0, "junction": 0.0, "building": 0.0, "hotel": 0.0, "id_2": 4, "GHAT_NAME": "Maharishi Sant Balinath Ghat", "n": 1, "distance": 307.66847216201683, "Demand": 6.0, "Class": "Low" }, "geometry": { "type": "MultiPolygon", "coordinates": [ [ [ [ 578241.462564746616408, 2563908.865538750775158 ], [ 578291.462564746616408, 2563908.865538750775158 ], [ 578291.462564746616408, 2563858.865538750775158 ], [ 578241.462564746616408, 2563858.865538750775158 ], [ 578241.462564746616408, 2563908.865538750775158 ] ] ] ] } },
{ "type": "Feature", "properties": { "id": 783.0, "temple": 0.0, "parking": 0.0, "junction": 0.0, "building": 0.0, "hotel": 0.0, "id_2": 4, "GHAT_NAME": "Maharishi Sant Balinath Ghat", "n": 1, "distance": 351.74647723321317, "Demand": 6.0, "Class": "Low" }, "geometry": { "type": "MultiPolygon", "coordinates": [ [ [ [ 578241.462564746616408, 2563858.865538750775158 ], [ 578291.462564746616408, 2563858.865538750775158 ], [ 578291.462564746616408, 2563808.865538750775158 ], [ 578241.462564746616408, 2563808.865538750775158 ], [ 578241.462564746616408, 2563858.865538750775158 ] ] ] ] } },
{ "type": "Feature", "properties": { "id": 784.0, "temple": 0.0, "parking": 0.0, "junction": 3.0, "building": 0.0, "hotel": 0.0, "id_2": 4, "GHAT_NAME": "Maharishi Sant Balinath Ghat", "n": 1, "distance": 396.47219297088617, "Demand": 12.0, "Class": "Moderate" }, "geometry": { "type": "MultiPolygon", "coordinates": [ [ [ [ 578241.462564746616408, 2563808.865538750775158 ], [ 578291.462564746616408, 2563808.865538750775158 ], [ 578291.462564746616408, 2563758.865538750775158 ], [ 578241.462564746616408, 2563758.865538750775158 ], [ 578241.462564746616408, 2563808.865538750775158 ] ] ] ] } },
{ "type": "Feature", "properties": { "id": 785.0, "temple": 0.0, "parking": 0.0, "junction": 0.0, "building": 1.0, "hotel": 0.0, "id_2": 5, "GHAT_NAME": "Shri Narasimha Ghat", "n": 1, "distance": 441.19856963184571, "Demand": 7.0, "Class": "Low" }, "geometry": { "type": "MultiPolygon", "coordinates": [ [ [ [ 578241.462564746616408, 2563758.865538750775158 ], [ 578291.462564746616408, 2563758.865538750775158 ], [ 578291.462564746616408, 2563708.865538750775158 ], [ 578241.462564746616408, 2563708.865538750775158 ], [ 578241.462564746616408, 2563758.865538750775158 ] ] ] ] } },
{ "type": "Feature", "properties": { "id": 786.0, "temple": 0.0, "parking": 0.0, "junction": 0.0, "building": 1.0, "hotel": 0.0, "id_2": 5, "GHAT_NAME": "Shri Narasimha Ghat", "n": 1, "distance": 469.26633892076615, "Demand": 7.0, "Class": "Low" }, "geometry": { "type": "MultiPolygon", "coordinates": [ [ [ [ 578241.462564746616408, 2563708.865538750775158 ], [ 578291.462564746616408, 2563708.865538750775158 ], [ 578291.462564746616408, 2563658.865538750775158 ], [ 578241.462564746616408, 2563658.865538750775158 ], [ 578241.462564746616408, 2563708.865538750775158 ] ] ] ] } },
{ "type": "Feature", "properties": { "id": 787.0, "temple": 0.0, "parking": 0.0, "junction": 0.0, "building": 3.0, "hotel": 1.0, "id_2": 5, "GHAT_NAME": "Shri Narasimha Ghat", "n": 1, "distance": 500.76503057123711, "Demand": 7.0, "Class": "Low" }, "geometry": { "type": "MultiPolygon", "coordinates": [ [ [ [ 578241.462564746616408, 2563658.865538750775158 ], [ 578291.462564746616408, 2563658.865538750775158 ], [ 578291.462564746616408, 2563608.865538750775158 ], [ 578241.462564746616408, 2563608.865538750775158 ], [ 578241.462564746616408, 2563658.865538750775158 ] ] ] ] } },
{ "type": "Feature", "properties": { "id": 788.0, "temple": 0.0, "parking": 0.0, "junction": 2.0, "building": 6.0, "hotel": 3.0, "id_2": 5, "GHAT_NAME": "Shri Narasimha Ghat", "n": 1, "distance": 535.08909056522987, "Demand": 18.0, "Class": "High" }, "geometry": { "type": "MultiPolygon", "coordinates": [ [ [ [ 578241.462564746616408, 2563608.865538750775158 ], [ 578291.462564746616408, 2563608.865538750775158 ], [ 578291.462564746616408, 2563558.865538750775158 ], [ 578241.462564746616408, 2563558.865538750775158 ], [ 578241.462564746616408, 2563608.865538750775158 ] ] ] ] } },
{ "type": "Feature", "properties": { "id": 789.0, "temple": 0.0, "parking": 0.0, "junction": 0.0, "building": 7.0, "hotel": 2.0, "id_2": 5, "GHAT_NAME": "Shri Narasimha Ghat", "n": 1, "distance": 571.72987838737049, "Demand": 13.0, "Class": "Moderate" }, "geometry": { "type": "MultiPolygon", "coordinates": [ [ [ [ 578241.462564746616408, 2563558.865538750775158 ], [ 578291.462564746616408, 2563558.865538750775158 ], [ 578291.462564746616408, 2563508.865538750775158 ], [ 578241.462564746616408, 2563508.865538750775158 ], [ 578241.462564746616408, 2563558.865538750775158 ] ] ] ] } },
{ "type": "Feature", "properties": { "id": 790.0, "temple": 0.0, "parking": 0.0, "junction": 2.0, "building": 7.0, "hotel": 4.0, "id_2": 5, "GHAT_NAME": "Shri Narasimha Ghat", "n": 1, "distance": 610.27024574343307, "Demand": 21.0, "Class": "High" }, "geometry": { "type": "MultiPolygon", "coordinates": [ [ [ [ 578241.462564746616408, 2563508.865538750775158 ], [ 578291.462564746616408, 2563508.865538750775158 ], [ 578291.462564746616408, 2563458.865538750775158 ], [ 578241.462564746616408, 2563458.865538750775158 ], [ 578241.462564746616408, 2563508.865538750775158 ] ] ] ] } },
{ "type": "Feature", "properties": { "id": 791.0, "temple": 0.0, "parking": 0.0, "junction": 1.0, "building": 5.0, "hotel": 3.0, "id_2": 5, "GHAT_NAME": "Shri Narasimha Ghat", "n": 1, "distance": 650.37257924874348, "Demand": 15.0, "Class": "Moderate" }, "geometry": { "type": "MultiPolygon", "coordinates": [ [ [ [ 578241.462564746616408, 2563458.865538750775158 ], [ 578291.462564746616408, 2563458.865538750775158 ], [ 578291.462564746616408, 2563408.865538750775158 ], [ 578241.462564746616408, 2563408.865538750775158 ], [ 578241.462564746616408, 2563458.865538750775158 ] ] ] ] } },
{ "type": "Feature", "properties": { "id": 792.0, "temple": 0.0, "parking": 0.0, "junction": 0.0, "building": 1.0, "hotel": 1.0, "id_2": 5, "GHAT_NAME": "Shri Narasimha Ghat", "n": 1, "distance": 691.76528594428305, "Demand": 5.0, "Class": "Very Low" }, "geometry": { "type": "MultiPolygon", "coordinates": [ [ [ [ 578241.462564746616408, 2563394.86126852966845 ], [ 578241.462564746616408, 2563408.865538750775158 ], [ 578291.462564746616408, 2563408.865538750775158 ], [ 578291.462564746616408, 2563386.565632650628686 ], [ 578241.462564746616408, 2563394.86126852966845 ] ] ] ] } },
{ "type": "Feature", "properties": { "id": 793.0, "temple": 0.0, "parking": 0.0, "junction": 0.0, "building": 0.0, "hotel": 0.0, "id_2": 10, "GHAT_NAME": "Chakra Tirth Ghat", "n": 1, "distance": 301.18224423021167, "Demand": 6.0, "Class": "Low" }, "geometry": { "type": "MultiPolygon", "coordinates": [ [ [ [ 578341.462564746616408, 2565548.710580903105438 ], [ 578341.462564746616408, 2565508.865538750775158 ], [ 578291.462564746616408, 2565508.865538750775158 ], [ 578291.462564746616408, 2565539.872817833442241 ], [ 578341.462564746616408, 2565548.710580903105438 ] ] ] ] } },
{ "type": "Feature", "properties": { "id": 794.0, "temple": 0.0, "parking": 0.0, "junction": 0.0, "building": 0.0, "hotel": 0.0, "id_2": 10, "GHAT_NAME": "Chakra Tirth Ghat", "n": 1, "distance": 258.36860825464095, "Demand": 6.0, "Class": "Low" }, "geometry": { "type": "MultiPolygon", "coordinates": [ [ [ [ 578291.462564746616408, 2565508.865538750775158 ], [ 578341.462564746616408, 2565508.865538750775158 ], [ 578341.462564746616408, 2565458.865538750775158 ], [ 578291.462564746616408, 2565458.865538750775158 ], [ 578291.462564746616408, 2565508.865538750775158 ] ] ] ] } },
{ "type": "Feature", "properties": { "id": 795.0, "temple": 0.0, "parking": 0.0, "junction": 0.0, "building": 0.0, "hotel": 0.0, "id_2": 10, "GHAT_NAME": "Chakra Tirth Ghat", "n": 1, "distance": 218.62737985744917, "Demand": 6.0, "Class": "Low" }, "geometry": { "type": "MultiPolygon", "coordinates": [ [ [ [ 578291.462564746616408, 2565458.865538750775158 ], [ 578341.462564746616408, 2565458.865538750775158 ], [ 578341.462564746616408, 2565408.865538750775158 ], [ 578291.462564746616408, 2565408.865538750775158 ], [ 578291.462564746616408, 2565458.865538750775158 ] ] ] ] } },
{ "type": "Feature", "properties": { "id": 796.0, "temple": 0.0, "parking": 0.0, "junction": 0.0, "building": 0.0, "hotel": 0.0, "id_2": 10, "GHAT_NAME": "Chakra Tirth Ghat", "n": 1, "distance": 183.9606607816645, "Demand": 10.0, "Class": "Low" }, "geometry": { "type": "MultiPolygon", "coordinates": [ [ [ [ 578291.462564746616408, 2565408.865538750775158 ], [ 578341.462564746616408, 2565408.865538750775158 ], [ 578341.462564746616408, 2565358.865538750775158 ], [ 578291.462564746616408, 2565358.865538750775158 ], [ 578291.462564746616408, 2565408.865538750775158 ] ] ] ] } },
{ "type": "Feature", "properties": { "id": 797.0, "temple": 0.0, "parking": 0.0, "junction": 0.0, "building": 0.0, "hotel": 0.0, "id_2": 10, "GHAT_NAME": "Chakra Tirth Ghat", "n": 1, "distance": 157.75017656763461, "Demand": 10.0, "Class": "Low" }, "geometry": { "type": "MultiPolygon", "coordinates": [ [ [ [ 578291.462564746616408, 2565358.865538750775158 ], [ 578341.462564746616408, 2565358.865538750775158 ], [ 578341.462564746616408, 2565308.865538750775158 ], [ 578291.462564746616408, 2565308.865538750775158 ], [ 578291.462564746616408, 2565358.865538750775158 ] ] ] ] } },
{ "type": "Feature", "properties": { "id": 798.0, "temple": 0.0, "parking": 0.0, "junction": 0.0, "building": 0.0, "hotel": 0.0, "id_2": 10, "GHAT_NAME": "Chakra Tirth Ghat", "n": 1, "distance": 144.46280095468148, "Demand": 10.0, "Class": "Low" }, "geometry": { "type": "MultiPolygon", "coordinates": [ [ [ [ 578291.462564746616408, 2565308.865538750775158 ], [ 578341.462564746616408, 2565308.865538750775158 ], [ 578341.462564746616408, 2565258.865538750775158 ], [ 578291.462564746616408, 2565258.865538750775158 ], [ 578291.462564746616408, 2565308.865538750775158 ] ] ] ] } },
{ "type": "Feature", "properties": { "id": 799.0, "temple": 0.0, "parking": 0.0, "junction": 0.0, "building": 0.0, "hotel": 0.0, "id_2": 10, "GHAT_NAME": "Chakra Tirth Ghat", "n": 1, "distance": 129.89263978177112, "Demand": 10.0, "Class": "Low" }, "geometry": { "type": "MultiPolygon", "coordinates": [ [ [ [ 578291.462564746616408, 2565258.865538750775158 ], [ 578341.462564746616408, 2565258.865538750775158 ], [ 578341.462564746616408, 2565208.865538750775158 ], [ 578291.462564746616408, 2565208.865538750775158 ], [ 578291.462564746616408, 2565258.865538750775158 ] ] ] ] } },
{ "type": "Feature", "properties": { "id": 800.0, "temple": 0.0, "parking": 0.0, "junction": 1.0, "building": 2.0, "hotel": 0.0, "id_2": 10, "GHAT_NAME": "Chakra Tirth Ghat", "n": 1, "distance": 118.85991233533403, "Demand": 14.0, "Class": "Moderate" }, "geometry": { "type": "MultiPolygon", "coordinates": [ [ [ [ 578291.462564746616408, 2565208.865538750775158 ], [ 578341.462564746616408, 2565208.865538750775158 ], [ 578341.462564746616408, 2565158.865538750775158 ], [ 578291.462564746616408, 2565158.865538750775158 ], [ 578291.462564746616408, 2565208.865538750775158 ] ] ] ] } },
{ "type": "Feature", "properties": { "id": 801.0, "temple": 0.0, "parking": 0.0, "junction": 0.0, "building": 2.0, "hotel": 0.0, "id_2": 10, "GHAT_NAME": "Chakra Tirth Ghat", "n": 1, "distance": 104.83025552935216, "Demand": 12.0, "Class": "Moderate" }, "geometry": { "type": "MultiPolygon", "coordinates": [ [ [ [ 578291.462564746616408, 2565158.865538750775158 ], [ 578341.462564746616408, 2565158.865538750775158 ], [ 578341.462564746616408, 2565108.865538750775158 ], [ 578291.462564746616408, 2565108.865538750775158 ], [ 578291.462564746616408, 2565158.865538750775158 ] ] ] ] } },
{ "type": "Feature", "properties": { "id": 802.0, "temple": 0.0, "parking": 0.0, "junction": 0.0, "building": 1.0, "hotel": 0.0, "id_2": 10, "GHAT_NAME": "Chakra Tirth Ghat", "n": 1, "distance": 93.349971781478814, "Demand": 11.0, "Class": "Moderate" }, "geometry": { "type": "MultiPolygon", "coordinates": [ [ [ [ 578291.462564746616408, 2565108.865538750775158 ], [ 578341.462564746616408, 2565108.865538750775158 ], [ 578341.462564746616408, 2565058.865538750775158 ], [ 578291.462564746616408, 2565058.865538750775158 ], [ 578291.462564746616408, 2565108.865538750775158 ] ] ] ] } },
{ "type": "Feature", "properties": { "id": 803.0, "temple": 0.0, "parking": 0.0, "junction": 0.0, "building": 3.0, "hotel": 0.0, "id_2": 10, "GHAT_NAME": "Chakra Tirth Ghat", "n": 1, "distance": 78.170490867631841, "Demand": 13.0, "Class": "Moderate" }, "geometry": { "type": "MultiPolygon", "coordinates": [ [ [ [ 578291.462564746616408, 2565058.865538750775158 ], [ 578341.462564746616408, 2565058.865538750775158 ], [ 578341.462564746616408, 2565008.865538750775158 ], [ 578291.462564746616408, 2565008.865538750775158 ], [ 578291.462564746616408, 2565058.865538750775158 ] ] ] ] } },
{ "type": "Feature", "properties": { "id": 804.0, "temple": 0.0, "parking": 0.0, "junction": 0.0, "building": 1.0, "hotel": 0.0, "id_2": 10, "GHAT_NAME": "Chakra Tirth Ghat", "n": 1, "distance": 65.724481043878029, "Demand": 11.0, "Class": "Moderate" }, "geometry": { "type": "MultiPolygon", "coordinates": [ [ [ [ 578291.462564746616408, 2565008.865538750775158 ], [ 578341.462564746616408, 2565008.865538750775158 ], [ 578341.462564746616408, 2564958.865538750775158 ], [ 578291.462564746616408, 2564958.865538750775158 ], [ 578291.462564746616408, 2565008.865538750775158 ] ] ] ] } },
{ "type": "Feature", "properties": { "id": 805.0, "temple": 0.0, "parking": 0.0, "junction": 0.0, "building": 0.0, "hotel": 0.0, "id_2": 8, "GHAT_NAME": "Sumeru Ghat", "n": 1, "distance": 52.138353841687085, "Demand": 10.0, "Class": "Low" }, "geometry": { "type": "MultiPolygon", "coordinates": [ [ [ [ 578291.462564746616408, 2564958.865538750775158 ], [ 578341.462564746616408, 2564958.865538750775158 ], [ 578341.462564746616408, 2564908.865538750775158 ], [ 578291.462564746616408, 2564908.865538750775158 ], [ 578291.462564746616408, 2564958.865538750775158 ] ] ] ] } },
{ "type": "Feature", "properties": { "id": 806.0, "temple": 0.0, "parking": 0.0, "junction": 0.0, "building": 9.0, "hotel": 0.0, "id_2": 8, "GHAT_NAME": "Sumeru Ghat", "n": 1, "distance": 41.670285997732613, "Demand": 11.0, "Class": "Moderate" }, "geometry": { "type": "MultiPolygon", "coordinates": [ [ [ [ 578291.462564746616408, 2564908.865538750775158 ], [ 578341.462564746616408, 2564908.865538750775158 ], [ 578341.462564746616408, 2564858.865538750775158 ], [ 578291.462564746616408, 2564858.865538750775158 ], [ 578291.462564746616408, 2564908.865538750775158 ] ] ] ] } },
{ "type": "Feature", "properties": { "id": 807.0, "temple": 0.0, "parking": 0.0, "junction": 0.0, "building": 5.0, "hotel": 0.0, "id_2": 8, "GHAT_NAME": "Sumeru Ghat", "n": 1, "distance": 28.533641870093476, "Demand": 7.0, "Class": "Low" }, "geometry": { "type": "MultiPolygon", "coordinates": [ [ [ [ 578291.462564746616408, 2564858.865538750775158 ], [ 578341.462564746616408, 2564858.865538750775158 ], [ 578341.462564746616408, 2564808.865538750775158 ], [ 578291.462564746616408, 2564808.865538750775158 ], [ 578291.462564746616408, 2564858.865538750775158 ] ] ] ] } },
{ "type": "Feature", "properties": { "id": 808.0, "temple": 0.0, "parking": 0.0, "junction": 0.0, "building": 2.0, "hotel": 1.0, "id_2": 8, "GHAT_NAME": "Sumeru Ghat", "n": 1, "distance": 16.96935022708703, "Demand": 6.0, "Class": "Low" }, "geometry": { "type": "MultiPolygon", "coordinates": [ [ [ [ 578291.462564746616408, 2564808.865538750775158 ], [ 578341.462564746616408, 2564808.865538750775158 ], [ 578341.462564746616408, 2564758.865538750775158 ], [ 578291.462564746616408, 2564758.865538750775158 ], [ 578291.462564746616408, 2564808.865538750775158 ] ] ] ] } },
{ "type": "Feature", "properties": { "id": 809.0, "temple": 0.0, "parking": 0.0, "junction": 0.0, "building": 0.0, "hotel": 1.0, "id_2": 8, "GHAT_NAME": "Sumeru Ghat", "n": 1, "distance": 10.581469428807887, "Demand": 4.0, "Class": "Very Low" }, "geometry": { "type": "MultiPolygon", "coordinates": [ [ [ [ 578291.462564746616408, 2564758.865538750775158 ], [ 578341.462564746616408, 2564758.865538750775158 ], [ 578341.462564746616408, 2564708.865538750775158 ], [ 578291.462564746616408, 2564708.865538750775158 ], [ 578291.462564746616408, 2564758.865538750775158 ] ] ] ] } },
{ "type": "Feature", "properties": { "id": 810.0, "temple": 0.0, "parking": 0.0, "junction": 2.0, "building": 2.0, "hotel": 1.0, "id_2": 9, "GHAT_NAME": "Ram Ghat", "n": 1, "distance": 4.001565541631579, "Demand": 10.0, "Class": "Low" }, "geometry": { "type": "MultiPolygon", "coordinates": [ [ [ [ 578291.462564746616408, 2564708.865538750775158 ], [ 578341.462564746616408, 2564708.865538750775158 ], [ 578341.462564746616408, 2564658.865538750775158 ], [ 578291.462564746616408, 2564658.865538750775158 ], [ 578291.462564746616408, 2564708.865538750775158 ] ] ] ] } },
{ "type": "Feature", "properties": { "id": 811.0, "temple": 0.0, "parking": 0.0, "junction": 1.0, "building": 3.0, "hotel": 1.0, "id_2": 9, "GHAT_NAME": "Ram Ghat", "n": 1, "distance": 1.1132044461555779, "Demand": 9.0, "Class": "Low" }, "geometry": { "type": "MultiPolygon", "coordinates": [ [ [ [ 578291.462564746616408, 2564658.865538750775158 ], [ 578341.462564746616408, 2564658.865538750775158 ], [ 578341.462564746616408, 2564608.865538750775158 ], [ 578291.462564746616408, 2564608.865538750775158 ], [ 578291.462564746616408, 2564658.865538750775158 ] ] ] ] } },
{ "type": "Feature", "properties": { "id": 812.0, "temple": 0.0, "parking": 0.0, "junction": 0.0, "building": 5.0, "hotel": 0.0, "id_2": 9, "GHAT_NAME": "Ram Ghat", "n": 1, "distance": 2.7514395955488919, "Demand": 7.0, "Class": "Low" }, "geometry": { "type": "MultiPolygon", "coordinates": [ [ [ [ 578291.462564746616408, 2564608.865538750775158 ], [ 578341.462564746616408, 2564608.865538750775158 ], [ 578341.462564746616408, 2564558.865538750775158 ], [ 578291.462564746616408, 2564558.865538750775158 ], [ 578291.462564746616408, 2564608.865538750775158 ] ] ] ] } },
{ "type": "Feature", "properties": { "id": 813.0, "temple": 0.0, "parking": 0.0, "junction": 0.0, "building": 0.0, "hotel": 0.0, "id_2": 9, "GHAT_NAME": "Ram Ghat", "n": 1, "distance": 16.189990212442353, "Demand": 2.0, "Class": "Very Low" }, "geometry": { "type": "MultiPolygon", "coordinates": [ [ [ [ 578291.462564746616408, 2564558.865538750775158 ], [ 578341.462564746616408, 2564558.865538750775158 ], [ 578341.462564746616408, 2564508.865538750775158 ], [ 578291.462564746616408, 2564508.865538750775158 ], [ 578291.462564746616408, 2564558.865538750775158 ] ] ] ] } },
{ "type": "Feature", "properties": { "id": 814.0, "temple": 0.0, "parking": 0.0, "junction": 0.0, "building": 3.0, "hotel": 0.0, "id_2": 9, "GHAT_NAME": "Ram Ghat", "n": 1, "distance": 25.868391126354645, "Demand": 5.0, "Class": "Very Low" }, "geometry": { "type": "MultiPolygon", "coordinates": [ [ [ [ 578291.462564746616408, 2564508.865538750775158 ], [ 578341.462564746616408, 2564508.865538750775158 ], [ 578341.462564746616408, 2564458.865538750775158 ], [ 578291.462564746616408, 2564458.865538750775158 ], [ 578291.462564746616408, 2564508.865538750775158 ] ] ] ] } },
{ "type": "Feature", "properties": { "id": 815.0, "temple": 0.0, "parking": 0.0, "junction": 0.0, "building": 2.0, "hotel": 0.0, "id_2": 9, "GHAT_NAME": "Ram Ghat", "n": 1, "distance": 45.099431475967563, "Demand": 4.0, "Class": "Very Low" }, "geometry": { "type": "MultiPolygon", "coordinates": [ [ [ [ 578291.462564746616408, 2564458.865538750775158 ], [ 578341.462564746616408, 2564458.865538750775158 ], [ 578341.462564746616408, 2564408.865538750775158 ], [ 578291.462564746616408, 2564408.865538750775158 ], [ 578291.462564746616408, 2564458.865538750775158 ] ] ] ] } },
{ "type": "Feature", "properties": { "id": 816.0, "temple": 0.0, "parking": 1.0, "junction": 0.0, "building": 0.0, "hotel": 0.0, "id_2": 9, "GHAT_NAME": "Ram Ghat", "n": 1, "distance": 56.427812367491882, "Demand": 13.0, "Class": "Moderate" }, "geometry": { "type": "MultiPolygon", "coordinates": [ [ [ [ 578291.462564746616408, 2564408.865538750775158 ], [ 578341.462564746616408, 2564408.865538750775158 ], [ 578341.462564746616408, 2564358.865538750775158 ], [ 578291.462564746616408, 2564358.865538750775158 ], [ 578291.462564746616408, 2564408.865538750775158 ] ] ] ] } },
{ "type": "Feature", "properties": { "id": 817.0, "temple": 1.0, "parking": 0.0, "junction": 1.0, "building": 3.0, "hotel": 0.0, "id_2": 9, "GHAT_NAME": "Ram Ghat", "n": 1, "distance": 67.07944127072949, "Demand": 20.0, "Class": "High" }, "geometry": { "type": "MultiPolygon", "coordinates": [ [ [ [ 578291.462564746616408, 2564358.865538750775158 ], [ 578341.462564746616408, 2564358.865538750775158 ], [ 578341.462564746616408, 2564308.865538750775158 ], [ 578291.462564746616408, 2564308.865538750775158 ], [ 578291.462564746616408, 2564358.865538750775158 ] ] ] ] } },
{ "type": "Feature", "properties": { "id": 818.0, "temple": 0.0, "parking": 0.0, "junction": 2.0, "building": 3.0, "hotel": 0.0, "id_2": 9, "GHAT_NAME": "Ram Ghat", "n": 1, "distance": 80.578018770587718, "Demand": 17.0, "Class": "High" }, "geometry": { "type": "MultiPolygon", "coordinates": [ [ [ [ 578291.462564746616408, 2564308.865538750775158 ], [ 578341.462564746616408, 2564308.865538750775158 ], [ 578341.462564746616408, 2564258.865538750775158 ], [ 578291.462564746616408, 2564258.865538750775158 ], [ 578291.462564746616408, 2564308.865538750775158 ] ] ] ] } },
{ "type": "Feature", "properties": { "id": 819.0, "temple": 1.0, "parking": 0.0, "junction": 0.0, "building": 2.0, "hotel": 0.0, "id_2": 9, "GHAT_NAME": "Ram Ghat", "n": 1, "distance": 105.43939418516823, "Demand": 17.0, "Class": "High" }, "geometry": { "type": "MultiPolygon", "coordinates": [ [ [ [ 578291.462564746616408, 2564258.865538750775158 ], [ 578341.462564746616408, 2564258.865538750775158 ], [ 578341.462564746616408, 2564208.865538750775158 ], [ 578291.462564746616408, 2564208.865538750775158 ], [ 578291.462564746616408, 2564258.865538750775158 ] ] ] ] } },
{ "type": "Feature", "properties": { "id": 820.0, "temple": 0.0, "parking": 0.0, "junction": 1.0, "building": 1.0, "hotel": 0.0, "id_2": 4, "GHAT_NAME": "Maharishi Sant Balinath Ghat", "n": 1, "distance": 142.30689716026043, "Demand": 13.0, "Class": "Moderate" }, "geometry": { "type": "MultiPolygon", "coordinates": [ [ [ [ 578291.462564746616408, 2564208.865538750775158 ], [ 578341.462564746616408, 2564208.865538750775158 ], [ 578341.462564746616408, 2564158.865538750775158 ], [ 578291.462564746616408, 2564158.865538750775158 ], [ 578291.462564746616408, 2564208.865538750775158 ] ] ] ] } },
{ "type": "Feature", "properties": { "id": 821.0, "temple": 0.0, "parking": 0.0, "junction": 0.0, "building": 1.0, "hotel": 2.0, "id_2": 4, "GHAT_NAME": "Maharishi Sant Balinath Ghat", "n": 1, "distance": 163.35067000233039, "Demand": 15.0, "Class": "Moderate" }, "geometry": { "type": "MultiPolygon", "coordinates": [ [ [ [ 578291.462564746616408, 2564158.865538750775158 ], [ 578341.462564746616408, 2564158.865538750775158 ], [ 578341.462564746616408, 2564108.865538750775158 ], [ 578291.462564746616408, 2564108.865538750775158 ], [ 578291.462564746616408, 2564158.865538750775158 ] ] ] ] } },
{ "type": "Feature", "properties": { "id": 822.0, "temple": 0.0, "parking": 0.0, "junction": 0.0, "building": 0.0, "hotel": 0.0, "id_2": 4, "GHAT_NAME": "Maharishi Sant Balinath Ghat", "n": 1, "distance": 193.5318186625268, "Demand": 10.0, "Class": "Low" }, "geometry": { "type": "MultiPolygon", "coordinates": [ [ [ [ 578291.462564746616408, 2564108.865538750775158 ], [ 578341.462564746616408, 2564108.865538750775158 ], [ 578341.462564746616408, 2564058.865538750775158 ], [ 578291.462564746616408, 2564058.865538750775158 ], [ 578291.462564746616408, 2564108.865538750775158 ] ] ] ] } },
{ "type": "Feature", "properties": { "id": 823.0, "temple": 0.0, "parking": 0.0, "junction": 0.0, "building": 0.0, "hotel": 0.0, "id_2": 4, "GHAT_NAME": "Maharishi Sant Balinath Ghat", "n": 1, "distance": 228.30706280027815, "Demand": 6.0, "Class": "Low" }, "geometry": { "type": "MultiPolygon", "coordinates": [ [ [ [ 578291.462564746616408, 2564058.865538750775158 ], [ 578341.462564746616408, 2564058.865538750775158 ], [ 578341.462564746616408, 2564008.865538750775158 ], [ 578291.462564746616408, 2564008.865538750775158 ], [ 578291.462564746616408, 2564058.865538750775158 ] ] ] ] } },
{ "type": "Feature", "properties": { "id": 824.0, "temple": 0.0, "parking": 0.0, "junction": 0.0, "building": 0.0, "hotel": 0.0, "id_2": 4, "GHAT_NAME": "Maharishi Sant Balinath Ghat", "n": 1, "distance": 262.95590757399947, "Demand": 6.0, "Class": "Low" }, "geometry": { "type": "MultiPolygon", "coordinates": [ [ [ [ 578291.462564746616408, 2564008.865538750775158 ], [ 578341.462564746616408, 2564008.865538750775158 ], [ 578341.462564746616408, 2563958.865538750775158 ], [ 578291.462564746616408, 2563958.865538750775158 ], [ 578291.462564746616408, 2564008.865538750775158 ] ] ] ] } },
{ "type": "Feature", "properties": { "id": 825.0, "temple": 0.0, "parking": 0.0, "junction": 0.0, "building": 0.0, "hotel": 0.0, "id_2": 4, "GHAT_NAME": "Maharishi Sant Balinath Ghat", "n": 1, "distance": 297.65251382396275, "Demand": 6.0, "Class": "Low" }, "geometry": { "type": "MultiPolygon", "coordinates": [ [ [ [ 578291.462564746616408, 2563958.865538750775158 ], [ 578341.462564746616408, 2563958.865538750775158 ], [ 578341.462564746616408, 2563908.865538750775158 ], [ 578291.462564746616408, 2563908.865538750775158 ], [ 578291.462564746616408, 2563958.865538750775158 ] ] ] ] } },
{ "type": "Feature", "properties": { "id": 826.0, "temple": 0.0, "parking": 0.0, "junction": 0.0, "building": 0.0, "hotel": 0.0, "id_2": 4, "GHAT_NAME": "Maharishi Sant Balinath Ghat", "n": 1, "distance": 335.66196481870458, "Demand": 6.0, "Class": "Low" }, "geometry": { "type": "MultiPolygon", "coordinates": [ [ [ [ 578291.462564746616408, 2563908.865538750775158 ], [ 578341.462564746616408, 2563908.865538750775158 ], [ 578341.462564746616408, 2563858.865538750775158 ], [ 578291.462564746616408, 2563858.865538750775158 ], [ 578291.462564746616408, 2563908.865538750775158 ] ] ] ] } },
{ "type": "Feature", "properties": { "id": 827.0, "temple": 0.0, "parking": 0.0, "junction": 0.0, "building": 0.0, "hotel": 0.0, "id_2": 4, "GHAT_NAME": "Maharishi Sant Balinath Ghat", "n": 1, "distance": 376.48491372986268, "Demand": 6.0, "Class": "Low" }, "geometry": { "type": "MultiPolygon", "coordinates": [ [ [ [ 578291.462564746616408, 2563858.865538750775158 ], [ 578341.462564746616408, 2563858.865538750775158 ], [ 578341.462564746616408, 2563808.865538750775158 ], [ 578291.462564746616408, 2563808.865538750775158 ], [ 578291.462564746616408, 2563858.865538750775158 ] ] ] ] } },
{ "type": "Feature", "properties": { "id": 828.0, "temple": 0.0, "parking": 0.0, "junction": 0.0, "building": 0.0, "hotel": 0.0, "id_2": 4, "GHAT_NAME": "Maharishi Sant Balinath Ghat", "n": 1, "distance": 419.30040055598693, "Demand": 6.0, "Class": "Low" }, "geometry": { "type": "MultiPolygon", "coordinates": [ [ [ [ 578291.462564746616408, 2563808.865538750775158 ], [ 578341.462564746616408, 2563808.865538750775158 ], [ 578341.462564746616408, 2563758.865538750775158 ], [ 578291.462564746616408, 2563758.865538750775158 ], [ 578291.462564746616408, 2563808.865538750775158 ] ] ] ] } },
{ "type": "Feature", "properties": { "id": 829.0, "temple": 0.0, "parking": 0.0, "junction": 0.0, "building": 0.0, "hotel": 0.0, "id_2": 4, "GHAT_NAME": "Maharishi Sant Balinath Ghat", "n": 1, "distance": 463.54987590264187, "Demand": 6.0, "Class": "Low" }, "geometry": { "type": "MultiPolygon", "coordinates": [ [ [ [ 578291.462564746616408, 2563758.865538750775158 ], [ 578341.462564746616408, 2563758.865538750775158 ], [ 578341.462564746616408, 2563708.865538750775158 ], [ 578291.462564746616408, 2563708.865538750775158 ], [ 578291.462564746616408, 2563758.865538750775158 ] ] ] ] } },
{ "type": "Feature", "properties": { "id": 830.0, "temple": 0.0, "parking": 0.0, "junction": 0.0, "building": 2.0, "hotel": 0.0, "id_2": 4, "GHAT_NAME": "Maharishi Sant Balinath Ghat", "n": 1, "distance": 508.27436339875982, "Demand": 4.0, "Class": "Very Low" }, "geometry": { "type": "MultiPolygon", "coordinates": [ [ [ [ 578291.462564746616408, 2563708.865538750775158 ], [ 578341.462564746616408, 2563708.865538750775158 ], [ 578341.462564746616408, 2563658.865538750775158 ], [ 578291.462564746616408, 2563658.865538750775158 ], [ 578291.462564746616408, 2563708.865538750775158 ] ] ] ] } },
{ "type": "Feature", "properties": { "id": 831.0, "temple": 0.0, "parking": 0.0, "junction": 0.0, "building": 1.0, "hotel": 0.0, "id_2": 5, "GHAT_NAME": "Shri Narasimha Ghat", "n": 1, "distance": 539.33538359923557, "Demand": 3.0, "Class": "Very Low" }, "geometry": { "type": "MultiPolygon", "coordinates": [ [ [ [ 578291.462564746616408, 2563658.865538750775158 ], [ 578341.462564746616408, 2563658.865538750775158 ], [ 578341.462564746616408, 2563608.865538750775158 ], [ 578291.462564746616408, 2563608.865538750775158 ], [ 578291.462564746616408, 2563658.865538750775158 ] ] ] ] } },
{ "type": "Feature", "properties": { "id": 832.0, "temple": 0.0, "parking": 0.0, "junction": 1.0, "building": 5.0, "hotel": 3.0, "id_2": 5, "GHAT_NAME": "Shri Narasimha Ghat", "n": 1, "distance": 571.34698301561662, "Demand": 15.0, "Class": "Moderate" }, "geometry": { "type": "MultiPolygon", "coordinates": [ [ [ [ 578291.462564746616408, 2563608.865538750775158 ], [ 578341.462564746616408, 2563608.865538750775158 ], [ 578341.462564746616408, 2563558.865538750775158 ], [ 578291.462564746616408, 2563558.865538750775158 ], [ 578291.462564746616408, 2563608.865538750775158 ] ] ] ] } },
{ "type": "Feature", "properties": { "id": 833.0, "temple": 0.0, "parking": 0.0, "junction": 1.0, "building": 13.0, "hotel": 2.0, "id_2": 5, "GHAT_NAME": "Shri Narasimha Ghat", "n": 1, "distance": 605.79872399994372, "Demand": 21.0, "Class": "High" }, "geometry": { "type": "MultiPolygon", "coordinates": [ [ [ [ 578291.462564746616408, 2563558.865538750775158 ], [ 578341.462564746616408, 2563558.865538750775158 ], [ 578341.462564746616408, 2563508.865538750775158 ], [ 578291.462564746616408, 2563508.865538750775158 ], [ 578291.462564746616408, 2563558.865538750775158 ] ] ] ] } },
{ "type": "Feature", "properties": { "id": 834.0, "temple": 0.0, "parking": 0.0, "junction": 0.0, "building": 11.0, "hotel": 2.0, "id_2": 5, "GHAT_NAME": "Shri Narasimha Ghat", "n": 1, "distance": 642.29807176954273, "Demand": 17.0, "Class": "High" }, "geometry": { "type": "MultiPolygon", "coordinates": [ [ [ [ 578291.462564746616408, 2563508.865538750775158 ], [ 578341.462564746616408, 2563508.865538750775158 ], [ 578341.462564746616408, 2563458.865538750775158 ], [ 578291.462564746616408, 2563458.865538750775158 ], [ 578291.462564746616408, 2563508.865538750775158 ] ] ] ] } },
{ "type": "Feature", "properties": { "id": 835.0, "temple": 0.0, "parking": 0.0, "junction": 0.0, "building": 7.0, "hotel": 1.0, "id_2": 5, "GHAT_NAME": "Shri Narasimha Ghat", "n": 1, "distance": 680.51563685031181, "Demand": 11.0, "Class": "Moderate" }, "geometry": { "type": "MultiPolygon", "coordinates": [ [ [ [ 578291.462564746616408, 2563458.865538750775158 ], [ 578341.462564746616408, 2563458.865538750775158 ], [ 578341.462564746616408, 2563408.865538750775158 ], [ 578291.462564746616408, 2563408.865538750775158 ], [ 578291.462564746616408, 2563458.865538750775158 ] ] ] ] } },
{ "type": "Feature", "properties": { "id": 836.0, "temple": 0.0, "parking": 0.0, "junction": 0.0, "building": 6.0, "hotel": 0.0, "id_2": 5, "GHAT_NAME": "Shri Narasimha Ghat", "n": 1, "distance": 720.17793009554123, "Demand": 8.0, "Class": "Low" }, "geometry": { "type": "MultiPolygon", "coordinates": [ [ [ [ 578291.462564746616408, 2563386.565632650628686 ], [ 578291.462564746616408, 2563408.865538750775158 ], [ 578341.462564746616408, 2563408.865538750775158 ], [ 578341.462564746616408, 2563378.26999677112326 ], [ 578291.462564746616408, 2563386.565632650628686 ] ] ] ] } },
{ "type": "Feature", "properties": { "id": 837.0, "temple": 0.0, "parking": 0.0, "junction": 0.0, "building": 2.0, "hotel": 0.0, "id_2": 10, "GHAT_NAME": "Chakra Tirth Ghat", "n": 1, "distance": 328.03049622024599, "Demand": 8.0, "Class": "Low" }, "geometry": { "type": "MultiPolygon", "coordinates": [ [ [ [ 578391.462564746616408, 2565557.548343972302973 ], [ 578391.462564746616408, 2565508.865538750775158 ], [ 578341.462564746616408, 2565508.865538750775158 ], [ 578341.462564746616408, 2565548.710580903105438 ], [ 578391.462564746616408, 2565557.548343972302973 ] ] ] ] } },
{ "type": "Feature", "properties": { "id": 838.0, "temple": 0.0, "parking": 0.0, "junction": 0.0, "building": 2.0, "hotel": 0.0, "id_2": 10, "GHAT_NAME": "Chakra Tirth Ghat", "n": 1, "distance": 289.21894810401704, "Demand": 8.0, "Class": "Low" }, "geometry": { "type": "MultiPolygon", "coordinates": [ [ [ [ 578341.462564746616408, 2565508.865538750775158 ], [ 578391.462564746616408, 2565508.865538750775158 ], [ 578391.462564746616408, 2565458.865538750775158 ], [ 578341.462564746616408, 2565458.865538750775158 ], [ 578341.462564746616408, 2565508.865538750775158 ] ] ] ] } },
{ "type": "Feature", "properties": { "id": 839.0, "temple": 0.0, "parking": 0.0, "junction": 0.0, "building": 0.0, "hotel": 0.0, "id_2": 10, "GHAT_NAME": "Chakra Tirth Ghat", "n": 1, "distance": 254.34463515924091, "Demand": 6.0, "Class": "Low" }, "geometry": { "type": "MultiPolygon", "coordinates": [ [ [ [ 578341.462564746616408, 2565458.865538750775158 ], [ 578391.462564746616408, 2565458.865538750775158 ], [ 578391.462564746616408, 2565408.865538750775158 ], [ 578341.462564746616408, 2565408.865538750775158 ], [ 578341.462564746616408, 2565458.865538750775158 ] ] ] ] } },
{ "type": "Feature", "properties": { "id": 840.0, "temple": 0.0, "parking": 0.0, "junction": 0.0, "building": 0.0, "hotel": 0.0, "id_2": 10, "GHAT_NAME": "Chakra Tirth Ghat", "n": 1, "distance": 225.24383881957931, "Demand": 6.0, "Class": "Low" }, "geometry": { "type": "MultiPolygon", "coordinates": [ [ [ [ 578341.462564746616408, 2565408.865538750775158 ], [ 578391.462564746616408, 2565408.865538750775158 ], [ 578391.462564746616408, 2565358.865538750775158 ], [ 578341.462564746616408, 2565358.865538750775158 ], [ 578341.462564746616408, 2565408.865538750775158 ] ] ] ] } },
{ "type": "Feature", "properties": { "id": 841.0, "temple": 0.0, "parking": 0.0, "junction": 0.0, "building": 1.0, "hotel": 0.0, "id_2": 10, "GHAT_NAME": "Chakra Tirth Ghat", "n": 1, "distance": 204.39760374836555, "Demand": 7.0, "Class": "Low" }, "geometry": { "type": "MultiPolygon", "coordinates": [ [ [ [ 578341.462564746616408, 2565358.865538750775158 ], [ 578391.462564746616408, 2565358.865538750775158 ], [ 578391.462564746616408, 2565308.865538750775158 ], [ 578341.462564746616408, 2565308.865538750775158 ], [ 578341.462564746616408, 2565358.865538750775158 ] ] ] ] } },
{ "type": "Feature", "properties": { "id": 842.0, "temple": 0.0, "parking": 0.0, "junction": 0.0, "building": 0.0, "hotel": 0.0, "id_2": 10, "GHAT_NAME": "Chakra Tirth Ghat", "n": 1, "distance": 193.87062314569718, "Demand": 10.0, "Class": "Low" }, "geometry": { "type": "MultiPolygon", "coordinates": [ [ [ [ 578341.462564746616408, 2565308.865538750775158 ], [ 578391.462564746616408, 2565308.865538750775158 ], [ 578391.462564746616408, 2565258.865538750775158 ], [ 578341.462564746616408, 2565258.865538750775158 ], [ 578341.462564746616408, 2565308.865538750775158 ] ] ] ] } },
{ "type": "Feature", "properties": { "id": 843.0, "temple": 0.0, "parking": 0.0, "junction": 0.0, "building": 1.0, "hotel": 0.0, "id_2": 10, "GHAT_NAME": "Chakra Tirth Ghat", "n": 1, "distance": 178.60995400718721, "Demand": 11.0, "Class": "Moderate" }, "geometry": { "type": "MultiPolygon", "coordinates": [ [ [ [ 578341.462564746616408, 2565258.865538750775158 ], [ 578391.462564746616408, 2565258.865538750775158 ], [ 578391.462564746616408, 2565208.865538750775158 ], [ 578341.462564746616408, 2565208.865538750775158 ], [ 578341.462564746616408, 2565258.865538750775158 ] ] ] ] } },
{ "type": "Feature", "properties": { "id": 844.0, "temple": 0.0, "parking": 0.0, "junction": 0.0, "building": 7.0, "hotel": 0.0, "id_2": 10, "GHAT_NAME": "Chakra Tirth Ghat", "n": 1, "distance": 167.52807079334704, "Demand": 17.0, "Class": "High" }, "geometry": { "type": "MultiPolygon", "coordinates": [ [ [ [ 578341.462564746616408, 2565208.865538750775158 ], [ 578391.462564746616408, 2565208.865538750775158 ], [ 578391.462564746616408, 2565158.865538750775158 ], [ 578341.462564746616408, 2565158.865538750775158 ], [ 578341.462564746616408, 2565208.865538750775158 ] ] ] ] } },
{ "type": "Feature", "properties": { "id": 845.0, "temple": 0.0, "parking": 0.0, "junction": 1.0, "building": 3.0, "hotel": 0.0, "id_2": 10, "GHAT_NAME": "Chakra Tirth Ghat", "n": 1, "distance": 153.20490229276362, "Demand": 15.0, "Class": "Moderate" }, "geometry": { "type": "MultiPolygon", "coordinates": [ [ [ [ 578341.462564746616408, 2565158.865538750775158 ], [ 578391.462564746616408, 2565158.865538750775158 ], [ 578391.462564746616408, 2565108.865538750775158 ], [ 578341.462564746616408, 2565108.865538750775158 ], [ 578341.462564746616408, 2565158.865538750775158 ] ] ] ] } },
{ "type": "Feature", "properties": { "id": 846.0, "temple": 0.0, "parking": 0.0, "junction": 0.0, "building": 5.0, "hotel": 0.0, "id_2": 10, "GHAT_NAME": "Chakra Tirth Ghat", "n": 1, "distance": 141.43942486149501, "Demand": 15.0, "Class": "Moderate" }, "geometry": { "type": "MultiPolygon", "coordinates": [ [ [ [ 578341.462564746616408, 2565108.865538750775158 ], [ 578391.462564746616408, 2565108.865538750775158 ], [ 578391.462564746616408, 2565058.865538750775158 ], [ 578341.462564746616408, 2565058.865538750775158 ], [ 578341.462564746616408, 2565108.865538750775158 ] ] ] ] } },
{ "type": "Feature", "properties": { "id": 847.0, "temple": 0.0, "parking": 0.0, "junction": 1.0, "building": 3.0, "hotel": 0.0, "id_2": 10, "GHAT_NAME": "Chakra Tirth Ghat", "n": 1, "distance": 126.25125924210805, "Demand": 15.0, "Class": "Moderate" }, "geometry": { "type": "MultiPolygon", "coordinates": [ [ [ [ 578341.462564746616408, 2565058.865538750775158 ], [ 578391.462564746616408, 2565058.865538750775158 ], [ 578391.462564746616408, 2565008.865538750775158 ], [ 578341.462564746616408, 2565008.865538750775158 ], [ 578341.462564746616408, 2565058.865538750775158 ] ] ] ] } },
{ "type": "Feature", "properties": { "id": 848.0, "temple": 0.0, "parking": 0.0, "junction": 1.0, "building": 3.0, "hotel": 1.0, "id_2": 10, "GHAT_NAME": "Chakra Tirth Ghat", "n": 1, "distance": 114.55996003326722, "Demand": 17.0, "Class": "High" }, "geometry": { "type": "MultiPolygon", "coordinates": [ [ [ [ 578341.462564746616408, 2565008.865538750775158 ], [ 578391.462564746616408, 2565008.865538750775158 ], [ 578391.462564746616408, 2564958.865538750775158 ], [ 578341.462564746616408, 2564958.865538750775158 ], [ 578341.462564746616408, 2565008.865538750775158 ] ] ] ] } },
{ "type": "Feature", "properties": { "id": 849.0, "temple": 0.0, "parking": 0.0, "junction": 1.0, "building": 1.0, "hotel": 0.0, "id_2": 8, "GHAT_NAME": "Sumeru Ghat", "n": 1, "distance": 101.04131999871585, "Demand": 13.0, "Class": "Moderate" }, "geometry": { "type": "MultiPolygon", "coordinates": [ [ [ [ 578341.462564746616408, 2564958.865538750775158 ], [ 578391.462564746616408, 2564958.865538750775158 ], [ 578391.462564746616408, 2564908.865538750775158 ], [ 578341.462564746616408, 2564908.865538750775158 ], [ 578341.462564746616408, 2564958.865538750775158 ] ] ] ] } },
{ "type": "Feature", "properties": { "id": 850.0, "temple": 0.0, "parking": 0.0, "junction": 1.0, "building": 4.0, "hotel": 1.0, "id_2": 8, "GHAT_NAME": "Sumeru Ghat", "n": 1, "distance": 90.500175520260626, "Demand": 18.0, "Class": "High" }, "geometry": { "type": "MultiPolygon", "coordinates": [ [ [ [ 578341.462564746616408, 2564908.865538750775158 ], [ 578391.462564746616408, 2564908.865538750775158 ], [ 578391.462564746616408, 2564858.865538750775158 ], [ 578341.462564746616408, 2564858.865538750775158 ], [ 578341.462564746616408, 2564908.865538750775158 ] ] ] ] } },
{ "type": "Feature", "properties": { "id": 851.0, "temple": 0.0, "parking": 0.0, "junction": 0.0, "building": 7.0, "hotel": 0.0, "id_2": 8, "GHAT_NAME": "Sumeru Ghat", "n": 1, "distance": 76.364095611777302, "Demand": 17.0, "Class": "High" }, "geometry": { "type": "MultiPolygon", "coordinates": [ [ [ [ 578341.462564746616408, 2564858.865538750775158 ], [ 578391.462564746616408, 2564858.865538750775158 ], [ 578391.462564746616408, 2564808.865538750775158 ], [ 578341.462564746616408, 2564808.865538750775158 ], [ 578341.462564746616408, 2564858.865538750775158 ] ] ] ] } },
{ "type": "Feature", "properties": { "id": 852.0, "temple": 0.0, "parking": 0.0, "junction": 1.0, "building": 1.0, "hotel": 3.0, "id_2": 8, "GHAT_NAME": "Sumeru Ghat", "n": 1, "distance": 66.285736943237637, "Demand": 19.0, "Class": "High" }, "geometry": { "type": "MultiPolygon", "coordinates": [ [ [ [ 578341.462564746616408, 2564808.865538750775158 ], [ 578391.462564746616408, 2564808.865538750775158 ], [ 578391.462564746616408, 2564758.865538750775158 ], [ 578341.462564746616408, 2564758.865538750775158 ], [ 578341.462564746616408, 2564808.865538750775158 ] ] ] ] } },
{ "type": "Feature", "properties": { "id": 853.0, "temple": 0.0, "parking": 0.0, "junction": 0.0, "building": 2.0, "hotel": 1.0, "id_2": 8, "GHAT_NAME": "Sumeru Ghat", "n": 1, "distance": 60.324711363935265, "Demand": 14.0, "Class": "Moderate" }, "geometry": { "type": "MultiPolygon", "coordinates": [ [ [ [ 578341.462564746616408, 2564758.865538750775158 ], [ 578391.462564746616408, 2564758.865538750775158 ], [ 578391.462564746616408, 2564708.865538750775158 ], [ 578341.462564746616408, 2564708.865538750775158 ], [ 578341.462564746616408, 2564758.865538750775158 ] ] ] ] } },
{ "type": "Feature", "properties": { "id": 854.0, "temple": 0.0, "parking": 0.0, "junction": 0.0, "building": 4.0, "hotel": 0.0, "id_2": 9, "GHAT_NAME": "Ram Ghat", "n": 1, "distance": 53.104188906461893, "Demand": 14.0, "Class": "Moderate" }, "geometry": { "type": "MultiPolygon", "coordinates": [ [ [ [ 578341.462564746616408, 2564708.865538750775158 ], [ 578391.462564746616408, 2564708.865538750775158 ], [ 578391.462564746616408, 2564658.865538750775158 ], [ 578341.462564746616408, 2564658.865538750775158 ], [ 578341.462564746616408, 2564708.865538750775158 ] ] ] ] } },
{ "type": "Feature", "properties": { "id": 855.0, "temple": 0.0, "parking": 0.0, "junction": 1.0, "building": 2.0, "hotel": 0.0, "id_2": 9, "GHAT_NAME": "Ram Ghat", "n": 1, "distance": 51.113204446155578, "Demand": 14.0, "Class": "Moderate" }, "geometry": { "type": "MultiPolygon", "coordinates": [ [ [ [ 578341.462564746616408, 2564658.865538750775158 ], [ 578391.462564746616408, 2564658.865538750775158 ], [ 578391.462564746616408, 2564608.865538750775158 ], [ 578341.462564746616408, 2564608.865538750775158 ], [ 578341.462564746616408, 2564658.865538750775158 ] ] ] ] } },
{ "type": "Feature", "properties": { "id": 856.0, "temple": 0.0, "parking": 0.0, "junction": 0.0, "building": 1.0, "hotel": 1.0, "id_2": 9, "GHAT_NAME": "Ram Ghat", "n": 1, "distance": 52.740201960431442, "Demand": 13.0, "Class": "Moderate" }, "geometry": { "type": "MultiPolygon", "coordinates": [ [ [ [ 578341.462564746616408, 2564608.865538750775158 ], [ 578391.462564746616408, 2564608.865538750775158 ], [ 578391.462564746616408, 2564558.865538750775158 ], [ 578341.462564746616408, 2564558.865538750775158 ], [ 578341.462564746616408, 2564608.865538750775158 ] ] ] ] } },
{ "type": "Feature", "properties": { "id": 857.0, "temple": 0.0, "parking": 0.0, "junction": 0.0, "building": 2.0, "hotel": 1.0, "id_2": 9, "GHAT_NAME": "Ram Ghat", "n": 1, "distance": 64.59725042340304, "Demand": 14.0, "Class": "Moderate" }, "geometry": { "type": "MultiPolygon", "coordinates": [ [ [ [ 578341.462564746616408, 2564558.865538750775158 ], [ 578391.462564746616408, 2564558.865538750775158 ], [ 578391.462564746616408, 2564508.865538750775158 ], [ 578341.462564746616408, 2564508.865538750775158 ], [ 578341.462564746616408, 2564558.865538750775158 ] ] ] ] } },
{ "type": "Feature", "properties": { "id": 858.0, "temple": 0.0, "parking": 0.0, "junction": 2.0, "building": 2.0, "hotel": 0.0, "id_2": 9, "GHAT_NAME": "Ram Ghat", "n": 1, "distance": 73.491078840045617, "Demand": 16.0, "Class": "High" }, "geometry": { "type": "MultiPolygon", "coordinates": [ [ [ [ 578341.462564746616408, 2564508.865538750775158 ], [ 578391.462564746616408, 2564508.865538750775158 ], [ 578391.462564746616408, 2564458.865538750775158 ], [ 578341.462564746616408, 2564458.865538750775158 ], [ 578341.462564746616408, 2564508.865538750775158 ] ] ] ] } },
{ "type": "Feature", "properties": { "id": 859.0, "temple": 0.0, "parking": 0.0, "junction": 0.0, "building": 2.0, "hotel": 0.0, "id_2": 9, "GHAT_NAME": "Ram Ghat", "n": 1, "distance": 88.374838826186149, "Demand": 12.0, "Class": "Moderate" }, "geometry": { "type": "MultiPolygon", "coordinates": [ [ [ [ 578341.462564746616408, 2564458.865538750775158 ], [ 578391.462564746616408, 2564458.865538750775158 ], [ 578391.462564746616408, 2564408.865538750775158 ], [ 578341.462564746616408, 2564408.865538750775158 ], [ 578341.462564746616408, 2564458.865538750775158 ] ] ] ] } },
{ "type": "Feature", "properties": { "id": 860.0, "temple": 0.0, "parking": 0.0, "junction": 1.0, "building": 2.0, "hotel": 1.0, "id_2": 9, "GHAT_NAME": "Ram Ghat", "n": 1, "distance": 104.76217693281066, "Demand": 16.0, "Class": "High" }, "geometry": { "type": "MultiPolygon", "coordinates": [ [ [ [ 578341.462564746616408, 2564408.865538750775158 ], [ 578391.462564746616408, 2564408.865538750775158 ], [ 578391.462564746616408, 2564358.865538750775158 ], [ 578341.462564746616408, 2564358.865538750775158 ], [ 578341.462564746616408, 2564408.865538750775158 ] ] ] ] } },
{ "type": "Feature", "properties": { "id": 861.0, "temple": 0.0, "parking": 0.0, "junction": 0.0, "building": 1.0, "hotel": 0.0, "id_2": 9, "GHAT_NAME": "Ram Ghat", "n": 1, "distance": 116.69987007228248, "Demand": 11.0, "Class": "Moderate" }, "geometry": { "type": "MultiPolygon", "coordinates": [ [ [ [ 578341.462564746616408, 2564358.865538750775158 ], [ 578391.462564746616408, 2564358.865538750775158 ], [ 578391.462564746616408, 2564308.865538750775158 ], [ 578341.462564746616408, 2564308.865538750775158 ], [ 578341.462564746616408, 2564358.865538750775158 ] ] ] ] } },
{ "type": "Feature", "properties": { "id": 862.0, "temple": 0.0, "parking": 0.0, "junction": 0.0, "building": 0.0, "hotel": 0.0, "id_2": 9, "GHAT_NAME": "Ram Ghat", "n": 1, "distance": 128.58569060497572, "Demand": 10.0, "Class": "Low" }, "geometry": { "type": "MultiPolygon", "coordinates": [ [ [ [ 578341.462564746616408, 2564308.865538750775158 ], [ 578391.462564746616408, 2564308.865538750775158 ], [ 578391.462564746616408, 2564258.865538750775158 ], [ 578341.462564746616408, 2564258.865538750775158 ], [ 578341.462564746616408, 2564308.865538750775158 ] ] ] ] } },
{ "type": "Feature", "properties": { "id": 863.0, "temple": 0.0, "parking": 0.0, "junction": 0.0, "building": 0.0, "hotel": 0.0, "id_2": 9, "GHAT_NAME": "Ram Ghat", "n": 1, "distance": 146.30679157233357, "Demand": 10.0, "Class": "Low" }, "geometry": { "type": "MultiPolygon", "coordinates": [ [ [ [ 578341.462564746616408, 2564258.865538750775158 ], [ 578391.462564746616408, 2564258.865538750775158 ], [ 578391.462564746616408, 2564208.865538750775158 ], [ 578341.462564746616408, 2564208.865538750775158 ], [ 578341.462564746616408, 2564258.865538750775158 ] ] ] ] } },
{ "type": "Feature", "properties": { "id": 864.0, "temple": 0.0, "parking": 0.0, "junction": 0.0, "building": 0.0, "hotel": 0.0, "id_2": 9, "GHAT_NAME": "Ram Ghat", "n": 1, "distance": 176.10595807971137, "Demand": 10.0, "Class": "Low" }, "geometry": { "type": "MultiPolygon", "coordinates": [ [ [ [ 578341.462564746616408, 2564208.865538750775158 ], [ 578391.462564746616408, 2564208.865538750775158 ], [ 578391.462564746616408, 2564158.865538750775158 ], [ 578341.462564746616408, 2564158.865538750775158 ], [ 578341.462564746616408, 2564208.865538750775158 ] ] ] ] } },
{ "type": "Feature", "properties": { "id": 865.0, "temple": 0.0, "parking": 0.0, "junction": 0.0, "building": 0.0, "hotel": 0.0, "id_2": 4, "GHAT_NAME": "Maharishi Sant Balinath Ghat", "n": 1, "distance": 208.0137227373832, "Demand": 6.0, "Class": "Low" }, "geometry": { "type": "MultiPolygon", "coordinates": [ [ [ [ 578341.462564746616408, 2564158.865538750775158 ], [ 578391.462564746616408, 2564158.865538750775158 ], [ 578391.462564746616408, 2564108.865538750775158 ], [ 578341.462564746616408, 2564108.865538750775158 ], [ 578341.462564746616408, 2564158.865538750775158 ] ] ] ] } },
{ "type": "Feature", "properties": { "id": 866.0, "temple": 0.0, "parking": 0.0, "junction": 1.0, "building": 0.0, "hotel": 0.0, "id_2": 4, "GHAT_NAME": "Maharishi Sant Balinath Ghat", "n": 1, "distance": 232.46684127350264, "Demand": 8.0, "Class": "Low" }, "geometry": { "type": "MultiPolygon", "coordinates": [ [ [ [ 578341.462564746616408, 2564108.865538750775158 ], [ 578391.462564746616408, 2564108.865538750775158 ], [ 578391.462564746616408, 2564058.865538750775158 ], [ 578341.462564746616408, 2564058.865538750775158 ], [ 578341.462564746616408, 2564108.865538750775158 ] ] ] ] } },
{ "type": "Feature", "properties": { "id": 867.0, "temple": 0.0, "parking": 0.0, "junction": 0.0, "building": 0.0, "hotel": 0.0, "id_2": 4, "GHAT_NAME": "Maharishi Sant Balinath Ghat", "n": 1, "distance": 264.21952186826542, "Demand": 6.0, "Class": "Low" }, "geometry": { "type": "MultiPolygon", "coordinates": [ [ [ [ 578341.462564746616408, 2564058.865538750775158 ], [ 578391.462564746616408, 2564058.865538750775158 ], [ 578391.462564746616408, 2564008.865538750775158 ], [ 578341.462564746616408, 2564008.865538750775158 ], [ 578341.462564746616408, 2564058.865538750775158 ] ] ] ] } },
{ "type": "Feature", "properties": { "id": 868.0, "temple": 1.0, "parking": 0.0, "junction": 1.0, "building": 1.0, "hotel": 0.0, "id_2": 4, "GHAT_NAME": "Maharishi Sant Balinath Ghat", "n": 1, "distance": 298.96305806461635, "Demand": 14.0, "Class": "Moderate" }, "geometry": { "type": "MultiPolygon", "coordinates": [ [ [ [ 578341.462564746616408, 2564008.865538750775158 ], [ 578391.462564746616408, 2564008.865538750775158 ], [ 578391.462564746616408, 2563958.865538750775158 ], [ 578341.462564746616408, 2563958.865538750775158 ], [ 578341.462564746616408, 2564008.865538750775158 ] ] ] ] } },
{ "type": "Feature", "properties": { "id": 869.0, "temple": 0.0, "parking": 0.0, "junction": 0.0, "building": 2.0, "hotel": 0.0, "id_2": 4, "GHAT_NAME": "Maharishi Sant Balinath Ghat", "n": 1, "distance": 333.63071571438121, "Demand": 8.0, "Class": "Low" }, "geometry": { "type": "MultiPolygon", "coordinates": [ [ [ [ 578341.462564746616408, 2563958.865538750775158 ], [ 578391.462564746616408, 2563958.865538750775158 ], [ 578391.462564746616408, 2563908.865538750775158 ], [ 578341.462564746616408, 2563908.865538750775158 ], [ 578341.462564746616408, 2563958.865538750775158 ] ] ] ] } },
{ "type": "Feature", "properties": { "id": 870.0, "temple": 0.0, "parking": 0.0, "junction": 0.0, "building": 0.0, "hotel": 0.0, "id_2": 4, "GHAT_NAME": "Maharishi Sant Balinath Ghat", "n": 1, "distance": 368.34497483934376, "Demand": 6.0, "Class": "Low" }, "geometry": { "type": "MultiPolygon", "coordinates": [ [ [ [ 578341.462564746616408, 2563908.865538750775158 ], [ 578391.462564746616408, 2563908.865538750775158 ], [ 578391.462564746616408, 2563858.865538750775158 ], [ 578341.462564746616408, 2563858.865538750775158 ], [ 578341.462564746616408, 2563908.865538750775158 ] ] ] ] } },
{ "type": "Feature", "properties": { "id": 871.0, "temple": 0.0, "parking": 0.0, "junction": 0.0, "building": 0.0, "hotel": 0.0, "id_2": 4, "GHAT_NAME": "Maharishi Sant Balinath Ghat", "n": 1, "distance": 405.89402081039049, "Demand": 6.0, "Class": "Low" }, "geometry": { "type": "MultiPolygon", "coordinates": [ [ [ [ 578341.462564746616408, 2563858.865538750775158 ], [ 578391.462564746616408, 2563858.865538750775158 ], [ 578391.462564746616408, 2563808.865538750775158 ], [ 578341.462564746616408, 2563808.865538750775158 ], [ 578341.462564746616408, 2563858.865538750775158 ] ] ] ] } },
{ "type": "Feature", "properties": { "id": 872.0, "temple": 0.0, "parking": 0.0, "junction": 0.0, "building": 0.0, "hotel": 0.0, "id_2": 4, "GHAT_NAME": "Maharishi Sant Balinath Ghat", "n": 1, "distance": 445.89448501843418, "Demand": 6.0, "Class": "Low" }, "geometry": { "type": "MultiPolygon", "coordinates": [ [ [ [ 578341.462564746616408, 2563808.865538750775158 ], [ 578391.462564746616408, 2563808.865538750775158 ], [ 578391.462564746616408, 2563758.865538750775158 ], [ 578341.462564746616408, 2563758.865538750775158 ], [ 578341.462564746616408, 2563808.865538750775158 ] ] ] ] } },
{ "type": "Feature", "properties": { "id": 873.0, "temple": 0.0, "parking": 0.0, "junction": 0.0, "building": 0.0, "hotel": 0.0, "id_2": 4, "GHAT_NAME": "Maharishi Sant Balinath Ghat", "n": 1, "distance": 487.74360827189065, "Demand": 6.0, "Class": "Low" }, "geometry": { "type": "MultiPolygon", "coordinates": [ [ [ [ 578341.462564746616408, 2563758.865538750775158 ], [ 578391.462564746616408, 2563758.865538750775158 ], [ 578391.462564746616408, 2563708.865538750775158 ], [ 578341.462564746616408, 2563708.865538750775158 ], [ 578341.462564746616408, 2563758.865538750775158 ] ] ] ] } },
{ "type": "Feature", "properties": { "id": 874.0, "temple": 0.0, "parking": 0.0, "junction": 0.0, "building": 0.0, "hotel": 0.0, "id_2": 4, "GHAT_NAME": "Maharishi Sant Balinath Ghat", "n": 1, "distance": 531.00448496252125, "Demand": 2.0, "Class": "Very Low" }, "geometry": { "type": "MultiPolygon", "coordinates": [ [ [ [ 578341.462564746616408, 2563708.865538750775158 ], [ 578391.462564746616408, 2563708.865538750775158 ], [ 578391.462564746616408, 2563658.865538750775158 ], [ 578341.462564746616408, 2563658.865538750775158 ], [ 578341.462564746616408, 2563708.865538750775158 ] ] ] ] } },
{ "type": "Feature", "properties": { "id": 875.0, "temple": 0.0, "parking": 0.0, "junction": 0.0, "building": 1.0, "hotel": 0.0, "id_2": 4, "GHAT_NAME": "Maharishi Sant Balinath Ghat", "n": 1, "distance": 575.35327457165408, "Demand": 3.0, "Class": "Very Low" }, "geometry": { "type": "MultiPolygon", "coordinates": [ [ [ [ 578341.462564746616408, 2563658.865538750775158 ], [ 578391.462564746616408, 2563658.865538750775158 ], [ 578391.462564746616408, 2563608.865538750775158 ], [ 578341.462564746616408, 2563608.865538750775158 ], [ 578341.462564746616408, 2563658.865538750775158 ] ] ] ] } },
{ "type": "Feature", "properties": { "id": 876.0, "temple": 0.0, "parking": 0.0, "junction": 0.0, "building": 5.0, "hotel": 1.0, "id_2": 5, "GHAT_NAME": "Shri Narasimha Ghat", "n": 1, "distance": 609.55263526636475, "Demand": 9.0, "Class": "Low" }, "geometry": { "type": "MultiPolygon", "coordinates": [ [ [ [ 578341.462564746616408, 2563608.865538750775158 ], [ 578391.462564746616408, 2563608.865538750775158 ], [ 578391.462564746616408, 2563558.865538750775158 ], [ 578341.462564746616408, 2563558.865538750775158 ], [ 578341.462564746616408, 2563608.865538750775158 ] ] ] ] } },
{ "type": "Feature", "properties": { "id": 877.0, "temple": 0.0, "parking": 0.0, "junction": 2.0, "building": 13.0, "hotel": 1.0, "id_2": 5, "GHAT_NAME": "Shri Narasimha Ghat", "n": 1, "distance": 641.95726817217565, "Demand": 21.0, "Class": "High" }, "geometry": { "type": "MultiPolygon", "coordinates": [ [ [ [ 578341.462564746616408, 2563558.865538750775158 ], [ 578391.462564746616408, 2563558.865538750775158 ], [ 578391.462564746616408, 2563508.865538750775158 ], [ 578341.462564746616408, 2563508.865538750775158 ], [ 578341.462564746616408, 2563558.865538750775158 ] ] ] ] } },
{ "type": "Feature", "properties": { "id": 878.0, "temple": 0.0, "parking": 0.0, "junction": 0.0, "building": 15.0, "hotel": 1.0, "id_2": 5, "GHAT_NAME": "Shri Narasimha Ghat", "n": 1, "distance": 676.5085758199931, "Demand": 19.0, "Class": "High" }, "geometry": { "type": "MultiPolygon", "coordinates": [ [ [ [ 578341.462564746616408, 2563508.865538750775158 ], [ 578391.462564746616408, 2563508.865538750775158 ], [ 578391.462564746616408, 2563458.865538750775158 ], [ 578341.462564746616408, 2563458.865538750775158 ], [ 578341.462564746616408, 2563508.865538750775158 ] ] ] ] } },
{ "type": "Feature", "properties": { "id": 879.0, "temple": 0.0, "parking": 0.0, "junction": 0.0, "building": 3.0, "hotel": 0.0, "id_2": 5, "GHAT_NAME": "Shri Narasimha Ghat", "n": 1, "distance": 712.89450282416124, "Demand": 5.0, "Class": "Very Low" }, "geometry": { "type": "MultiPolygon", "coordinates": [ [ [ [ 578341.462564746616408, 2563458.865538750775158 ], [ 578391.462564746616408, 2563458.865538750775158 ], [ 578391.462564746616408, 2563408.865538750775158 ], [ 578341.462564746616408, 2563408.865538750775158 ], [ 578341.462564746616408, 2563458.865538750775158 ] ] ] ] } },
{ "type": "Feature", "properties": { "id": 880.0, "temple": 0.0, "parking": 0.0, "junction": 0.0, "building": 4.0, "hotel": 0.0, "id_2": 5, "GHAT_NAME": "Shri Narasimha Ghat", "n": 1, "distance": 750.84838093707083, "Demand": 6.0, "Class": "Low" }, "geometry": { "type": "MultiPolygon", "coordinates": [ [ [ [ 578341.462564746616408, 2563378.26999677112326 ], [ 578341.462564746616408, 2563408.865538750775158 ], [ 578391.462564746616408, 2563408.865538750775158 ], [ 578391.462564746616408, 2563369.974360892083496 ], [ 578341.462564746616408, 2563378.26999677112326 ] ] ] ] } },
{ "type": "Feature", "properties": { "id": 881.0, "temple": 0.0, "parking": 0.0, "junction": 0.0, "building": 5.0, "hotel": 0.0, "id_2": 10, "GHAT_NAME": "Chakra Tirth Ghat", "n": 1, "distance": 359.85728929876467, "Demand": 11.0, "Class": "Moderate" }, "geometry": { "type": "MultiPolygon", "coordinates": [ [ [ [ 578398.914647179073654, 2565558.865538750775158 ], [ 578441.462564746616408, 2565551.806335885077715 ], [ 578441.462564746616408, 2565508.865538750775158 ], [ 578391.462564746616408, 2565508.865538750775158 ], [ 578391.462564746616408, 2565557.548343972302973 ], [ 578398.914647179073654, 2565558.865538750775158 ] ] ] ] } },
{ "type": "Feature", "properties": { "id": 882.0, "temple": 0.0, "parking": 0.0, "junction": 0.0, "building": 4.0, "hotel": 0.0, "id_2": 10, "GHAT_NAME": "Chakra Tirth Ghat", "n": 1, "distance": 324.8705313711111, "Demand": 10.0, "Class": "Low" }, "geometry": { "type": "MultiPolygon", "coordinates": [ [ [ [ 578391.462564746616408, 2565508.865538750775158 ], [ 578441.462564746616408, 2565508.865538750775158 ], [ 578441.462564746616408, 2565458.865538750775158 ], [ 578391.462564746616408, 2565458.865538750775158 ], [ 578391.462564746616408, 2565508.865538750775158 ] ] ] ] } },
{ "type": "Feature", "properties": { "id": 883.0, "temple": 0.0, "parking": 0.0, "junction": 0.0, "building": 0.0, "hotel": 0.0, "id_2": 10, "GHAT_NAME": "Chakra Tirth Ghat", "n": 1, "distance": 294.25236727211109, "Demand": 6.0, "Class": "Low" }, "geometry": { "type": "MultiPolygon", "coordinates": [ [ [ [ 578391.462564746616408, 2565458.865538750775158 ], [ 578441.462564746616408, 2565458.865538750775158 ], [ 578441.462564746616408, 2565408.865538750775158 ], [ 578391.462564746616408, 2565408.865538750775158 ], [ 578391.462564746616408, 2565458.865538750775158 ] ] ] ] } },
{ "type": "Feature", "properties": { "id": 884.0, "temple": 0.0, "parking": 0.0, "junction": 0.0, "building": 0.0, "hotel": 0.0, "id_2": 10, "GHAT_NAME": "Chakra Tirth Ghat", "n": 1, "distance": 269.49591673555017, "Demand": 6.0, "Class": "Low" }, "geometry": { "type": "MultiPolygon", "coordinates": [ [ [ [ 578391.462564746616408, 2565408.865538750775158 ], [ 578441.462564746616408, 2565408.865538750775158 ], [ 578441.462564746616408, 2565358.865538750775158 ], [ 578391.462564746616408, 2565358.865538750775158 ], [ 578391.462564746616408, 2565408.865538750775158 ] ] ] ] } },
{ "type": "Feature", "properties": { "id": 885.0, "temple": 0.0, "parking": 0.0, "junction": 1.0, "building": 2.0, "hotel": 0.0, "id_2": 10, "GHAT_NAME": "Chakra Tirth Ghat", "n": 1, "distance": 252.33240503159294, "Demand": 10.0, "Class": "Low" }, "geometry": { "type": "MultiPolygon", "coordinates": [ [ [ [ 578391.462564746616408, 2565358.865538750775158 ], [ 578441.462564746616408, 2565358.865538750775158 ], [ 578441.462564746616408, 2565308.865538750775158 ], [ 578391.462564746616408, 2565308.865538750775158 ], [ 578391.462564746616408, 2565358.865538750775158 ] ] ] ] } },
{ "type": "Feature", "properties": { "id": 886.0, "temple": 0.0, "parking": 0.0, "junction": 0.0, "building": 2.0, "hotel": 0.0, "id_2": 10, "GHAT_NAME": "Chakra Tirth Ghat", "n": 1, "distance": 240.40912733009424, "Demand": 8.0, "Class": "Low" }, "geometry": { "type": "MultiPolygon", "coordinates": [ [ [ [ 578391.462564746616408, 2565308.865538750775158 ], [ 578441.462564746616408, 2565308.865538750775158 ], [ 578441.462564746616408, 2565258.865538750775158 ], [ 578391.462564746616408, 2565258.865538750775158 ], [ 578391.462564746616408, 2565308.865538750775158 ] ] ] ] } },
{ "type": "Feature", "properties": { "id": 887.0, "temple": 0.0, "parking": 0.0, "junction": 1.0, "building": 9.0, "hotel": 0.0, "id_2": 10, "GHAT_NAME": "Chakra Tirth Ghat", "n": 1, "distance": 227.42172938113907, "Demand": 17.0, "Class": "High" }, "geometry": { "type": "MultiPolygon", "coordinates": [ [ [ [ 578391.462564746616408, 2565258.865538750775158 ], [ 578441.462564746616408, 2565258.865538750775158 ], [ 578441.462564746616408, 2565208.865538750775158 ], [ 578391.462564746616408, 2565208.865538750775158 ], [ 578391.462564746616408, 2565258.865538750775158 ] ] ] ] } },
{ "type": "Feature", "properties": { "id": 888.0, "temple": 0.0, "parking": 0.0, "junction": 1.0, "building": 11.0, "hotel": 0.0, "id_2": 10, "GHAT_NAME": "Chakra Tirth Ghat", "n": 1, "distance": 215.99789177683729, "Demand": 19.0, "Class": "High" }, "geometry": { "type": "MultiPolygon", "coordinates": [ [ [ [ 578391.462564746616408, 2565208.865538750775158 ], [ 578441.462564746616408, 2565208.865538750775158 ], [ 578441.462564746616408, 2565158.865538750775158 ], [ 578391.462564746616408, 2565158.865538750775158 ], [ 578391.462564746616408, 2565208.865538750775158 ] ] ] ] } },
{ "type": "Feature", "properties": { "id": 889.0, "temple": 0.0, "parking": 0.0, "junction": 0.0, "building": 10.0, "hotel": 0.0, "id_2": 10, "GHAT_NAME": "Chakra Tirth Ghat", "n": 1, "distance": 201.62887204817525, "Demand": 16.0, "Class": "High" }, "geometry": { "type": "MultiPolygon", "coordinates": [ [ [ [ 578391.462564746616408, 2565158.865538750775158 ], [ 578441.462564746616408, 2565158.865538750775158 ], [ 578441.462564746616408, 2565108.865538750775158 ], [ 578391.462564746616408, 2565108.865538750775158 ], [ 578391.462564746616408, 2565158.865538750775158 ] ] ] ] } },
{ "type": "Feature", "properties": { "id": 890.0, "temple": 0.0, "parking": 0.0, "junction": 0.0, "building": 9.0, "hotel": 0.0, "id_2": 10, "GHAT_NAME": "Chakra Tirth Ghat", "n": 1, "distance": 188.98146338379578, "Demand": 19.0, "Class": "High" }, "geometry": { "type": "MultiPolygon", "coordinates": [ [ [ [ 578391.462564746616408, 2565108.865538750775158 ], [ 578441.462564746616408, 2565108.865538750775158 ], [ 578441.462564746616408, 2565058.865538750775158 ], [ 578391.462564746616408, 2565058.865538750775158 ], [ 578391.462564746616408, 2565108.865538750775158 ] ] ] ] } },
{ "type": "Feature", "properties": { "id": 891.0, "temple": 1.0, "parking": 0.0, "junction": 0.0, "building": 12.0, "hotel": 0.0, "id_2": 10, "GHAT_NAME": "Chakra Tirth Ghat", "n": 1, "distance": 175.14446547681632, "Demand": 27.0, "Class": "Very High" }, "geometry": { "type": "MultiPolygon", "coordinates": [ [ [ [ 578391.462564746616408, 2565058.865538750775158 ], [ 578441.462564746616408, 2565058.865538750775158 ], [ 578441.462564746616408, 2565008.865538750775158 ], [ 578391.462564746616408, 2565008.865538750775158 ], [ 578391.462564746616408, 2565058.865538750775158 ] ] ] ] } },
{ "type": "Feature", "properties": { "id": 892.0, "temple": 0.0, "parking": 0.0, "junction": 1.0, "building": 6.0, "hotel": 0.0, "id_2": 8, "GHAT_NAME": "Sumeru Ghat", "n": 1, "distance": 161.40843803986354, "Demand": 18.0, "Class": "High" }, "geometry": { "type": "MultiPolygon", "coordinates": [ [ [ [ 578391.462564746616408, 2565008.865538750775158 ], [ 578441.462564746616408, 2565008.865538750775158 ], [ 578441.462564746616408, 2564958.865538750775158 ], [ 578391.462564746616408, 2564958.865538750775158 ], [ 578391.462564746616408, 2565008.865538750775158 ] ] ] ] } },
{ "type": "Feature", "properties": { "id": 893.0, "temple": 0.0, "parking": 0.0, "junction": 3.0, "building": 2.0, "hotel": 0.0, "id_2": 8, "GHAT_NAME": "Sumeru Ghat", "n": 1, "distance": 149.94428615563078, "Demand": 18.0, "Class": "High" }, "geometry": { "type": "MultiPolygon", "coordinates": [ [ [ [ 578391.462564746616408, 2564958.865538750775158 ], [ 578441.462564746616408, 2564958.865538750775158 ], [ 578441.462564746616408, 2564908.865538750775158 ], [ 578391.462564746616408, 2564908.865538750775158 ], [ 578391.462564746616408, 2564958.865538750775158 ] ] ] ] } },
{ "type": "Feature", "properties": { "id": 894.0, "temple": 0.0, "parking": 0.0, "junction": 0.0, "building": 5.0, "hotel": 1.0, "id_2": 8, "GHAT_NAME": "Sumeru Ghat", "n": 1, "distance": 139.17132705789726, "Demand": 17.0, "Class": "High" }, "geometry": { "type": "MultiPolygon", "coordinates": [ [ [ [ 578391.462564746616408, 2564908.865538750775158 ], [ 578441.462564746616408, 2564908.865538750775158 ], [ 578441.462564746616408, 2564858.865538750775158 ], [ 578391.462564746616408, 2564858.865538750775158 ], [ 578391.462564746616408, 2564908.865538750775158 ] ] ] ] } },
{ "type": "Feature", "properties": { "id": 895.0, "temple": 0.0, "parking": 0.0, "junction": 0.0, "building": 5.0, "hotel": 0.0, "id_2": 8, "GHAT_NAME": "Sumeru Ghat", "n": 1, "distance": 124.41088396004629, "Demand": 15.0, "Class": "Moderate" }, "geometry": { "type": "MultiPolygon", "coordinates": [ [ [ [ 578391.462564746616408, 2564858.865538750775158 ], [ 578441.462564746616408, 2564858.865538750775158 ], [ 578441.462564746616408, 2564808.865538750775158 ], [ 578391.462564746616408, 2564808.865538750775158 ], [ 578391.462564746616408, 2564858.865538750775158 ] ] ] ] } },
{ "type": "Feature", "properties": { "id": 896.0, "temple": 0.0, "parking": 0.0, "junction": 2.0, "building": 5.0, "hotel": 2.0, "id_2": 8, "GHAT_NAME": "Sumeru Ghat", "n": 1, "distance": 115.60212365931153, "Demand": 23.0, "Class": "Very High" }, "geometry": { "type": "MultiPolygon", "coordinates": [ [ [ [ 578391.462564746616408, 2564808.865538750775158 ], [ 578441.462564746616408, 2564808.865538750775158 ], [ 578441.462564746616408, 2564758.865538750775158 ], [ 578391.462564746616408, 2564758.865538750775158 ], [ 578391.462564746616408, 2564808.865538750775158 ] ] ] ] } },
{ "type": "Feature", "properties": { "id": 897.0, "temple": 0.0, "parking": 0.0, "junction": 0.0, "building": 1.0, "hotel": 2.0, "id_2": 9, "GHAT_NAME": "Ram Ghat", "n": 1, "distance": 108.59459588521717, "Demand": 15.0, "Class": "Moderate" }, "geometry": { "type": "MultiPolygon", "coordinates": [ [ [ [ 578391.462564746616408, 2564758.865538750775158 ], [ 578441.462564746616408, 2564758.865538750775158 ], [ 578441.462564746616408, 2564708.865538750775158 ], [ 578391.462564746616408, 2564708.865538750775158 ], [ 578391.462564746616408, 2564758.865538750775158 ] ] ] ] } },
{ "type": "Feature", "properties": { "id": 898.0, "temple": 0.0, "parking": 0.0, "junction": 0.0, "building": 3.0, "hotel": 1.0, "id_2": 9, "GHAT_NAME": "Ram Ghat", "n": 1, "distance": 102.28077347836775, "Demand": 15.0, "Class": "Moderate" }, "geometry": { "type": "MultiPolygon", "coordinates": [ [ [ [ 578391.462564746616408, 2564708.865538750775158 ], [ 578441.462564746616408, 2564708.865538750775158 ], [ 578441.462564746616408, 2564658.865538750775158 ], [ 578391.462564746616408, 2564658.865538750775158 ], [ 578391.462564746616408, 2564708.865538750775158 ] ] ] ] } },
{ "type": "Feature", "properties": { "id": 899.0, "temple": 0.0, "parking": 0.0, "junction": 0.0, "building": 0.0, "hotel": 0.0, "id_2": 9, "GHAT_NAME": "Ram Ghat", "n": 1, "distance": 101.11320444615558, "Demand": 10.0, "Class": "Low" }, "geometry": { "type": "MultiPolygon", "coordinates": [ [ [ [ 578391.462564746616408, 2564658.865538750775158 ], [ 578441.462564746616408, 2564658.865538750775158 ], [ 578441.462564746616408, 2564608.865538750775158 ], [ 578391.462564746616408, 2564608.865538750775158 ], [ 578391.462564746616408, 2564658.865538750775158 ] ] ] ] } },
{ "type": "Feature", "properties": { "id": 900.0, "temple": 0.0, "parking": 0.0, "junction": 2.0, "building": 1.0, "hotel": 2.0, "id_2": 9, "GHAT_NAME": "Ram Ghat", "n": 1, "distance": 102.73247606875093, "Demand": 19.0, "Class": "High" }, "geometry": { "type": "MultiPolygon", "coordinates": [ [ [ [ 578391.462564746616408, 2564608.865538750775158 ], [ 578441.462564746616408, 2564608.865538750775158 ], [ 578441.462564746616408, 2564558.865538750775158 ], [ 578391.462564746616408, 2564558.865538750775158 ], [ 578391.462564746616408, 2564608.865538750775158 ] ] ] ] } },
{ "type": "Feature", "properties": { "id": 901.0, "temple": 0.0, "parking": 0.0, "junction": 3.0, "building": 3.0, "hotel": 1.0, "id_2": 9, "GHAT_NAME": "Ram Ghat", "n": 1, "distance": 112.79398789572274, "Demand": 21.0, "Class": "High" }, "geometry": { "type": "MultiPolygon", "coordinates": [ [ [ [ 578391.462564746616408, 2564558.865538750775158 ], [ 578441.462564746616408, 2564558.865538750775158 ], [ 578441.462564746616408, 2564508.865538750775158 ], [ 578391.462564746616408, 2564508.865538750775158 ], [ 578391.462564746616408, 2564558.865538750775158 ] ] ] ] } },
{ "type": "Feature", "properties": { "id": 902.0, "temple": 0.0, "parking": 0.0, "junction": 0.0, "building": 8.0, "hotel": 0.0, "id_2": 9, "GHAT_NAME": "Ram Ghat", "n": 1, "distance": 121.56433839662947, "Demand": 18.0, "Class": "High" }, "geometry": { "type": "MultiPolygon", "coordinates": [ [ [ [ 578391.462564746616408, 2564508.865538750775158 ], [ 578441.462564746616408, 2564508.865538750775158 ], [ 578441.462564746616408, 2564458.865538750775158 ], [ 578391.462564746616408, 2564458.865538750775158 ], [ 578391.462564746616408, 2564508.865538750775158 ] ] ] ] } },
{ "type": "Feature", "properties": { "id": 903.0, "temple": 0.0, "parking": 0.0, "junction": 0.0, "building": 1.0, "hotel": 0.0, "id_2": 9, "GHAT_NAME": "Ram Ghat", "n": 1, "distance": 134.75169693002937, "Demand": 11.0, "Class": "Moderate" }, "geometry": { "type": "MultiPolygon", "coordinates": [ [ [ [ 578391.462564746616408, 2564458.865538750775158 ], [ 578441.462564746616408, 2564458.865538750775158 ], [ 578441.462564746616408, 2564408.865538750775158 ], [ 578391.462564746616408, 2564408.865538750775158 ], [ 578391.462564746616408, 2564458.865538750775158 ] ] ] ] } },
{ "type": "Feature", "properties": { "id": 904.0, "temple": 1.0, "parking": 0.0, "junction": 0.0, "building": 2.0, "hotel": 0.0, "id_2": 9, "GHAT_NAME": "Ram Ghat", "n": 1, "distance": 152.72616357631946, "Demand": 17.0, "Class": "High" }, "geometry": { "type": "MultiPolygon", "coordinates": [ [ [ [ 578391.462564746616408, 2564408.865538750775158 ], [ 578441.462564746616408, 2564408.865538750775158 ], [ 578441.462564746616408, 2564358.865538750775158 ], [ 578391.462564746616408, 2564358.865538750775158 ], [ 578391.462564746616408, 2564408.865538750775158 ] ] ] ] } },
{ "type": "Feature", "properties": { "id": 905.0, "temple": 0.0, "parking": 0.0, "junction": 1.0, "building": 0.0, "hotel": 2.0, "id_2": 9, "GHAT_NAME": "Ram Ghat", "n": 1, "distance": 165.15869192524028, "Demand": 16.0, "Class": "High" }, "geometry": { "type": "MultiPolygon", "coordinates": [ [ [ [ 578391.462564746616408, 2564358.865538750775158 ], [ 578441.462564746616408, 2564358.865538750775158 ], [ 578441.462564746616408, 2564308.865538750775158 ], [ 578391.462564746616408, 2564308.865538750775158 ], [ 578391.462564746616408, 2564358.865538750775158 ] ] ] ] } },
{ "type": "Feature", "properties": { "id": 906.0, "temple": 0.0, "parking": 0.0, "junction": 1.0, "building": 0.0, "hotel": 0.0, "id_2": 9, "GHAT_NAME": "Ram Ghat", "n": 1, "distance": 175.69897611738975, "Demand": 12.0, "Class": "Moderate" }, "geometry": { "type": "MultiPolygon", "coordinates": [ [ [ [ 578391.462564746616408, 2564308.865538750775158 ], [ 578441.462564746616408, 2564308.865538750775158 ], [ 578441.462564746616408, 2564258.865538750775158 ], [ 578391.462564746616408, 2564258.865538750775158 ], [ 578391.462564746616408, 2564308.865538750775158 ] ] ] ] } },
{ "type": "Feature", "properties": { "id": 907.0, "temple": 0.0, "parking": 0.0, "junction": 0.0, "building": 0.0, "hotel": 0.0, "id_2": 9, "GHAT_NAME": "Ram Ghat", "n": 1, "distance": 191.55648951221994, "Demand": 10.0, "Class": "Low" }, "geometry": { "type": "MultiPolygon", "coordinates": [ [ [ [ 578391.462564746616408, 2564258.865538750775158 ], [ 578441.462564746616408, 2564258.865538750775158 ], [ 578441.462564746616408, 2564208.865538750775158 ], [ 578391.462564746616408, 2564208.865538750775158 ], [ 578391.462564746616408, 2564258.865538750775158 ] ] ] ] } },
{ "type": "Feature", "properties": { "id": 908.0, "temple": 0.0, "parking": 0.0, "junction": 0.0, "building": 0.0, "hotel": 0.0, "id_2": 9, "GHAT_NAME": "Ram Ghat", "n": 1, "distance": 215.17787963735498, "Demand": 6.0, "Class": "Low" }, "geometry": { "type": "MultiPolygon", "coordinates": [ [ [ [ 578391.462564746616408, 2564208.865538750775158 ], [ 578441.462564746616408, 2564208.865538750775158 ], [ 578441.462564746616408, 2564158.865538750775158 ], [ 578391.462564746616408, 2564158.865538750775158 ], [ 578391.462564746616408, 2564208.865538750775158 ] ] ] ] } },
{ "type": "Feature", "properties": { "id": 909.0, "temple": 0.0, "parking": 0.0, "junction": 0.0, "building": 1.0, "hotel": 0.0, "id_2": 9, "GHAT_NAME": "Ram Ghat", "n": 1, "distance": 246.7977939451867, "Demand": 7.0, "Class": "Low" }, "geometry": { "type": "MultiPolygon", "coordinates": [ [ [ [ 578391.462564746616408, 2564158.865538750775158 ], [ 578441.462564746616408, 2564158.865538750775158 ], [ 578441.462564746616408, 2564108.865538750775158 ], [ 578391.462564746616408, 2564108.865538750775158 ], [ 578391.462564746616408, 2564158.865538750775158 ] ] ] ] } },
{ "type": "Feature", "properties": { "id": 910.0, "temple": 0.0, "parking": 0.0, "junction": 0.0, "building": 0.0, "hotel": 0.0, "id_2": 4, "GHAT_NAME": "Maharishi Sant Balinath Ghat", "n": 1, "distance": 275.00381769810861, "Demand": 6.0, "Class": "Low" }, "geometry": { "type": "MultiPolygon", "coordinates": [ [ [ [ 578391.462564746616408, 2564108.865538750775158 ], [ 578441.462564746616408, 2564108.865538750775158 ], [ 578441.462564746616408, 2564058.865538750775158 ], [ 578391.462564746616408, 2564058.865538750775158 ], [ 578391.462564746616408, 2564108.865538750775158 ] ] ] ] } },
{ "type": "Feature", "properties": { "id": 911.0, "temple": 0.0, "parking": 0.0, "junction": 0.0, "building": 0.0, "hotel": 0.0, "id_2": 4, "GHAT_NAME": "Maharishi Sant Balinath Ghat", "n": 1, "distance": 302.32139056499045, "Demand": 6.0, "Class": "Low" }, "geometry": { "type": "MultiPolygon", "coordinates": [ [ [ [ 578391.462564746616408, 2564058.865538750775158 ], [ 578441.462564746616408, 2564058.865538750775158 ], [ 578441.462564746616408, 2564008.865538750775158 ], [ 578391.462564746616408, 2564008.865538750775158 ], [ 578391.462564746616408, 2564058.865538750775158 ] ] ] ] } },
{ "type": "Feature", "properties": { "id": 912.0, "temple": 0.0, "parking": 0.0, "junction": 0.0, "building": 0.0, "hotel": 0.0, "id_2": 4, "GHAT_NAME": "Maharishi Sant Balinath Ghat", "n": 1, "distance": 334.91692497956029, "Demand": 6.0, "Class": "Low" }, "geometry": { "type": "MultiPolygon", "coordinates": [ [ [ [ 578391.462564746616408, 2564008.865538750775158 ], [ 578441.462564746616408, 2564008.865538750775158 ], [ 578441.462564746616408, 2563958.865538750775158 ], [ 578391.462564746616408, 2563958.865538750775158 ], [ 578391.462564746616408, 2564008.865538750775158 ] ] ] ] } },
{ "type": "Feature", "properties": { "id": 913.0, "temple": 0.0, "parking": 0.0, "junction": 0.0, "building": 0.0, "hotel": 0.0, "id_2": 4, "GHAT_NAME": "Maharishi Sant Balinath Ghat", "n": 1, "distance": 369.63996706282205, "Demand": 6.0, "Class": "Low" }, "geometry": { "type": "MultiPolygon", "coordinates": [ [ [ [ 578391.462564746616408, 2563958.865538750775158 ], [ 578441.462564746616408, 2563958.865538750775158 ], [ 578441.462564746616408, 2563908.865538750775158 ], [ 578391.462564746616408, 2563908.865538750775158 ], [ 578391.462564746616408, 2563958.865538750775158 ] ] ] ] } },
{ "type": "Feature", "properties": { "id": 914.0, "temple": 0.0, "parking": 0.0, "junction": 0.0, "building": 0.0, "hotel": 0.0, "id_2": 4, "GHAT_NAME": "Maharishi Sant Balinath Ghat", "n": 1, "distance": 404.30552385467797, "Demand": 6.0, "Class": "Low" }, "geometry": { "type": "MultiPolygon", "coordinates": [ [ [ [ 578391.462564746616408, 2563908.865538750775158 ], [ 578441.462564746616408, 2563908.865538750775158 ], [ 578441.462564746616408, 2563858.865538750775158 ], [ 578391.462564746616408, 2563858.865538750775158 ], [ 578391.462564746616408, 2563908.865538750775158 ] ] ] ] } },
{ "type": "Feature", "properties": { "id": 915.0, "temple": 0.0, "parking": 0.0, "junction": 0.0, "building": 0.0, "hotel": 0.0, "id_2": 4, "GHAT_NAME": "Maharishi Sant Balinath Ghat", "n": 1, "distance": 439.04330309557082, "Demand": 6.0, "Class": "Low" }, "geometry": { "type": "MultiPolygon", "coordinates": [ [ [ [ 578391.462564746616408, 2563858.865538750775158 ], [ 578441.462564746616408, 2563858.865538750775158 ], [ 578441.462564746616408, 2563808.865538750775158 ], [ 578391.462564746616408, 2563808.865538750775158 ], [ 578391.462564746616408, 2563858.865538750775158 ] ] ] ] } },
{ "type": "Feature", "properties": { "id": 916.0, "temple": 0.0, "parking": 0.0, "junction": 0.0, "building": 0.0, "hotel": 0.0, "id_2": 4, "GHAT_NAME": "Maharishi Sant Balinath Ghat", "n": 1, "distance": 476.26773734245131, "Demand": 6.0, "Class": "Low" }, "geometry": { "type": "MultiPolygon", "coordinates": [ [ [ [ 578391.462564746616408, 2563808.865538750775158 ], [ 578441.462564746616408, 2563808.865538750775158 ], [ 578441.462564746616408, 2563758.865538750775158 ], [ 578391.462564746616408, 2563758.865538750775158 ], [ 578391.462564746616408, 2563808.865538750775158 ] ] ] ] } },
{ "type": "Feature", "properties": { "id": 917.0, "temple": 0.0, "parking": 0.0, "junction": 0.0, "building": 0.0, "hotel": 0.0, "id_2": 4, "GHAT_NAME": "Maharishi Sant Balinath Ghat", "n": 1, "distance": 515.65772880228133, "Demand": 2.0, "Class": "Very Low" }, "geometry": { "type": "MultiPolygon", "coordinates": [ [ [ [ 578391.462564746616408, 2563758.865538750775158 ], [ 578441.462564746616408, 2563758.865538750775158 ], [ 578441.462564746616408, 2563708.865538750775158 ], [ 578391.462564746616408, 2563708.865538750775158 ], [ 578391.462564746616408, 2563758.865538750775158 ] ] ] ] } },
{ "type": "Feature", "properties": { "id": 918.0, "temple": 0.0, "parking": 0.0, "junction": 0.0, "building": 0.0, "hotel": 0.0, "id_2": 4, "GHAT_NAME": "Maharishi Sant Balinath Ghat", "n": 1, "distance": 556.75383152139693, "Demand": 2.0, "Class": "Very Low" }, "geometry": { "type": "MultiPolygon", "coordinates": [ [ [ [ 578391.462564746616408, 2563708.865538750775158 ], [ 578441.462564746616408, 2563708.865538750775158 ], [ 578441.462564746616408, 2563658.865538750775158 ], [ 578391.462564746616408, 2563658.865538750775158 ], [ 578391.462564746616408, 2563708.865538750775158 ] ] ] ] } },
{ "type": "Feature", "properties": { "id": 919.0, "temple": 0.0, "parking": 0.0, "junction": 2.0, "building": 0.0, "hotel": 0.0, "id_2": 4, "GHAT_NAME": "Maharishi Sant Balinath Ghat", "n": 1, "distance": 599.20511058733894, "Demand": 6.0, "Class": "Low" }, "geometry": { "type": "MultiPolygon", "coordinates": [ [ [ [ 578391.462564746616408, 2563658.865538750775158 ], [ 578441.462564746616408, 2563658.865538750775158 ], [ 578441.462564746616408, 2563608.865538750775158 ], [ 578391.462564746616408, 2563608.865538750775158 ], [ 578391.462564746616408, 2563658.865538750775158 ] ] ] ] } },
{ "type": "Feature", "properties": { "id": 920.0, "temple": 0.0, "parking": 0.0, "junction": 0.0, "building": 5.0, "hotel": 0.0, "id_2": 4, "GHAT_NAME": "Maharishi Sant Balinath Ghat", "n": 1, "distance": 642.74310590951814, "Demand": 7.0, "Class": "Low" }, "geometry": { "type": "MultiPolygon", "coordinates": [ [ [ [ 578391.462564746616408, 2563608.865538750775158 ], [ 578441.462564746616408, 2563608.865538750775158 ], [ 578441.462564746616408, 2563558.865538750775158 ], [ 578391.462564746616408, 2563558.865538750775158 ], [ 578391.462564746616408, 2563608.865538750775158 ] ] ] ] } },
{ "type": "Feature", "properties": { "id": 921.0, "temple": 0.0, "parking": 0.0, "junction": 2.0, "building": 13.0, "hotel": 0.0, "id_2": 5, "GHAT_NAME": "Shri Narasimha Ghat", "n": 1, "distance": 679.8721749845372, "Demand": 19.0, "Class": "High" }, "geometry": { "type": "MultiPolygon", "coordinates": [ [ [ [ 578391.462564746616408, 2563558.865538750775158 ], [ 578441.462564746616408, 2563558.865538750775158 ], [ 578441.462564746616408, 2563508.865538750775158 ], [ 578391.462564746616408, 2563508.865538750775158 ], [ 578391.462564746616408, 2563558.865538750775158 ] ] ] ] } },
{ "type": "Feature", "properties": { "id": 922.0, "temple": 0.0, "parking": 0.0, "junction": 2.0, "building": 12.0, "hotel": 1.0, "id_2": 5, "GHAT_NAME": "Shri Narasimha Ghat", "n": 1, "distance": 712.58746362612771, "Demand": 20.0, "Class": "High" }, "geometry": { "type": "MultiPolygon", "coordinates": [ [ [ [ 578391.462564746616408, 2563508.865538750775158 ], [ 578441.462564746616408, 2563508.865538750775158 ], [ 578441.462564746616408, 2563458.865538750775158 ], [ 578391.462564746616408, 2563458.865538750775158 ], [ 578391.462564746616408, 2563508.865538750775158 ] ] ] ] } },
{ "type": "Feature", "properties": { "id": 923.0, "temple": 0.0, "parking": 0.0, "junction": 0.0, "building": 6.0, "hotel": 0.0, "id_2": 5, "GHAT_NAME": "Shri Narasimha Ghat", "n": 1, "distance": 747.21858402747887, "Demand": 8.0, "Class": "Low" }, "geometry": { "type": "MultiPolygon", "coordinates": [ [ [ [ 578391.462564746616408, 2563458.865538750775158 ], [ 578441.462564746616408, 2563458.865538750775158 ], [ 578441.462564746616408, 2563408.865538750775158 ], [ 578391.462564746616408, 2563408.865538750775158 ], [ 578391.462564746616408, 2563458.865538750775158 ] ] ] ] } },
{ "type": "Feature", "properties": { "id": 924.0, "temple": 0.0, "parking": 0.0, "junction": 0.0, "building": 0.0, "hotel": 0.0, "id_2": 5, "GHAT_NAME": "Shri Narasimha Ghat", "n": 1, "distance": 783.51153872482519, "Demand": 2.0, "Class": "Very Low" }, "geometry": { "type": "MultiPolygon", "coordinates": [ [ [ [ 578410.455819435534067, 2563366.823138390667737 ], [ 578391.462564746616408, 2563369.974360892083496 ], [ 578391.462564746616408, 2563408.865538750775158 ], [ 578441.462564746616408, 2563408.865538750775158 ], [ 578441.462564746616408, 2563372.303506393451244 ], [ 578410.455819435534067, 2563366.823138390667737 ] ] ] ] } },
{ "type": "Feature", "properties": { "id": 925.0, "temple": 0.0, "parking": 0.0, "junction": 0.0, "building": 1.0, "hotel": 0.0, "id_2": 10, "GHAT_NAME": "Chakra Tirth Ghat", "n": 1, "distance": 395.46242662534803, "Demand": 7.0, "Class": "Low" }, "geometry": { "type": "MultiPolygon", "coordinates": [ [ [ [ 578491.462564746616408, 2565543.510744385421276 ], [ 578491.462564746616408, 2565508.865538750775158 ], [ 578441.462564746616408, 2565508.865538750775158 ], [ 578441.462564746616408, 2565551.806335885077715 ], [ 578491.462564746616408, 2565543.510744385421276 ] ] ] ] } },
{ "type": "Feature", "properties": { "id": 926.0, "temple": 0.0, "parking": 0.0, "junction": 0.0, "building": 4.0, "hotel": 0.0, "id_2": 10, "GHAT_NAME": "Chakra Tirth Ghat", "n": 1, "distance": 363.91499606955199, "Demand": 10.0, "Class": "Low" }, "geometry": { "type": "MultiPolygon", "coordinates": [ [ [ [ 578441.462564746616408, 2565508.865538750775158 ], [ 578491.462564746616408, 2565508.865538750775158 ], [ 578491.462564746616408, 2565458.865538750775158 ], [ 578441.462564746616408, 2565458.865538750775158 ], [ 578441.462564746616408, 2565508.865538750775158 ] ] ] ] } },
{ "type": "Feature", "properties": { "id": 927.0, "temple": 0.0, "parking": 0.0, "junction": 0.0, "building": 0.0, "hotel": 0.0, "id_2": 10, "GHAT_NAME": "Chakra Tirth Ghat", "n": 1, "distance": 336.86453932730188, "Demand": 6.0, "Class": "Low" }, "geometry": { "type": "MultiPolygon", "coordinates": [ [ [ [ 578441.462564746616408, 2565458.865538750775158 ], [ 578491.462564746616408, 2565458.865538750775158 ], [ 578491.462564746616408, 2565408.865538750775158 ], [ 578441.462564746616408, 2565408.865538750775158 ], [ 578441.462564746616408, 2565458.865538750775158 ] ] ] ] } },
{ "type": "Feature", "properties": { "id": 928.0, "temple": 0.0, "parking": 0.0, "junction": 0.0, "building": 0.0, "hotel": 0.0, "id_2": 10, "GHAT_NAME": "Chakra Tirth Ghat", "n": 1, "distance": 315.46998486082407, "Demand": 6.0, "Class": "Low" }, "geometry": { "type": "MultiPolygon", "coordinates": [ [ [ [ 578441.462564746616408, 2565408.865538750775158 ], [ 578491.462564746616408, 2565408.865538750775158 ], [ 578491.462564746616408, 2565358.865538750775158 ], [ 578441.462564746616408, 2565358.865538750775158 ], [ 578441.462564746616408, 2565408.865538750775158 ] ] ] ] } },
{ "type": "Feature", "properties": { "id": 929.0, "temple": 0.0, "parking": 0.0, "junction": 0.0, "building": 3.0, "hotel": 0.0, "id_2": 10, "GHAT_NAME": "Chakra Tirth Ghat", "n": 1, "distance": 300.94003528939425, "Demand": 9.0, "Class": "Low" }, "geometry": { "type": "MultiPolygon", "coordinates": [ [ [ [ 578441.462564746616408, 2565358.865538750775158 ], [ 578491.462564746616408, 2565358.865538750775158 ], [ 578491.462564746616408, 2565308.865538750775158 ], [ 578441.462564746616408, 2565308.865538750775158 ], [ 578441.462564746616408, 2565358.865538750775158 ] ] ] ] } },
{ "type": "Feature", "properties": { "id": 930.0, "temple": 0.0, "parking": 0.0, "junction": 0.0, "building": 2.0, "hotel": 0.0, "id_2": 10, "GHAT_NAME": "Chakra Tirth Ghat", "n": 1, "distance": 287.85512550934908, "Demand": 8.0, "Class": "Low" }, "geometry": { "type": "MultiPolygon", "coordinates": [ [ [ [ 578441.462564746616408, 2565308.865538750775158 ], [ 578491.462564746616408, 2565308.865538750775158 ], [ 578491.462564746616408, 2565258.865538750775158 ], [ 578441.462564746616408, 2565258.865538750775158 ], [ 578441.462564746616408, 2565308.865538750775158 ] ] ] ] } },
{ "type": "Feature", "properties": { "id": 931.0, "temple": 0.0, "parking": 0.0, "junction": 0.0, "building": 6.0, "hotel": 0.0, "id_2": 10, "GHAT_NAME": "Chakra Tirth Ghat", "n": 1, "distance": 276.23350475497733, "Demand": 12.0, "Class": "Moderate" }, "geometry": { "type": "MultiPolygon", "coordinates": [ [ [ [ 578441.462564746616408, 2565258.865538750775158 ], [ 578491.462564746616408, 2565258.865538750775158 ], [ 578491.462564746616408, 2565208.865538750775158 ], [ 578441.462564746616408, 2565208.865538750775158 ], [ 578441.462564746616408, 2565258.865538750775158 ] ] ] ] } },
{ "type": "Feature", "properties": { "id": 932.0, "temple": 0.0, "parking": 0.0, "junction": 0.0, "building": 8.0, "hotel": 0.0, "id_2": 10, "GHAT_NAME": "Chakra Tirth Ghat", "n": 1, "distance": 262.9400100103145, "Demand": 14.0, "Class": "Moderate" }, "geometry": { "type": "MultiPolygon", "coordinates": [ [ [ [ 578441.462564746616408, 2565208.865538750775158 ], [ 578491.462564746616408, 2565208.865538750775158 ], [ 578491.462564746616408, 2565158.865538750775158 ], [ 578441.462564746616408, 2565158.865538750775158 ], [ 578441.462564746616408, 2565208.865538750775158 ] ] ] ] } },
{ "type": "Feature", "properties": { "id": 933.0, "temple": 0.0, "parking": 0.0, "junction": 1.0, "building": 11.0, "hotel": 0.0, "id_2": 10, "GHAT_NAME": "Chakra Tirth Ghat", "n": 1, "distance": 250.60396110985511, "Demand": 19.0, "Class": "High" }, "geometry": { "type": "MultiPolygon", "coordinates": [ [ [ [ 578441.462564746616408, 2565158.865538750775158 ], [ 578491.462564746616408, 2565158.865538750775158 ], [ 578491.462564746616408, 2565108.865538750775158 ], [ 578441.462564746616408, 2565108.865538750775158 ], [ 578441.462564746616408, 2565158.865538750775158 ] ] ] ] } },
{ "type": "Feature", "properties": { "id": 934.0, "temple": 0.0, "parking": 0.0, "junction": 0.0, "building": 11.0, "hotel": 0.0, "id_2": 10, "GHAT_NAME": "Chakra Tirth Ghat", "n": 1, "distance": 236.27858426540413, "Demand": 17.0, "Class": "High" }, "geometry": { "type": "MultiPolygon", "coordinates": [ [ [ [ 578441.462564746616408, 2565108.865538750775158 ], [ 578491.462564746616408, 2565108.865538750775158 ], [ 578491.462564746616408, 2565058.865538750775158 ], [ 578441.462564746616408, 2565058.865538750775158 ], [ 578441.462564746616408, 2565108.865538750775158 ] ] ] ] } },
{ "type": "Feature", "properties": { "id": 935.0, "temple": 0.0, "parking": 0.0, "junction": 2.0, "building": 9.0, "hotel": 0.0, "id_2": 10, "GHAT_NAME": "Chakra Tirth Ghat", "n": 1, "distance": 223.8097583003981, "Demand": 19.0, "Class": "High" }, "geometry": { "type": "MultiPolygon", "coordinates": [ [ [ [ 578441.462564746616408, 2565058.865538750775158 ], [ 578491.462564746616408, 2565058.865538750775158 ], [ 578491.462564746616408, 2565008.865538750775158 ], [ 578441.462564746616408, 2565008.865538750775158 ], [ 578441.462564746616408, 2565058.865538750775158 ] ] ] ] } },
{ "type": "Feature", "properties": { "id": 936.0, "temple": 0.0, "parking": 0.0, "junction": 0.0, "building": 8.0, "hotel": 0.0, "id_2": 8, "GHAT_NAME": "Sumeru Ghat", "n": 1, "distance": 209.41436773775885, "Demand": 14.0, "Class": "Moderate" }, "geometry": { "type": "MultiPolygon", "coordinates": [ [ [ [ 578441.462564746616408, 2565008.865538750775158 ], [ 578491.462564746616408, 2565008.865538750775158 ], [ 578491.462564746616408, 2564958.865538750775158 ], [ 578441.462564746616408, 2564958.865538750775158 ], [ 578441.462564746616408, 2565008.865538750775158 ] ] ] ] } },
{ "type": "Feature", "properties": { "id": 937.0, "temple": 0.0, "parking": 0.0, "junction": 1.0, "building": 4.0, "hotel": 0.0, "id_2": 8, "GHAT_NAME": "Sumeru Ghat", "n": 1, "distance": 198.84725231254566, "Demand": 16.0, "Class": "High" }, "geometry": { "type": "MultiPolygon", "coordinates": [ [ [ [ 578441.462564746616408, 2564958.865538750775158 ], [ 578491.462564746616408, 2564958.865538750775158 ], [ 578491.462564746616408, 2564908.865538750775158 ], [ 578441.462564746616408, 2564908.865538750775158 ], [ 578441.462564746616408, 2564958.865538750775158 ] ] ] ] } },
{ "type": "Feature", "properties": { "id": 938.0, "temple": 0.0, "parking": 0.0, "junction": 1.0, "building": 6.0, "hotel": 0.0, "id_2": 8, "GHAT_NAME": "Sumeru Ghat", "n": 1, "distance": 186.64697633819344, "Demand": 18.0, "Class": "High" }, "geometry": { "type": "MultiPolygon", "coordinates": [ [ [ [ 578441.462564746616408, 2564908.865538750775158 ], [ 578491.462564746616408, 2564908.865538750775158 ], [ 578491.462564746616408, 2564858.865538750775158 ], [ 578441.462564746616408, 2564858.865538750775158 ], [ 578441.462564746616408, 2564908.865538750775158 ] ] ] ] } },
{ "type": "Feature", "properties": { "id": 939.0, "temple": 0.0, "parking": 0.0, "junction": 1.0, "building": 4.0, "hotel": 0.0, "id_2": 8, "GHAT_NAME": "Sumeru Ghat", "n": 1, "distance": 173.19665378895513, "Demand": 16.0, "Class": "High" }, "geometry": { "type": "MultiPolygon", "coordinates": [ [ [ [ 578441.462564746616408, 2564858.865538750775158 ], [ 578491.462564746616408, 2564858.865538750775158 ], [ 578491.462564746616408, 2564808.865538750775158 ], [ 578441.462564746616408, 2564808.865538750775158 ], [ 578441.462564746616408, 2564858.865538750775158 ] ] ] ] } },
{ "type": "Feature", "properties": { "id": 940.0, "temple": 0.0, "parking": 0.0, "junction": 1.0, "building": 5.0, "hotel": 2.0, "id_2": 8, "GHAT_NAME": "Sumeru Ghat", "n": 1, "distance": 165.04723632792698, "Demand": 21.0, "Class": "High" }, "geometry": { "type": "MultiPolygon", "coordinates": [ [ [ [ 578441.462564746616408, 2564808.865538750775158 ], [ 578491.462564746616408, 2564808.865538750775158 ], [ 578491.462564746616408, 2564758.865538750775158 ], [ 578441.462564746616408, 2564758.865538750775158 ], [ 578441.462564746616408, 2564808.865538750775158 ] ] ] ] } },
{ "type": "Feature", "properties": { "id": 941.0, "temple": 0.0, "parking": 0.0, "junction": 1.0, "building": 3.0, "hotel": 2.0, "id_2": 9, "GHAT_NAME": "Ram Ghat", "n": 1, "distance": 157.37099102023865, "Demand": 19.0, "Class": "High" }, "geometry": { "type": "MultiPolygon", "coordinates": [ [ [ [ 578441.462564746616408, 2564758.865538750775158 ], [ 578491.462564746616408, 2564758.865538750775158 ], [ 578491.462564746616408, 2564708.865538750775158 ], [ 578441.462564746616408, 2564708.865538750775158 ], [ 578441.462564746616408, 2564758.865538750775158 ] ] ] ] } },
{ "type": "Feature", "properties": { "id": 942.0, "temple": 0.0, "parking": 0.0, "junction": 0.0, "building": 5.0, "hotel": 3.0, "id_2": 9, "GHAT_NAME": "Ram Ghat", "n": 1, "distance": 151.89692909321352, "Demand": 21.0, "Class": "High" }, "geometry": { "type": "MultiPolygon", "coordinates": [ [ [ [ 578441.462564746616408, 2564708.865538750775158 ], [ 578491.462564746616408, 2564708.865538750775158 ], [ 578491.462564746616408, 2564658.865538750775158 ], [ 578441.462564746616408, 2564658.865538750775158 ], [ 578441.462564746616408, 2564708.865538750775158 ] ] ] ] } },
{ "type": "Feature", "properties": { "id": 943.0, "temple": 0.0, "parking": 0.0, "junction": 2.0, "building": 4.0, "hotel": 3.0, "id_2": 9, "GHAT_NAME": "Ram Ghat", "n": 1, "distance": 151.11320444615558, "Demand": 24.0, "Class": "Very High" }, "geometry": { "type": "MultiPolygon", "coordinates": [ [ [ [ 578441.462564746616408, 2564658.865538750775158 ], [ 578491.462564746616408, 2564658.865538750775158 ], [ 578491.462564746616408, 2564608.865538750775158 ], [ 578441.462564746616408, 2564608.865538750775158 ], [ 578441.462564746616408, 2564658.865538750775158 ] ] ] ] } },
{ "type": "Feature", "properties": { "id": 944.0, "temple": 0.0, "parking": 0.0, "junction": 1.0, "building": 1.0, "hotel": 3.0, "id_2": 9, "GHAT_NAME": "Ram Ghat", "n": 1, "distance": 152.72966322110085, "Demand": 19.0, "Class": "High" }, "geometry": { "type": "MultiPolygon", "coordinates": [ [ [ [ 578441.462564746616408, 2564608.865538750775158 ], [ 578491.462564746616408, 2564608.865538750775158 ], [ 578491.462564746616408, 2564558.865538750775158 ], [ 578441.462564746616408, 2564558.865538750775158 ], [ 578441.462564746616408, 2564608.865538750775158 ] ] ] ] } },
{ "type": "Feature", "properties": { "id": 945.0, "temple": 0.0, "parking": 0.0, "junction": 0.0, "building": 3.0, "hotel": 1.0, "id_2": 9, "GHAT_NAME": "Ram Ghat", "n": 1, "distance": 159.80893985159324, "Demand": 15.0, "Class": "Moderate" }, "geometry": { "type": "MultiPolygon", "coordinates": [ [ [ [ 578441.462564746616408, 2564558.865538750775158 ], [ 578491.462564746616408, 2564558.865538750775158 ], [ 578491.462564746616408, 2564508.865538750775158 ], [ 578441.462564746616408, 2564508.865538750775158 ], [ 578441.462564746616408, 2564558.865538750775158 ] ] ] ] } },
{ "type": "Feature", "properties": { "id": 946.0, "temple": 0.0, "parking": 0.0, "junction": 1.0, "building": 6.0, "hotel": 2.0, "id_2": 9, "GHAT_NAME": "Ram Ghat", "n": 1, "distance": 170.74787867070759, "Demand": 22.0, "Class": "Very High" }, "geometry": { "type": "MultiPolygon", "coordinates": [ [ [ [ 578441.462564746616408, 2564508.865538750775158 ], [ 578491.462564746616408, 2564508.865538750775158 ], [ 578491.462564746616408, 2564458.865538750775158 ], [ 578441.462564746616408, 2564458.865538750775158 ], [ 578441.462564746616408, 2564508.865538750775158 ] ] ] ] } },
{ "type": "Feature", "properties": { "id": 947.0, "temple": 0.0, "parking": 0.0, "junction": 1.0, "building": 9.0, "hotel": 2.0, "id_2": 9, "GHAT_NAME": "Ram Ghat", "n": 1, "distance": 183.04624419389378, "Demand": 25.0, "Class": "Very High" }, "geometry": { "type": "MultiPolygon", "coordinates": [ [ [ [ 578441.462564746616408, 2564458.865538750775158 ], [ 578491.462564746616408, 2564458.865538750775158 ], [ 578491.462564746616408, 2564408.865538750775158 ], [ 578441.462564746616408, 2564408.865538750775158 ], [ 578441.462564746616408, 2564458.865538750775158 ] ] ] ] } },
{ "type": "Feature", "properties": { "id": 948.0, "temple": 0.0, "parking": 0.0, "junction": 1.0, "building": 8.0, "hotel": 3.0, "id_2": 9, "GHAT_NAME": "Ram Ghat", "n": 1, "distance": 200.17331958640699, "Demand": 22.0, "Class": "Very High" }, "geometry": { "type": "MultiPolygon", "coordinates": [ [ [ [ 578441.462564746616408, 2564408.865538750775158 ], [ 578491.462564746616408, 2564408.865538750775158 ], [ 578491.462564746616408, 2564358.865538750775158 ], [ 578441.462564746616408, 2564358.865538750775158 ], [ 578441.462564746616408, 2564408.865538750775158 ] ] ] ] } },
{ "type": "Feature", "properties": { "id": 949.0, "temple": 0.0, "parking": 0.0, "junction": 0.0, "building": 3.0, "hotel": 2.0, "id_2": 9, "GHAT_NAME": "Ram Ghat", "n": 1, "distance": 213.658741435591, "Demand": 13.0, "Class": "Moderate" }, "geometry": { "type": "MultiPolygon", "coordinates": [ [ [ [ 578441.462564746616408, 2564358.865538750775158 ], [ 578491.462564746616408, 2564358.865538750775158 ], [ 578491.462564746616408, 2564308.865538750775158 ], [ 578441.462564746616408, 2564308.865538750775158 ], [ 578441.462564746616408, 2564358.865538750775158 ] ] ] ] } },
{ "type": "Feature", "properties": { "id": 950.0, "temple": 0.0, "parking": 0.0, "junction": 0.0, "building": 2.0, "hotel": 1.0, "id_2": 9, "GHAT_NAME": "Ram Ghat", "n": 1, "distance": 223.74118224599496, "Demand": 10.0, "Class": "Low" }, "geometry": { "type": "MultiPolygon", "coordinates": [ [ [ [ 578441.462564746616408, 2564308.865538750775158 ], [ 578491.462564746616408, 2564308.865538750775158 ], [ 578491.462564746616408, 2564258.865538750775158 ], [ 578441.462564746616408, 2564258.865538750775158 ], [ 578441.462564746616408, 2564308.865538750775158 ] ] ] ] } },
{ "type": "Feature", "properties": { "id": 951.0, "temple": 0.0, "parking": 0.0, "junction": 0.0, "building": 0.0, "hotel": 0.0, "id_2": 9, "GHAT_NAME": "Ram Ghat", "n": 1, "distance": 238.68875219904939, "Demand": 6.0, "Class": "Low" }, "geometry": { "type": "MultiPolygon", "coordinates": [ [ [ [ 578441.462564746616408, 2564258.865538750775158 ], [ 578491.462564746616408, 2564258.865538750775158 ], [ 578491.462564746616408, 2564208.865538750775158 ], [ 578441.462564746616408, 2564208.865538750775158 ], [ 578441.462564746616408, 2564258.865538750775158 ] ] ] ] } },
{ "type": "Feature", "properties": { "id": 952.0, "temple": 0.0, "parking": 0.0, "junction": 0.0, "building": 0.0, "hotel": 0.0, "id_2": 9, "GHAT_NAME": "Ram Ghat", "n": 1, "distance": 258.04986204081371, "Demand": 6.0, "Class": "Low" }, "geometry": { "type": "MultiPolygon", "coordinates": [ [ [ [ 578441.462564746616408, 2564208.865538750775158 ], [ 578491.462564746616408, 2564208.865538750775158 ], [ 578491.462564746616408, 2564158.865538750775158 ], [ 578441.462564746616408, 2564158.865538750775158 ], [ 578441.462564746616408, 2564208.865538750775158 ] ] ] ] } },
{ "type": "Feature", "properties": { "id": 953.0, "temple": 0.0, "parking": 0.0, "junction": 0.0, "building": 2.0, "hotel": 0.0, "id_2": 9, "GHAT_NAME": "Ram Ghat", "n": 1, "distance": 284.95150905069056, "Demand": 8.0, "Class": "Low" }, "geometry": { "type": "MultiPolygon", "coordinates": [ [ [ [ 578441.462564746616408, 2564158.865538750775158 ], [ 578491.462564746616408, 2564158.865538750775158 ], [ 578491.462564746616408, 2564108.865538750775158 ], [ 578441.462564746616408, 2564108.865538750775158 ], [ 578441.462564746616408, 2564158.865538750775158 ] ] ] ] } },
{ "type": "Feature", "properties": { "id": 954.0, "temple": 1.0, "parking": 0.0, "junction": 0.0, "building": 2.0, "hotel": 0.0, "id_2": 9, "GHAT_NAME": "Ram Ghat", "n": 1, "distance": 317.49802160210163, "Demand": 13.0, "Class": "Moderate" }, "geometry": { "type": "MultiPolygon", "coordinates": [ [ [ [ 578441.462564746616408, 2564108.865538750775158 ], [ 578491.462564746616408, 2564108.865538750775158 ], [ 578491.462564746616408, 2564058.865538750775158 ], [ 578441.462564746616408, 2564058.865538750775158 ], [ 578441.462564746616408, 2564108.865538750775158 ] ] ] ] } },
{ "type": "Feature", "properties": { "id": 955.0, "temple": 0.0, "parking": 0.0, "junction": 0.0, "building": 0.0, "hotel": 0.0, "id_2": 4, "GHAT_NAME": "Maharishi Sant Balinath Ghat", "n": 1, "distance": 343.48870527282872, "Demand": 6.0, "Class": "Low" }, "geometry": { "type": "MultiPolygon", "coordinates": [ [ [ [ 578441.462564746616408, 2564058.865538750775158 ], [ 578491.462564746616408, 2564058.865538750775158 ], [ 578491.462564746616408, 2564008.865538750775158 ], [ 578441.462564746616408, 2564008.865538750775158 ], [ 578441.462564746616408, 2564058.865538750775158 ] ] ] ] } },
{ "type": "Feature", "properties": { "id": 956.0, "temple": 0.0, "parking": 0.0, "junction": 0.0, "building": 0.0, "hotel": 0.0, "id_2": 4, "GHAT_NAME": "Maharishi Sant Balinath Ghat", "n": 1, "distance": 372.49914643475239, "Demand": 6.0, "Class": "Low" }, "geometry": { "type": "MultiPolygon", "coordinates": [ [ [ [ 578441.462564746616408, 2564008.865538750775158 ], [ 578491.462564746616408, 2564008.865538750775158 ], [ 578491.462564746616408, 2563958.865538750775158 ], [ 578441.462564746616408, 2563958.865538750775158 ], [ 578441.462564746616408, 2564008.865538750775158 ] ] ] ] } },
{ "type": "Feature", "properties": { "id": 957.0, "temple": 0.0, "parking": 0.0, "junction": 0.0, "building": 1.0, "hotel": 0.0, "id_2": 4, "GHAT_NAME": "Maharishi Sant Balinath Ghat", "n": 1, "distance": 405.61895608962118, "Demand": 7.0, "Class": "Low" }, "geometry": { "type": "MultiPolygon", "coordinates": [ [ [ [ 578441.462564746616408, 2563958.865538750775158 ], [ 578491.462564746616408, 2563958.865538750775158 ], [ 578491.462564746616408, 2563908.865538750775158 ], [ 578441.462564746616408, 2563908.865538750775158 ], [ 578441.462564746616408, 2563958.865538750775158 ] ] ] ] } },
{ "type": "Feature", "properties": { "id": 958.0, "temple": 0.0, "parking": 0.0, "junction": 0.0, "building": 0.0, "hotel": 0.0, "id_2": 4, "GHAT_NAME": "Maharishi Sant Balinath Ghat", "n": 1, "distance": 440.32771933306816, "Demand": 6.0, "Class": "Low" }, "geometry": { "type": "MultiPolygon", "coordinates": [ [ [ [ 578441.462564746616408, 2563908.865538750775158 ], [ 578491.462564746616408, 2563908.865538750775158 ], [ 578491.462564746616408, 2563858.865538750775158 ], [ 578441.462564746616408, 2563858.865538750775158 ], [ 578441.462564746616408, 2563908.865538750775158 ] ] ] ] } },
{ "type": "Feature", "properties": { "id": 959.0, "temple": 0.0, "parking": 0.0, "junction": 0.0, "building": 0.0, "hotel": 0.0, "id_2": 4, "GHAT_NAME": "Maharishi Sant Balinath Ghat", "n": 1, "distance": 474.98033199474105, "Demand": 6.0, "Class": "Low" }, "geometry": { "type": "MultiPolygon", "coordinates": [ [ [ [ 578441.462564746616408, 2563858.865538750775158 ], [ 578491.462564746616408, 2563858.865538750775158 ], [ 578491.462564746616408, 2563808.865538750775158 ], [ 578441.462564746616408, 2563808.865538750775158 ], [ 578441.462564746616408, 2563858.865538750775158 ] ] ] ] } },
{ "type": "Feature", "properties": { "id": 960.0, "temple": 0.0, "parking": 0.0, "junction": 0.0, "building": 0.0, "hotel": 0.0, "id_2": 4, "GHAT_NAME": "Maharishi Sant Balinath Ghat", "n": 1, "distance": 509.74505735391074, "Demand": 2.0, "Class": "Very Low" }, "geometry": { "type": "MultiPolygon", "coordinates": [ [ [ [ 578441.462564746616408, 2563808.865538750775158 ], [ 578491.462564746616408, 2563808.865538750775158 ], [ 578491.462564746616408, 2563758.865538750775158 ], [ 578441.462564746616408, 2563758.865538750775158 ], [ 578441.462564746616408, 2563808.865538750775158 ] ] ] ] } },
{ "type": "Feature", "properties": { "id": 961.0, "temple": 0.0, "parking": 0.0, "junction": 0.0, "building": 0.0, "hotel": 0.0, "id_2": 4, "GHAT_NAME": "Maharishi Sant Balinath Ghat", "n": 1, "distance": 546.72841442252718, "Demand": 2.0, "Class": "Very Low" }, "geometry": { "type": "MultiPolygon", "coordinates": [ [ [ [ 578441.462564746616408, 2563758.865538750775158 ], [ 578491.462564746616408, 2563758.865538750775158 ], [ 578491.462564746616408, 2563708.865538750775158 ], [ 578441.462564746616408, 2563708.865538750775158 ], [ 578441.462564746616408, 2563758.865538750775158 ] ] ] ] } },
{ "type": "Feature", "properties": { "id": 962.0, "temple": 0.0, "parking": 0.0, "junction": 0.0, "building": 0.0, "hotel": 0.0, "id_2": 4, "GHAT_NAME": "Maharishi Sant Balinath Ghat", "n": 1, "distance": 585.64826882455611, "Demand": 2.0, "Class": "Very Low" }, "geometry": { "type": "MultiPolygon", "coordinates": [ [ [ [ 578441.462564746616408, 2563708.865538750775158 ], [ 578491.462564746616408, 2563708.865538750775158 ], [ 578491.462564746616408, 2563658.865538750775158 ], [ 578441.462564746616408, 2563658.865538750775158 ], [ 578441.462564746616408, 2563708.865538750775158 ] ] ] ] } },
{ "type": "Feature", "properties": { "id": 963.0, "temple": 0.0, "parking": 0.0, "junction": 0.0, "building": 0.0, "hotel": 0.0, "id_2": 4, "GHAT_NAME": "Maharishi Sant Balinath Ghat", "n": 1, "distance": 626.14361804415807, "Demand": 2.0, "Class": "Very Low" }, "geometry": { "type": "MultiPolygon", "coordinates": [ [ [ [ 578441.462564746616408, 2563658.865538750775158 ], [ 578491.462564746616408, 2563658.865538750775158 ], [ 578491.462564746616408, 2563608.865538750775158 ], [ 578441.462564746616408, 2563608.865538750775158 ], [ 578441.462564746616408, 2563658.865538750775158 ] ] ] ] } },
{ "type": "Feature", "properties": { "id": 964.0, "temple": 0.0, "parking": 0.0, "junction": 0.0, "building": 0.0, "hotel": 0.0, "id_2": 4, "GHAT_NAME": "Maharishi Sant Balinath Ghat", "n": 1, "distance": 667.92796472198813, "Demand": 2.0, "Class": "Very Low" }, "geometry": { "type": "MultiPolygon", "coordinates": [ [ [ [ 578441.462564746616408, 2563608.865538750775158 ], [ 578491.462564746616408, 2563608.865538750775158 ], [ 578491.462564746616408, 2563558.865538750775158 ], [ 578441.462564746616408, 2563558.865538750775158 ], [ 578441.462564746616408, 2563608.865538750775158 ] ] ] ] } },
{ "type": "Feature", "properties": { "id": 965.0, "temple": 0.0, "parking": 0.0, "junction": 0.0, "building": 11.0, "hotel": 1.0, "id_2": 4, "GHAT_NAME": "Maharishi Sant Balinath Ghat", "n": 1, "distance": 710.77401591355761, "Demand": 15.0, "Class": "Moderate" }, "geometry": { "type": "MultiPolygon", "coordinates": [ [ [ [ 578441.462564746616408, 2563558.865538750775158 ], [ 578491.462564746616408, 2563558.865538750775158 ], [ 578491.462564746616408, 2563508.865538750775158 ], [ 578441.462564746616408, 2563508.865538750775158 ], [ 578441.462564746616408, 2563558.865538750775158 ] ] ] ] } },
{ "type": "Feature", "properties": { "id": 966.0, "temple": 0.0, "parking": 0.0, "junction": 4.0, "building": 15.0, "hotel": 1.0, "id_2": 5, "GHAT_NAME": "Shri Narasimha Ghat", "n": 1, "distance": 750.26524208191893, "Demand": 27.0, "Class": "Very High" }, "geometry": { "type": "MultiPolygon", "coordinates": [ [ [ [ 578441.462564746616408, 2563508.865538750775158 ], [ 578491.462564746616408, 2563508.865538750775158 ], [ 578491.462564746616408, 2563458.865538750775158 ], [ 578441.462564746616408, 2563458.865538750775158 ], [ 578441.462564746616408, 2563508.865538750775158 ] ] ] ] } },
{ "type": "Feature", "properties": { "id": 967.0, "temple": 0.0, "parking": 0.0, "junction": 0.0, "building": 4.0, "hotel": 0.0, "id_2": 5, "GHAT_NAME": "Shri Narasimha Ghat", "n": 1, "distance": 783.23218299247196, "Demand": 6.0, "Class": "Low" }, "geometry": { "type": "MultiPolygon", "coordinates": [ [ [ [ 578441.462564746616408, 2563458.865538750775158 ], [ 578491.462564746616408, 2563458.865538750775158 ], [ 578491.462564746616408, 2563408.865538750775158 ], [ 578441.462564746616408, 2563408.865538750775158 ], [ 578441.462564746616408, 2563458.865538750775158 ] ] ] ] } },
{ "type": "Feature", "properties": { "id": 968.0, "temple": 0.0, "parking": 0.0, "junction": 0.0, "building": 0.0, "hotel": 0.0, "id_2": 5, "GHAT_NAME": "Shri Narasimha Ghat", "n": 1, "distance": 817.92870806327971, "Demand": 2.0, "Class": "Very Low" }, "geometry": { "type": "MultiPolygon", "coordinates": [ [ [ [ 578441.462564746616408, 2563372.303506393451244 ], [ 578441.462564746616408, 2563408.865538750775158 ], [ 578491.462564746616408, 2563408.865538750775158 ], [ 578491.462564746616408, 2563381.140886692330241 ], [ 578441.462564746616408, 2563372.303506393451244 ] ] ] ] } },
{ "type": "Feature", "properties": { "id": 969.0, "temple": 0.0, "parking": 0.0, "junction": 0.0, "building": 0.0, "hotel": 0.0, "id_2": 10, "GHAT_NAME": "Chakra Tirth Ghat", "n": 1, "distance": 433.91680433392156, "Demand": 6.0, "Class": "Low" }, "geometry": { "type": "MultiPolygon", "coordinates": [ [ [ [ 578541.462564746616408, 2565535.215152885764837 ], [ 578541.462564746616408, 2565508.865538750775158 ], [ 578491.462564746616408, 2565508.865538750775158 ], [ 578491.462564746616408, 2565543.510744385421276 ], [ 578541.462564746616408, 2565535.215152885764837 ] ] ] ] } },
{ "type": "Feature", "properties": { "id": 970.0, "temple": 0.0, "parking": 0.0, "junction": 0.0, "building": 1.0, "hotel": 0.0, "id_2": 10, "GHAT_NAME": "Chakra Tirth Ghat", "n": 1, "distance": 405.37314486193588, "Demand": 7.0, "Class": "Low" }, "geometry": { "type": "MultiPolygon", "coordinates": [ [ [ [ 578491.462564746616408, 2565508.865538750775158 ], [ 578541.462564746616408, 2565508.865538750775158 ], [ 578541.462564746616408, 2565458.865538750775158 ], [ 578491.462564746616408, 2565458.865538750775158 ], [ 578491.462564746616408, 2565508.865538750775158 ] ] ] ] } },
{ "type": "Feature", "properties": { "id": 971.0, "temple": 0.0, "parking": 0.0, "junction": 0.0, "building": 1.0, "hotel": 0.0, "id_2": 10, "GHAT_NAME": "Chakra Tirth Ghat", "n": 1, "distance": 381.27546481140024, "Demand": 7.0, "Class": "Low" }, "geometry": { "type": "MultiPolygon", "coordinates": [ [ [ [ 578491.462564746616408, 2565458.865538750775158 ], [ 578541.462564746616408, 2565458.865538750775158 ], [ 578541.462564746616408, 2565408.865538750775158 ], [ 578491.462564746616408, 2565408.865538750775158 ], [ 578491.462564746616408, 2565458.865538750775158 ] ] ] ] } },
{ "type": "Feature", "properties": { "id": 972.0, "temple": 0.0, "parking": 0.0, "junction": 0.0, "building": 1.0, "hotel": 0.0, "id_2": 10, "GHAT_NAME": "Chakra Tirth Ghat", "n": 1, "distance": 362.51148058929465, "Demand": 7.0, "Class": "Low" }, "geometry": { "type": "MultiPolygon", "coordinates": [ [ [ [ 578491.462564746616408, 2565408.865538750775158 ], [ 578541.462564746616408, 2565408.865538750775158 ], [ 578541.462564746616408, 2565358.865538750775158 ], [ 578491.462564746616408, 2565358.865538750775158 ], [ 578491.462564746616408, 2565408.865538750775158 ] ] ] ] } },
{ "type": "Feature", "properties": { "id": 973.0, "temple": 0.0, "parking": 0.0, "junction": 1.0, "building": 1.0, "hotel": 0.0, "id_2": 10, "GHAT_NAME": "Chakra Tirth Ghat", "n": 1, "distance": 349.94023354129462, "Demand": 9.0, "Class": "Low" }, "geometry": { "type": "MultiPolygon", "coordinates": [ [ [ [ 578491.462564746616408, 2565358.865538750775158 ], [ 578541.462564746616408, 2565358.865538750775158 ], [ 578541.462564746616408, 2565308.865538750775158 ], [ 578491.462564746616408, 2565308.865538750775158 ], [ 578491.462564746616408, 2565358.865538750775158 ] ] ] ] } },
{ "type": "Feature", "properties": { "id": 974.0, "temple": 0.0, "parking": 0.0, "junction": 0.0, "building": 4.0, "hotel": 0.0, "id_2": 10, "GHAT_NAME": "Chakra Tirth Ghat", "n": 1, "distance": 336.0425539427838, "Demand": 10.0, "Class": "Low" }, "geometry": { "type": "MultiPolygon", "coordinates": [ [ [ [ 578491.462564746616408, 2565308.865538750775158 ], [ 578541.462564746616408, 2565308.865538750775158 ], [ 578541.462564746616408, 2565258.865538750775158 ], [ 578491.462564746616408, 2565258.865538750775158 ], [ 578491.462564746616408, 2565308.865538750775158 ] ] ] ] } },
{ "type": "Feature", "properties": { "id": 975.0, "temple": 0.0, "parking": 0.0, "junction": 0.0, "building": 3.0, "hotel": 0.0, "id_2": 10, "GHAT_NAME": "Chakra Tirth Ghat", "n": 1, "distance": 324.99598161696218, "Demand": 9.0, "Class": "Low" }, "geometry": { "type": "MultiPolygon", "coordinates": [ [ [ [ 578491.462564746616408, 2565258.865538750775158 ], [ 578541.462564746616408, 2565258.865538750775158 ], [ 578541.462564746616408, 2565208.865538750775158 ], [ 578491.462564746616408, 2565208.865538750775158 ], [ 578491.462564746616408, 2565258.865538750775158 ] ] ] ] } },
{ "type": "Feature", "properties": { "id": 976.0, "temple": 0.0, "parking": 0.0, "junction": 0.0, "building": 6.0, "hotel": 0.0, "id_2": 10, "GHAT_NAME": "Chakra Tirth Ghat", "n": 1, "distance": 310.83727008904555, "Demand": 12.0, "Class": "Moderate" }, "geometry": { "type": "MultiPolygon", "coordinates": [ [ [ [ 578491.462564746616408, 2565208.865538750775158 ], [ 578541.462564746616408, 2565208.865538750775158 ], [ 578541.462564746616408, 2565158.865538750775158 ], [ 578491.462564746616408, 2565158.865538750775158 ], [ 578491.462564746616408, 2565208.865538750775158 ] ] ] ] } },
{ "type": "Feature", "properties": { "id": 977.0, "temple": 0.0, "parking": 0.0, "junction": 2.0, "building": 4.0, "hotel": 0.0, "id_2": 10, "GHAT_NAME": "Chakra Tirth Ghat", "n": 1, "distance": 299.3973605181327, "Demand": 14.0, "Class": "Moderate" }, "geometry": { "type": "MultiPolygon", "coordinates": [ [ [ [ 578491.462564746616408, 2565158.865538750775158 ], [ 578541.462564746616408, 2565158.865538750775158 ], [ 578541.462564746616408, 2565108.865538750775158 ], [ 578491.462564746616408, 2565108.865538750775158 ], [ 578491.462564746616408, 2565158.865538750775158 ] ] ] ] } },
{ "type": "Feature", "properties": { "id": 978.0, "temple": 0.0, "parking": 0.0, "junction": 1.0, "building": 7.0, "hotel": 0.0, "id_2": 10, "GHAT_NAME": "Chakra Tirth Ghat", "n": 1, "distance": 283.99344655147513, "Demand": 15.0, "Class": "Moderate" }, "geometry": { "type": "MultiPolygon", "coordinates": [ [ [ [ 578491.462564746616408, 2565108.865538750775158 ], [ 578541.462564746616408, 2565108.865538750775158 ], [ 578541.462564746616408, 2565058.865538750775158 ], [ 578491.462564746616408, 2565058.865538750775158 ], [ 578491.462564746616408, 2565108.865538750775158 ] ] ] ] } },
{ "type": "Feature", "properties": { "id": 979.0, "temple": 0.0, "parking": 0.0, "junction": 1.0, "building": 4.0, "hotel": 0.0, "id_2": 10, "GHAT_NAME": "Chakra Tirth Ghat", "n": 1, "distance": 271.83650406966927, "Demand": 12.0, "Class": "Moderate" }, "geometry": { "type": "MultiPolygon", "coordinates": [ [ [ [ 578491.462564746616408, 2565058.865538750775158 ], [ 578541.462564746616408, 2565058.865538750775158 ], [ 578541.462564746616408, 2565008.865538750775158 ], [ 578491.462564746616408, 2565008.865538750775158 ], [ 578491.462564746616408, 2565058.865538750775158 ] ] ] ] } },
{ "type": "Feature", "properties": { "id": 980.0, "temple": 0.0, "parking": 0.0, "junction": 0.0, "building": 2.0, "hotel": 0.0, "id_2": 8, "GHAT_NAME": "Sumeru Ghat", "n": 1, "distance": 258.1665470478581, "Demand": 8.0, "Class": "Low" }, "geometry": { "type": "MultiPolygon", "coordinates": [ [ [ [ 578491.462564746616408, 2565008.865538750775158 ], [ 578541.462564746616408, 2565008.865538750775158 ], [ 578541.462564746616408, 2564958.865538750775158 ], [ 578491.462564746616408, 2564958.865538750775158 ], [ 578491.462564746616408, 2565008.865538750775158 ] ] ] ] } },
{ "type": "Feature", "properties": { "id": 981.0, "temple": 0.0, "parking": 0.0, "junction": 0.0, "building": 3.0, "hotel": 0.0, "id_2": 8, "GHAT_NAME": "Sumeru Ghat", "n": 1, "distance": 247.74353597567065, "Demand": 9.0, "Class": "Low" }, "geometry": { "type": "MultiPolygon", "coordinates": [ [ [ [ 578491.462564746616408, 2564958.865538750775158 ], [ 578541.462564746616408, 2564958.865538750775158 ], [ 578541.462564746616408, 2564908.865538750775158 ], [ 578491.462564746616408, 2564908.865538750775158 ], [ 578491.462564746616408, 2564958.865538750775158 ] ] ] ] } },
{ "type": "Feature", "properties": { "id": 982.0, "temple": 0.0, "parking": 0.0, "junction": 2.0, "building": 4.0, "hotel": 1.0, "id_2": 8, "GHAT_NAME": "Sumeru Ghat", "n": 1, "distance": 234.35589134141276, "Demand": 16.0, "Class": "High" }, "geometry": { "type": "MultiPolygon", "coordinates": [ [ [ [ 578491.462564746616408, 2564908.865538750775158 ], [ 578541.462564746616408, 2564908.865538750775158 ], [ 578541.462564746616408, 2564858.865538750775158 ], [ 578491.462564746616408, 2564858.865538750775158 ], [ 578491.462564746616408, 2564908.865538750775158 ] ] ] ] } },
{ "type": "Feature", "properties": { "id": 983.0, "temple": 0.0, "parking": 0.0, "junction": 0.0, "building": 3.0, "hotel": 0.0, "id_2": 8, "GHAT_NAME": "Sumeru Ghat", "n": 1, "distance": 222.47467871904735, "Demand": 9.0, "Class": "Low" }, "geometry": { "type": "MultiPolygon", "coordinates": [ [ [ [ 578491.462564746616408, 2564858.865538750775158 ], [ 578541.462564746616408, 2564858.865538750775158 ], [ 578541.462564746616408, 2564808.865538750775158 ], [ 578491.462564746616408, 2564808.865538750775158 ], [ 578491.462564746616408, 2564858.865538750775158 ] ] ] ] } },
{ "type": "Feature", "properties": { "id": 984.0, "temple": 0.0, "parking": 0.0, "junction": 2.0, "building": 5.0, "hotel": 1.0, "id_2": 8, "GHAT_NAME": "Sumeru Ghat", "n": 1, "distance": 214.73439840601895, "Demand": 17.0, "Class": "High" }, "geometry": { "type": "MultiPolygon", "coordinates": [ [ [ [ 578491.462564746616408, 2564808.865538750775158 ], [ 578541.462564746616408, 2564808.865538750775158 ], [ 578541.462564746616408, 2564758.865538750775158 ], [ 578491.462564746616408, 2564758.865538750775158 ], [ 578491.462564746616408, 2564808.865538750775158 ] ] ] ] } },
{ "type": "Feature", "properties": { "id": 985.0, "temple": 0.0, "parking": 0.0, "junction": 2.0, "building": 2.0, "hotel": 0.0, "id_2": 9, "GHAT_NAME": "Ram Ghat", "n": 1, "distance": 206.73285025343804, "Demand": 12.0, "Class": "Moderate" }, "geometry": { "type": "MultiPolygon", "coordinates": [ [ [ [ 578491.462564746616408, 2564758.865538750775158 ], [ 578541.462564746616408, 2564758.865538750775158 ], [ 578541.462564746616408, 2564708.865538750775158 ], [ 578491.462564746616408, 2564708.865538750775158 ], [ 578491.462564746616408, 2564758.865538750775158 ] ] ] ] } },
{ "type": "Feature", "properties": { "id": 986.0, "temple": 0.0, "parking": 0.0, "junction": 1.0, "building": 2.0, "hotel": 1.0, "id_2": 9, "GHAT_NAME": "Ram Ghat", "n": 1, "distance": 201.70274542644253, "Demand": 12.0, "Class": "Moderate" }, "geometry": { "type": "MultiPolygon", "coordinates": [ [ [ [ 578491.462564746616408, 2564708.865538750775158 ], [ 578541.462564746616408, 2564708.865538750775158 ], [ 578541.462564746616408, 2564658.865538750775158 ], [ 578491.462564746616408, 2564658.865538750775158 ], [ 578491.462564746616408, 2564708.865538750775158 ] ] ] ] } },
{ "type": "Feature", "properties": { "id": 987.0, "temple": 0.0, "parking": 0.0, "junction": 1.0, "building": 2.0, "hotel": 4.0, "id_2": 9, "GHAT_NAME": "Ram Ghat", "n": 1, "distance": 201.11320444615558, "Demand": 18.0, "Class": "High" }, "geometry": { "type": "MultiPolygon", "coordinates": [ [ [ [ 578491.462564746616408, 2564658.865538750775158 ], [ 578541.462564746616408, 2564658.865538750775158 ], [ 578541.462564746616408, 2564608.865538750775158 ], [ 578491.462564746616408, 2564608.865538750775158 ], [ 578491.462564746616408, 2564658.865538750775158 ] ] ] ] } },
{ "type": "Feature", "properties": { "id": 988.0, "temple": 0.0, "parking": 0.0, "junction": 0.0, "building": 1.0, "hotel": 1.0, "id_2": 9, "GHAT_NAME": "Ram Ghat", "n": 1, "distance": 202.72823783589027, "Demand": 9.0, "Class": "Low" }, "geometry": { "type": "MultiPolygon", "coordinates": [ [ [ [ 578491.462564746616408, 2564608.865538750775158 ], [ 578541.462564746616408, 2564608.865538750775158 ], [ 578541.462564746616408, 2564558.865538750775158 ], [ 578491.462564746616408, 2564558.865538750775158 ], [ 578491.462564746616408, 2564608.865538750775158 ] ] ] ] } },
{ "type": "Feature", "properties": { "id": 989.0, "temple": 0.0, "parking": 0.0, "junction": 0.0, "building": 2.0, "hotel": 0.0, "id_2": 9, "GHAT_NAME": "Ram Ghat", "n": 1, "distance": 208.19616845732719, "Demand": 8.0, "Class": "Low" }, "geometry": { "type": "MultiPolygon", "coordinates": [ [ [ [ 578491.462564746616408, 2564558.865538750775158 ], [ 578541.462564746616408, 2564558.865538750775158 ], [ 578541.462564746616408, 2564508.865538750775158 ], [ 578491.462564746616408, 2564508.865538750775158 ], [ 578491.462564746616408, 2564558.865538750775158 ] ] ] ] } },
{ "type": "Feature", "properties": { "id": 990.0, "temple": 0.0, "parking": 0.0, "junction": 0.0, "building": 5.0, "hotel": 0.0, "id_2": 9, "GHAT_NAME": "Ram Ghat", "n": 1, "distance": 220.26197688945237, "Demand": 11.0, "Class": "Moderate" }, "geometry": { "type": "MultiPolygon", "coordinates": [ [ [ [ 578491.462564746616408, 2564508.865538750775158 ], [ 578541.462564746616408, 2564508.865538750775158 ], [ 578541.462564746616408, 2564458.865538750775158 ], [ 578491.462564746616408, 2564458.865538750775158 ], [ 578491.462564746616408, 2564508.865538750775158 ] ] ] ] } },
{ "type": "Feature", "properties": { "id": 991.0, "temple": 0.0, "parking": 0.0, "junction": 0.0, "building": 6.0, "hotel": 0.0, "id_2": 9, "GHAT_NAME": "Ram Ghat", "n": 1, "distance": 231.54674775246252, "Demand": 12.0, "Class": "Moderate" }, "geometry": { "type": "MultiPolygon", "coordinates": [ [ [ [ 578491.462564746616408, 2564458.865538750775158 ], [ 578541.462564746616408, 2564458.865538750775158 ], [ 578541.462564746616408, 2564408.865538750775158 ], [ 578491.462564746616408, 2564408.865538750775158 ], [ 578491.462564746616408, 2564458.865538750775158 ] ] ] ] } },
{ "type": "Feature", "properties": { "id": 992.0, "temple": 0.0, "parking": 0.0, "junction": 1.0, "building": 9.0, "hotel": 3.0, "id_2": 9, "GHAT_NAME": "Ram Ghat", "n": 1, "distance": 245.79923832715576, "Demand": 23.0, "Class": "Very High" }, "geometry": { "type": "MultiPolygon", "coordinates": [ [ [ [ 578491.462564746616408, 2564408.865538750775158 ], [ 578541.462564746616408, 2564408.865538750775158 ], [ 578541.462564746616408, 2564358.865538750775158 ], [ 578491.462564746616408, 2564358.865538750775158 ], [ 578491.462564746616408, 2564408.865538750775158 ] ] ] ] } },
{ "type": "Feature", "properties": { "id": 993.0, "temple": 0.0, "parking": 0.0, "junction": 1.0, "building": 1.0, "hotel": 3.0, "id_2": 9, "GHAT_NAME": "Ram Ghat", "n": 1, "distance": 262.49659430377147, "Demand": 15.0, "Class": "Moderate" }, "geometry": { "type": "MultiPolygon", "coordinates": [ [ [ [ 578491.462564746616408, 2564358.865538750775158 ], [ 578541.462564746616408, 2564358.865538750775158 ], [ 578541.462564746616408, 2564308.865538750775158 ], [ 578491.462564746616408, 2564308.865538750775158 ], [ 578491.462564746616408, 2564358.865538750775158 ] ] ] ] } },
{ "type": "Feature", "properties": { "id": 994.0, "temple": 0.0, "parking": 0.0, "junction": 0.0, "building": 2.0, "hotel": 1.0, "id_2": 9, "GHAT_NAME": "Ram Ghat", "n": 1, "distance": 272.48872097202843, "Demand": 10.0, "Class": "Low" }, "geometry": { "type": "MultiPolygon", "coordinates": [ [ [ [ 578491.462564746616408, 2564308.865538750775158 ], [ 578541.462564746616408, 2564308.865538750775158 ], [ 578541.462564746616408, 2564258.865538750775158 ], [ 578491.462564746616408, 2564258.865538750775158 ], [ 578491.462564746616408, 2564308.865538750775158 ] ] ] ] } },
{ "type": "Feature", "properties": { "id": 995.0, "temple": 0.0, "parking": 0.0, "junction": 0.0, "building": 1.0, "hotel": 0.0, "id_2": 9, "GHAT_NAME": "Ram Ghat", "n": 1, "distance": 286.40140831488696, "Demand": 7.0, "Class": "Low" }, "geometry": { "type": "MultiPolygon", "coordinates": [ [ [ [ 578491.462564746616408, 2564258.865538750775158 ], [ 578541.462564746616408, 2564258.865538750775158 ], [ 578541.462564746616408, 2564208.865538750775158 ], [ 578491.462564746616408, 2564208.865538750775158 ], [ 578491.462564746616408, 2564258.865538750775158 ] ] ] ] } },
{ "type": "Feature", "properties": { "id": 996.0, "temple": 0.0, "parking": 0.0, "junction": 0.0, "building": 1.0, "hotel": 0.0, "id_2": 9, "GHAT_NAME": "Ram Ghat", "n": 1, "distance": 303.11374550379259, "Demand": 7.0, "Class": "Low" }, "geometry": { "type": "MultiPolygon", "coordinates": [ [ [ [ 578491.462564746616408, 2564208.865538750775158 ], [ 578541.462564746616408, 2564208.865538750775158 ], [ 578541.462564746616408, 2564158.865538750775158 ], [ 578491.462564746616408, 2564158.865538750775158 ], [ 578491.462564746616408, 2564208.865538750775158 ] ] ] ] } },
{ "type": "Feature", "properties": { "id": 997.0, "temple": 0.0, "parking": 0.0, "junction": 0.0, "building": 4.0, "hotel": 0.0, "id_2": 9, "GHAT_NAME": "Ram Ghat", "n": 1, "distance": 326.32127409091908, "Demand": 10.0, "Class": "Low" }, "geometry": { "type": "MultiPolygon", "coordinates": [ [ [ [ 578491.462564746616408, 2564158.865538750775158 ], [ 578541.462564746616408, 2564158.865538750775158 ], [ 578541.462564746616408, 2564108.865538750775158 ], [ 578491.462564746616408, 2564108.865538750775158 ], [ 578491.462564746616408, 2564158.865538750775158 ] ] ] ] } },
{ "type": "Feature", "properties": { "id": 998.0, "temple": 0.0, "parking": 0.0, "junction": 0.0, "building": 5.0, "hotel": 0.0, "id_2": 9, "GHAT_NAME": "Ram Ghat", "n": 1, "distance": 355.09605057688771, "Demand": 11.0, "Class": "Moderate" }, "geometry": { "type": "MultiPolygon", "coordinates": [ [ [ [ 578491.462564746616408, 2564108.865538750775158 ], [ 578541.462564746616408, 2564108.865538750775158 ], [ 578541.462564746616408, 2564058.865538750775158 ], [ 578491.462564746616408, 2564058.865538750775158 ], [ 578491.462564746616408, 2564108.865538750775158 ] ] ] ] } },
{ "type": "Feature", "properties": { "id": 999.0, "temple": 0.0, "parking": 0.0, "junction": 1.0, "building": 1.0, "hotel": 0.0, "id_2": 4, "GHAT_NAME": "Maharishi Sant Balinath Ghat", "n": 1, "distance": 386.74378871141403, "Demand": 9.0, "Class": "Low" }, "geometry": { "type": "MultiPolygon", "coordinates": [ [ [ [ 578491.462564746616408, 2564058.865538750775158 ], [ 578541.462564746616408, 2564058.865538750775158 ], [ 578541.462564746616408, 2564008.865538750775158 ], [ 578491.462564746616408, 2564008.865538750775158 ], [ 578491.462564746616408, 2564058.865538750775158 ] ] ] ] } },
{ "type": "Feature", "properties": { "id": 1000.0, "temple": 0.0, "parking": 0.0, "junction": 0.0, "building": 1.0, "hotel": 0.0, "id_2": 4, "GHAT_NAME": "Maharishi Sant Balinath Ghat", "n": 1, "distance": 412.72494660666422, "Demand": 7.0, "Class": "Low" }, "geometry": { "type": "MultiPolygon", "coordinates": [ [ [ [ 578491.462564746616408, 2564008.865538750775158 ], [ 578541.462564746616408, 2564008.865538750775158 ], [ 578541.462564746616408, 2563958.865538750775158 ], [ 578491.462564746616408, 2563958.865538750775158 ], [ 578491.462564746616408, 2564008.865538750775158 ] ] ] ] } },
{ "type": "Feature", "properties": { "id": 1001.0, "temple": 0.0, "parking": 0.0, "junction": 0.0, "building": 1.0, "hotel": 0.0, "id_2": 4, "GHAT_NAME": "Maharishi Sant Balinath Ghat", "n": 1, "distance": 442.84648016676022, "Demand": 7.0, "Class": "Low" }, "geometry": { "type": "MultiPolygon", "coordinates": [ [ [ [ 578491.462564746616408, 2563958.865538750775158 ], [ 578541.462564746616408, 2563958.865538750775158 ], [ 578541.462564746616408, 2563908.865538750775158 ], [ 578491.462564746616408, 2563908.865538750775158 ], [ 578491.462564746616408, 2563958.865538750775158 ] ] ] ] } },
{ "type": "Feature", "properties": { "id": 1002.0, "temple": 0.0, "parking": 0.0, "junction": 0.0, "building": 1.0, "hotel": 0.0, "id_2": 4, "GHAT_NAME": "Maharishi Sant Balinath Ghat", "n": 1, "distance": 476.32355436268705, "Demand": 7.0, "Class": "Low" }, "geometry": { "type": "MultiPolygon", "coordinates": [ [ [ [ 578491.462564746616408, 2563908.865538750775158 ], [ 578541.462564746616408, 2563908.865538750775158 ], [ 578541.462564746616408, 2563858.865538750775158 ], [ 578491.462564746616408, 2563858.865538750775158 ], [ 578491.462564746616408, 2563908.865538750775158 ] ] ] ] } },
{ "type": "Feature", "properties": { "id": 1003.0, "temple": 0.0, "parking": 0.0, "junction": 0.0, "building": 1.0, "hotel": 0.0, "id_2": 4, "GHAT_NAME": "Maharishi Sant Balinath Ghat", "n": 1, "distance": 511.02181516635699, "Demand": 3.0, "Class": "Very Low" }, "geometry": { "type": "MultiPolygon", "coordinates": [ [ [ [ 578491.462564746616408, 2563858.865538750775158 ], [ 578541.462564746616408, 2563858.865538750775158 ], [ 578541.462564746616408, 2563808.865538750775158 ], [ 578491.462564746616408, 2563808.865538750775158 ], [ 578491.462564746616408, 2563858.865538750775158 ] ] ] ] } },
{ "type": "Feature", "properties": { "id": 1004.0, "temple": 0.0, "parking": 0.0, "junction": 0.0, "building": 0.0, "hotel": 0.0, "id_2": 4, "GHAT_NAME": "Maharishi Sant Balinath Ghat", "n": 1, "distance": 545.65514013503787, "Demand": 2.0, "Class": "Very Low" }, "geometry": { "type": "MultiPolygon", "coordinates": [ [ [ [ 578491.462564746616408, 2563808.865538750775158 ], [ 578541.462564746616408, 2563808.865538750775158 ], [ 578541.462564746616408, 2563758.865538750775158 ], [ 578491.462564746616408, 2563758.865538750775158 ], [ 578491.462564746616408, 2563808.865538750775158 ] ] ] ] } },
{ "type": "Feature", "properties": { "id": 1005.0, "temple": 0.0, "parking": 0.0, "junction": 0.0, "building": 0.0, "hotel": 0.0, "id_2": 4, "GHAT_NAME": "Maharishi Sant Balinath Ghat", "n": 1, "distance": 580.44898570021985, "Demand": 2.0, "Class": "Very Low" }, "geometry": { "type": "MultiPolygon", "coordinates": [ [ [ [ 578491.462564746616408, 2563758.865538750775158 ], [ 578541.462564746616408, 2563758.865538750775158 ], [ 578541.462564746616408, 2563708.865538750775158 ], [ 578491.462564746616408, 2563708.865538750775158 ], [ 578491.462564746616408, 2563758.865538750775158 ] ] ] ] } },
{ "type": "Feature", "properties": { "id": 1006.0, "temple": 0.0, "parking": 0.0, "junction": 0.0, "building": 0.0, "hotel": 0.0, "id_2": 4, "GHAT_NAME": "Maharishi Sant Balinath Ghat", "n": 1, "distance": 617.2462722776404, "Demand": 2.0, "Class": "Very Low" }, "geometry": { "type": "MultiPolygon", "coordinates": [ [ [ [ 578491.462564746616408, 2563708.865538750775158 ], [ 578541.462564746616408, 2563708.865538750775158 ], [ 578541.462564746616408, 2563658.865538750775158 ], [ 578491.462564746616408, 2563658.865538750775158 ], [ 578491.462564746616408, 2563708.865538750775158 ] ] ] ] } },
{ "type": "Feature", "properties": { "id": 1007.0, "temple": 0.0, "parking": 0.0, "junction": 0.0, "building": 0.0, "hotel": 0.0, "id_2": 4, "GHAT_NAME": "Maharishi Sant Balinath Ghat", "n": 1, "distance": 655.79333351359401, "Demand": 2.0, "Class": "Very Low" }, "geometry": { "type": "MultiPolygon", "coordinates": [ [ [ [ 578491.462564746616408, 2563658.865538750775158 ], [ 578541.462564746616408, 2563658.865538750775158 ], [ 578541.462564746616408, 2563608.865538750775158 ], [ 578491.462564746616408, 2563608.865538750775158 ], [ 578491.462564746616408, 2563658.865538750775158 ] ] ] ] } },
{ "type": "Feature", "properties": { "id": 1008.0, "temple": 0.0, "parking": 0.0, "junction": 0.0, "building": 0.0, "hotel": 0.0, "id_2": 4, "GHAT_NAME": "Maharishi Sant Balinath Ghat", "n": 1, "distance": 695.79941931644419, "Demand": 2.0, "Class": "Very Low" }, "geometry": { "type": "MultiPolygon", "coordinates": [ [ [ [ 578491.462564746616408, 2563608.865538750775158 ], [ 578541.462564746616408, 2563608.865538750775158 ], [ 578541.462564746616408, 2563558.865538750775158 ], [ 578491.462564746616408, 2563558.865538750775158 ], [ 578491.462564746616408, 2563608.865538750775158 ] ] ] ] } },
{ "type": "Feature", "properties": { "id": 1009.0, "temple": 0.0, "parking": 0.0, "junction": 0.0, "building": 2.0, "hotel": 1.0, "id_2": 4, "GHAT_NAME": "Maharishi Sant Balinath Ghat", "n": 1, "distance": 737.02697885581483, "Demand": 6.0, "Class": "Low" }, "geometry": { "type": "MultiPolygon", "coordinates": [ [ [ [ 578491.462564746616408, 2563558.865538750775158 ], [ 578541.462564746616408, 2563558.865538750775158 ], [ 578541.462564746616408, 2563508.865538750775158 ], [ 578491.462564746616408, 2563508.865538750775158 ], [ 578491.462564746616408, 2563558.865538750775158 ] ] ] ] } },
{ "type": "Feature", "properties": { "id": 1010.0, "temple": 0.0, "parking": 0.0, "junction": 1.0, "building": 5.0, "hotel": 0.0, "id_2": 4, "GHAT_NAME": "Maharishi Sant Balinath Ghat", "n": 1, "distance": 779.28217174625433, "Demand": 9.0, "Class": "Low" }, "geometry": { "type": "MultiPolygon", "coordinates": [ [ [ [ 578491.462564746616408, 2563508.865538750775158 ], [ 578541.462564746616408, 2563508.865538750775158 ], [ 578541.462564746616408, 2563458.865538750775158 ], [ 578491.462564746616408, 2563458.865538750775158 ], [ 578491.462564746616408, 2563508.865538750775158 ] ] ] ] } },
{ "type": "Feature", "properties": { "id": 1011.0, "temple": 0.0, "parking": 0.0, "junction": 0.0, "building": 3.0, "hotel": 0.0, "id_2": 5, "GHAT_NAME": "Shri Narasimha Ghat", "n": 1, "distance": 820.71291730682276, "Demand": 5.0, "Class": "Very Low" }, "geometry": { "type": "MultiPolygon", "coordinates": [ [ [ [ 578491.462564746616408, 2563458.865538750775158 ], [ 578541.462564746616408, 2563458.865538750775158 ], [ 578541.462564746616408, 2563408.865538750775158 ], [ 578491.462564746616408, 2563408.865538750775158 ], [ 578491.462564746616408, 2563458.865538750775158 ] ] ] ] } },
{ "type": "Feature", "properties": { "id": 1012.0, "temple": 0.0, "parking": 0.0, "junction": 0.0, "building": 0.0, "hotel": 0.0, "id_2": 5, "GHAT_NAME": "Shri Narasimha Ghat", "n": 1, "distance": 853.88782145735536, "Demand": 2.0, "Class": "Very Low" }, "geometry": { "type": "MultiPolygon", "coordinates": [ [ [ [ 578491.462564746616408, 2563381.140886692330241 ], [ 578491.462564746616408, 2563408.865538750775158 ], [ 578541.462564746616408, 2563408.865538750775158 ], [ 578541.462564746616408, 2563389.978266991209239 ], [ 578491.462564746616408, 2563381.140886692330241 ] ] ] ] } },
{ "type": "Feature", "properties": { "id": 1013.0, "temple": 0.0, "parking": 0.0, "junction": 0.0, "building": 0.0, "hotel": 0.0, "id_2": 10, "GHAT_NAME": "Chakra Tirth Ghat", "n": 1, "distance": 474.52824499108243, "Demand": 6.0, "Class": "Low" }, "geometry": { "type": "MultiPolygon", "coordinates": [ [ [ [ 578591.462564746616408, 2565526.91956138657406 ], [ 578591.462564746616408, 2565508.865538750775158 ], [ 578541.462564746616408, 2565508.865538750775158 ], [ 578541.462564746616408, 2565535.215152885764837 ], [ 578591.462564746616408, 2565526.91956138657406 ] ] ] ] } },
{ "type": "Feature", "properties": { "id": 1014.0, "temple": 0.0, "parking": 0.0, "junction": 0.0, "building": 0.0, "hotel": 0.0, "id_2": 10, "GHAT_NAME": "Chakra Tirth Ghat", "n": 1, "distance": 448.57624634638199, "Demand": 6.0, "Class": "Low" }, "geometry": { "type": "MultiPolygon", "coordinates": [ [ [ [ 578541.462564746616408, 2565508.865538750775158 ], [ 578591.462564746616408, 2565508.865538750775158 ], [ 578591.462564746616408, 2565458.865538750775158 ], [ 578541.462564746616408, 2565458.865538750775158 ], [ 578541.462564746616408, 2565508.865538750775158 ] ] ] ] } },
{ "type": "Feature", "properties": { "id": 1015.0, "temple": 0.0, "parking": 0.0, "junction": 0.0, "building": 0.0, "hotel": 0.0, "id_2": 10, "GHAT_NAME": "Chakra Tirth Ghat", "n": 1, "distance": 426.92416455162532, "Demand": 6.0, "Class": "Low" }, "geometry": { "type": "MultiPolygon", "coordinates": [ [ [ [ 578541.462564746616408, 2565458.865538750775158 ], [ 578591.462564746616408, 2565458.865538750775158 ], [ 578591.462564746616408, 2565408.865538750775158 ], [ 578541.462564746616408, 2565408.865538750775158 ], [ 578541.462564746616408, 2565458.865538750775158 ] ] ] ] } },
{ "type": "Feature", "properties": { "id": 1016.0, "temple": 0.0, "parking": 0.0, "junction": 0.0, "building": 1.0, "hotel": 0.0, "id_2": 10, "GHAT_NAME": "Chakra Tirth Ghat", "n": 1, "distance": 410.25337996169696, "Demand": 7.0, "Class": "Low" }, "geometry": { "type": "MultiPolygon", "coordinates": [ [ [ [ 578541.462564746616408, 2565408.865538750775158 ], [ 578591.462564746616408, 2565408.865538750775158 ], [ 578591.462564746616408, 2565358.865538750775158 ], [ 578541.462564746616408, 2565358.865538750775158 ], [ 578541.462564746616408, 2565408.865538750775158 ] ] ] ] } },
{ "type": "Feature", "properties": { "id": 1017.0, "temple": 0.0, "parking": 0.0, "junction": 0.0, "building": 2.0, "hotel": 0.0, "id_2": 10, "GHAT_NAME": "Chakra Tirth Ghat", "n": 1, "distance": 398.47838575780196, "Demand": 8.0, "Class": "Low" }, "geometry": { "type": "MultiPolygon", "coordinates": [ [ [ [ 578541.462564746616408, 2565358.865538750775158 ], [ 578591.462564746616408, 2565358.865538750775158 ], [ 578591.462564746616408, 2565308.865538750775158 ], [ 578541.462564746616408, 2565308.865538750775158 ], [ 578541.462564746616408, 2565358.865538750775158 ] ] ] ] } },
{ "type": "Feature", "properties": { "id": 1018.0, "temple": 0.0, "parking": 0.0, "junction": 1.0, "building": 0.0, "hotel": 0.0, "id_2": 10, "GHAT_NAME": "Chakra Tirth Ghat", "n": 1, "distance": 384.69267199864674, "Demand": 8.0, "Class": "Low" }, "geometry": { "type": "MultiPolygon", "coordinates": [ [ [ [ 578541.462564746616408, 2565308.865538750775158 ], [ 578591.462564746616408, 2565308.865538750775158 ], [ 578591.462564746616408, 2565258.865538750775158 ], [ 578541.462564746616408, 2565258.865538750775158 ], [ 578541.462564746616408, 2565308.865538750775158 ] ] ] ] } },
{ "type": "Feature", "properties": { "id": 1019.0, "temple": 0.0, "parking": 0.0, "junction": 0.0, "building": 2.0, "hotel": 0.0, "id_2": 10, "GHAT_NAME": "Chakra Tirth Ghat", "n": 1, "distance": 373.66414007497519, "Demand": 8.0, "Class": "Low" }, "geometry": { "type": "MultiPolygon", "coordinates": [ [ [ [ 578541.462564746616408, 2565258.865538750775158 ], [ 578591.462564746616408, 2565258.865538750775158 ], [ 578591.462564746616408, 2565208.865538750775158 ], [ 578541.462564746616408, 2565208.865538750775158 ], [ 578541.462564746616408, 2565258.865538750775158 ] ] ] ] } },
{ "type": "Feature", "properties": { "id": 1020.0, "temple": 0.0, "parking": 0.0, "junction": 1.0, "building": 3.0, "hotel": 0.0, "id_2": 10, "GHAT_NAME": "Chakra Tirth Ghat", "n": 1, "distance": 359.30790151149785, "Demand": 11.0, "Class": "Moderate" }, "geometry": { "type": "MultiPolygon", "coordinates": [ [ [ [ 578541.462564746616408, 2565208.865538750775158 ], [ 578591.462564746616408, 2565208.865538750775158 ], [ 578591.462564746616408, 2565158.865538750775158 ], [ 578541.462564746616408, 2565158.865538750775158 ], [ 578541.462564746616408, 2565208.865538750775158 ] ] ] ] } },
{ "type": "Feature", "properties": { "id": 1021.0, "temple": 0.0, "parking": 0.0, "junction": 0.0, "building": 2.0, "hotel": 0.0, "id_2": 10, "GHAT_NAME": "Chakra Tirth Ghat", "n": 1, "distance": 347.08955678156809, "Demand": 8.0, "Class": "Low" }, "geometry": { "type": "MultiPolygon", "coordinates": [ [ [ [ 578541.462564746616408, 2565158.865538750775158 ], [ 578591.462564746616408, 2565158.865538750775158 ], [ 578591.462564746616408, 2565108.865538750775158 ], [ 578541.462564746616408, 2565108.865538750775158 ], [ 578541.462564746616408, 2565158.865538750775158 ] ] ] ] } },
{ "type": "Feature", "properties": { "id": 1022.0, "temple": 0.0, "parking": 0.0, "junction": 0.0, "building": 3.0, "hotel": 0.0, "id_2": 10, "GHAT_NAME": "Chakra Tirth Ghat", "n": 1, "distance": 332.37977615727704, "Demand": 9.0, "Class": "Low" }, "geometry": { "type": "MultiPolygon", "coordinates": [ [ [ [ 578541.462564746616408, 2565108.865538750775158 ], [ 578591.462564746616408, 2565108.865538750775158 ], [ 578591.462564746616408, 2565058.865538750775158 ], [ 578541.462564746616408, 2565058.865538750775158 ], [ 578541.462564746616408, 2565108.865538750775158 ] ] ] ] } },
{ "type": "Feature", "properties": { "id": 1023.0, "temple": 0.0, "parking": 0.0, "junction": 1.0, "building": 2.0, "hotel": 0.0, "id_2": 8, "GHAT_NAME": "Sumeru Ghat", "n": 1, "distance": 319.52214155583414, "Demand": 10.0, "Class": "Low" }, "geometry": { "type": "MultiPolygon", "coordinates": [ [ [ [ 578541.462564746616408, 2565058.865538750775158 ], [ 578591.462564746616408, 2565058.865538750775158 ], [ 578591.462564746616408, 2565008.865538750775158 ], [ 578541.462564746616408, 2565008.865538750775158 ], [ 578541.462564746616408, 2565058.865538750775158 ] ] ] ] } },
{ "type": "Feature", "properties": { "id": 1024.0, "temple": 0.0, "parking": 0.0, "junction": 2.0, "building": 1.0, "hotel": 0.0, "id_2": 8, "GHAT_NAME": "Sumeru Ghat", "n": 1, "distance": 307.06951320488685, "Demand": 11.0, "Class": "Moderate" }, "geometry": { "type": "MultiPolygon", "coordinates": [ [ [ [ 578541.462564746616408, 2565008.865538750775158 ], [ 578591.462564746616408, 2565008.865538750775158 ], [ 578591.462564746616408, 2564958.865538750775158 ], [ 578541.462564746616408, 2564958.865538750775158 ], [ 578541.462564746616408, 2565008.865538750775158 ] ] ] ] } },
{ "type": "Feature", "properties": { "id": 1025.0, "temple": 0.0, "parking": 0.0, "junction": 0.0, "building": 7.0, "hotel": 0.0, "id_2": 8, "GHAT_NAME": "Sumeru Ghat", "n": 1, "distance": 296.57342549819867, "Demand": 13.0, "Class": "Moderate" }, "geometry": { "type": "MultiPolygon", "coordinates": [ [ [ [ 578541.462564746616408, 2564958.865538750775158 ], [ 578591.462564746616408, 2564958.865538750775158 ], [ 578591.462564746616408, 2564908.865538750775158 ], [ 578541.462564746616408, 2564908.865538750775158 ], [ 578541.462564746616408, 2564958.865538750775158 ] ] ] ] } },
{ "type": "Feature", "properties": { "id": 1026.0, "temple": 0.0, "parking": 0.0, "junction": 3.0, "building": 13.0, "hotel": 0.0, "id_2": 8, "GHAT_NAME": "Sumeru Ghat", "n": 1, "distance": 282.37465853766946, "Demand": 25.0, "Class": "Very High" }, "geometry": { "type": "MultiPolygon", "coordinates": [ [ [ [ 578541.462564746616408, 2564908.865538750775158 ], [ 578591.462564746616408, 2564908.865538750775158 ], [ 578591.462564746616408, 2564858.865538750775158 ], [ 578541.462564746616408, 2564858.865538750775158 ], [ 578541.462564746616408, 2564908.865538750775158 ] ] ] ] } },
{ "type": "Feature", "properties": { "id": 1027.0, "temple": 0.0, "parking": 0.0, "junction": 0.0, "building": 12.0, "hotel": 1.0, "id_2": 8, "GHAT_NAME": "Sumeru Ghat", "n": 1, "distance": 271.79106543519794, "Demand": 20.0, "Class": "High" }, "geometry": { "type": "MultiPolygon", "coordinates": [ [ [ [ 578541.462564746616408, 2564858.865538750775158 ], [ 578591.462564746616408, 2564858.865538750775158 ], [ 578591.462564746616408, 2564808.865538750775158 ], [ 578541.462564746616408, 2564808.865538750775158 ], [ 578541.462564746616408, 2564858.865538750775158 ] ] ] ] } },
{ "type": "Feature", "properties": { "id": 1028.0, "temple": 0.0, "parking": 0.0, "junction": 3.0, "building": 2.0, "hotel": 4.0, "id_2": 8, "GHAT_NAME": "Sumeru Ghat", "n": 1, "distance": 264.45645490556581, "Demand": 22.0, "Class": "Very High" }, "geometry": { "type": "MultiPolygon", "coordinates": [ [ [ [ 578541.462564746616408, 2564808.865538750775158 ], [ 578591.462564746616408, 2564808.865538750775158 ], [ 578591.462564746616408, 2564758.865538750775158 ], [ 578541.462564746616408, 2564758.865538750775158 ], [ 578541.462564746616408, 2564808.865538750775158 ] ] ] ] } },
{ "type": "Feature", "properties": { "id": 1029.0, "temple": 0.0, "parking": 0.0, "junction": 0.0, "building": 4.0, "hotel": 0.0, "id_2": 9, "GHAT_NAME": "Ram Ghat", "n": 1, "distance": 256.34218133800931, "Demand": 10.0, "Class": "Low" }, "geometry": { "type": "MultiPolygon", "coordinates": [ [ [ [ 578541.462564746616408, 2564758.865538750775158 ], [ 578591.462564746616408, 2564758.865538750775158 ], [ 578591.462564746616408, 2564708.865538750775158 ], [ 578541.462564746616408, 2564708.865538750775158 ], [ 578541.462564746616408, 2564758.865538750775158 ] ] ] ] } },
{ "type": "Feature", "properties": { "id": 1030.0, "temple": 0.0, "parking": 0.0, "junction": 0.0, "building": 3.0, "hotel": 0.0, "id_2": 9, "GHAT_NAME": "Ram Ghat", "n": 1, "distance": 251.58560761136525, "Demand": 9.0, "Class": "Low" }, "geometry": { "type": "MultiPolygon", "coordinates": [ [ [ [ 578541.462564746616408, 2564708.865538750775158 ], [ 578591.462564746616408, 2564708.865538750775158 ], [ 578591.462564746616408, 2564658.865538750775158 ], [ 578541.462564746616408, 2564658.865538750775158 ], [ 578541.462564746616408, 2564708.865538750775158 ] ] ] ] } },
{ "type": "Feature", "properties": { "id": 1031.0, "temple": 0.0, "parking": 0.0, "junction": 1.0, "building": 1.0, "hotel": 2.0, "id_2": 9, "GHAT_NAME": "Ram Ghat", "n": 1, "distance": 251.11320444615558, "Demand": 13.0, "Class": "Moderate" }, "geometry": { "type": "MultiPolygon", "coordinates": [ [ [ [ 578541.462564746616408, 2564658.865538750775158 ], [ 578591.462564746616408, 2564658.865538750775158 ], [ 578591.462564746616408, 2564608.865538750775158 ], [ 578541.462564746616408, 2564608.865538750775158 ], [ 578541.462564746616408, 2564658.865538750775158 ] ] ] ] } },
{ "type": "Feature", "properties": { "id": 1032.0, "temple": 1.0, "parking": 0.0, "junction": 1.0, "building": 0.0, "hotel": 3.0, "id_2": 9, "GHAT_NAME": "Ram Ghat", "n": 1, "distance": 252.72737644438064, "Demand": 19.0, "Class": "High" }, "geometry": { "type": "MultiPolygon", "coordinates": [ [ [ [ 578541.462564746616408, 2564608.865538750775158 ], [ 578591.462564746616408, 2564608.865538750775158 ], [ 578591.462564746616408, 2564558.865538750775158 ], [ 578541.462564746616408, 2564558.865538750775158 ], [ 578541.462564746616408, 2564608.865538750775158 ] ] ] ] } },
{ "type": "Feature", "properties": { "id": 1033.0, "temple": 0.0, "parking": 0.0, "junction": 0.0, "building": 5.0, "hotel": 1.0, "id_2": 9, "GHAT_NAME": "Ram Ghat", "n": 1, "distance": 257.20107282850392, "Demand": 13.0, "Class": "Moderate" }, "geometry": { "type": "MultiPolygon", "coordinates": [ [ [ [ 578541.462564746616408, 2564558.865538750775158 ], [ 578591.462564746616408, 2564558.865538750775158 ], [ 578591.462564746616408, 2564508.865538750775158 ], [ 578541.462564746616408, 2564508.865538750775158 ], [ 578541.462564746616408, 2564558.865538750775158 ] ] ] ] } },
{ "type": "Feature", "properties": { "id": 1034.0, "temple": 0.0, "parking": 0.0, "junction": 0.0, "building": 3.0, "hotel": 0.0, "id_2": 9, "GHAT_NAME": "Ram Ghat", "n": 1, "distance": 269.79805445070218, "Demand": 9.0, "Class": "Low" }, "geometry": { "type": "MultiPolygon", "coordinates": [ [ [ [ 578541.462564746616408, 2564508.865538750775158 ], [ 578591.462564746616408, 2564508.865538750775158 ], [ 578591.462564746616408, 2564458.865538750775158 ], [ 578541.462564746616408, 2564458.865538750775158 ], [ 578541.462564746616408, 2564508.865538750775158 ] ] ] ] } },
{ "type": "Feature", "properties": { "id": 1035.0, "temple": 0.0, "parking": 0.0, "junction": 2.0, "building": 6.0, "hotel": 1.0, "id_2": 9, "GHAT_NAME": "Ram Ghat", "n": 1, "distance": 279.2855981024785, "Demand": 18.0, "Class": "High" }, "geometry": { "type": "MultiPolygon", "coordinates": [ [ [ [ 578541.462564746616408, 2564458.865538750775158 ], [ 578591.462564746616408, 2564458.865538750775158 ], [ 578591.462564746616408, 2564408.865538750775158 ], [ 578541.462564746616408, 2564408.865538750775158 ], [ 578541.462564746616408, 2564458.865538750775158 ] ] ] ] } },
{ "type": "Feature", "properties": { "id": 1036.0, "temple": 0.0, "parking": 0.0, "junction": 1.0, "building": 3.0, "hotel": 0.0, "id_2": 9, "GHAT_NAME": "Ram Ghat", "n": 1, "distance": 292.85691600195827, "Demand": 11.0, "Class": "Moderate" }, "geometry": { "type": "MultiPolygon", "coordinates": [ [ [ [ 578541.462564746616408, 2564408.865538750775158 ], [ 578591.462564746616408, 2564408.865538750775158 ], [ 578591.462564746616408, 2564358.865538750775158 ], [ 578541.462564746616408, 2564358.865538750775158 ], [ 578541.462564746616408, 2564408.865538750775158 ] ] ] ] } },
{ "type": "Feature", "properties": { "id": 1037.0, "temple": 0.0, "parking": 0.0, "junction": 1.0, "building": 1.0, "hotel": 2.0, "id_2": 9, "GHAT_NAME": "Ram Ghat", "n": 1, "distance": 310.55289527555476, "Demand": 13.0, "Class": "Moderate" }, "geometry": { "type": "MultiPolygon", "coordinates": [ [ [ [ 578541.462564746616408, 2564358.865538750775158 ], [ 578591.462564746616408, 2564358.865538750775158 ], [ 578591.462564746616408, 2564308.865538750775158 ], [ 578541.462564746616408, 2564308.865538750775158 ], [ 578541.462564746616408, 2564358.865538750775158 ] ] ] ] } },
{ "type": "Feature", "properties": { "id": 1038.0, "temple": 0.0, "parking": 0.0, "junction": 0.0, "building": 2.0, "hotel": 0.0, "id_2": 9, "GHAT_NAME": "Ram Ghat", "n": 1, "distance": 321.62103395317359, "Demand": 8.0, "Class": "Low" }, "geometry": { "type": "MultiPolygon", "coordinates": [ [ [ [ 578541.462564746616408, 2564308.865538750775158 ], [ 578591.462564746616408, 2564308.865538750775158 ], [ 578591.462564746616408, 2564258.865538750775158 ], [ 578541.462564746616408, 2564258.865538750775158 ], [ 578541.462564746616408, 2564308.865538750775158 ] ] ] ] } },
{ "type": "Feature", "properties": { "id": 1039.0, "temple": 0.0, "parking": 0.0, "junction": 1.0, "building": 1.0, "hotel": 5.0, "id_2": 9, "GHAT_NAME": "Ram Ghat", "n": 1, "distance": 333.8122157745899, "Demand": 19.0, "Class": "High" }, "geometry": { "type": "MultiPolygon", "coordinates": [ [ [ [ 578541.462564746616408, 2564258.865538750775158 ], [ 578591.462564746616408, 2564258.865538750775158 ], [ 578591.462564746616408, 2564208.865538750775158 ], [ 578541.462564746616408, 2564208.865538750775158 ], [ 578541.462564746616408, 2564258.865538750775158 ] ] ] ] } },
{ "type": "Feature", "properties": { "id": 1040.0, "temple": 0.0, "parking": 0.0, "junction": 1.0, "building": 2.0, "hotel": 2.0, "id_2": 9, "GHAT_NAME": "Ram Ghat", "n": 1, "distance": 349.52275194526737, "Demand": 14.0, "Class": "Moderate" }, "geometry": { "type": "MultiPolygon", "coordinates": [ [ [ [ 578541.462564746616408, 2564208.865538750775158 ], [ 578591.462564746616408, 2564208.865538750775158 ], [ 578591.462564746616408, 2564158.865538750775158 ], [ 578541.462564746616408, 2564158.865538750775158 ], [ 578541.462564746616408, 2564208.865538750775158 ] ] ] ] } },
{ "type": "Feature", "properties": { "id": 1041.0, "temple": 0.0, "parking": 0.0, "junction": 0.0, "building": 1.0, "hotel": 1.0, "id_2": 9, "GHAT_NAME": "Ram Ghat", "n": 1, "distance": 369.82940031638338, "Demand": 9.0, "Class": "Low" }, "geometry": { "type": "MultiPolygon", "coordinates": [ [ [ [ 578541.462564746616408, 2564158.865538750775158 ], [ 578591.462564746616408, 2564158.865538750775158 ], [ 578591.462564746616408, 2564108.865538750775158 ], [ 578541.462564746616408, 2564108.865538750775158 ], [ 578541.462564746616408, 2564158.865538750775158 ] ] ] ] } },
{ "type": "Feature", "properties": { "id": 1042.0, "temple": 2.0, "parking": 0.0, "junction": 0.0, "building": 2.0, "hotel": 0.0, "id_2": 9, "GHAT_NAME": "Ram Ghat", "n": 1, "distance": 395.45090283037479, "Demand": 18.0, "Class": "High" }, "geometry": { "type": "MultiPolygon", "coordinates": [ [ [ [ 578541.462564746616408, 2564108.865538750775158 ], [ 578591.462564746616408, 2564108.865538750775158 ], [ 578591.462564746616408, 2564058.865538750775158 ], [ 578541.462564746616408, 2564058.865538750775158 ], [ 578541.462564746616408, 2564108.865538750775158 ] ] ] ] } },
{ "type": "Feature", "properties": { "id": 1043.0, "temple": 0.0, "parking": 0.0, "junction": 1.0, "building": 3.0, "hotel": 0.0, "id_2": 9, "GHAT_NAME": "Ram Ghat", "n": 1, "distance": 425.428075895728, "Demand": 11.0, "Class": "Moderate" }, "geometry": { "type": "MultiPolygon", "coordinates": [ [ [ [ 578541.462564746616408, 2564058.865538750775158 ], [ 578591.462564746616408, 2564058.865538750775158 ], [ 578591.462564746616408, 2564008.865538750775158 ], [ 578541.462564746616408, 2564008.865538750775158 ], [ 578541.462564746616408, 2564058.865538750775158 ] ] ] ] } },
{ "type": "Feature", "properties": { "id": 1044.0, "temple": 0.0, "parking": 0.0, "junction": 0.0, "building": 0.0, "hotel": 0.0, "id_2": 4, "GHAT_NAME": "Maharishi Sant Balinath Ghat", "n": 1, "distance": 454.89355788835758, "Demand": 6.0, "Class": "Low" }, "geometry": { "type": "MultiPolygon", "coordinates": [ [ [ [ 578541.462564746616408, 2564008.865538750775158 ], [ 578591.462564746616408, 2564008.865538750775158 ], [ 578591.462564746616408, 2563958.865538750775158 ], [ 578541.462564746616408, 2563958.865538750775158 ], [ 578541.462564746616408, 2564008.865538750775158 ] ] ] ] } },
{ "type": "Feature", "properties": { "id": 1045.0, "temple": 0.0, "parking": 0.0, "junction": 1.0, "building": 2.0, "hotel": 0.0, "id_2": 4, "GHAT_NAME": "Maharishi Sant Balinath Ghat", "n": 1, "distance": 482.38912970022807, "Demand": 10.0, "Class": "Low" }, "geometry": { "type": "MultiPolygon", "coordinates": [ [ [ [ 578541.462564746616408, 2563958.865538750775158 ], [ 578591.462564746616408, 2563958.865538750775158 ], [ 578591.462564746616408, 2563908.865538750775158 ], [ 578541.462564746616408, 2563908.865538750775158 ], [ 578541.462564746616408, 2563958.865538750775158 ] ] ] ] } },
{ "type": "Feature", "properties": { "id": 1046.0, "temple": 0.0, "parking": 0.0, "junction": 0.0, "building": 0.0, "hotel": 0.0, "id_2": 4, "GHAT_NAME": "Maharishi Sant Balinath Ghat", "n": 1, "distance": 513.29367412579552, "Demand": 2.0, "Class": "Very Low" }, "geometry": { "type": "MultiPolygon", "coordinates": [ [ [ [ 578541.462564746616408, 2563908.865538750775158 ], [ 578591.462564746616408, 2563908.865538750775158 ], [ 578591.462564746616408, 2563858.865538750775158 ], [ 578541.462564746616408, 2563858.865538750775158 ], [ 578541.462564746616408, 2563908.865538750775158 ] ] ] ] } },
{ "type": "Feature", "properties": { "id": 1047.0, "temple": 0.0, "parking": 0.0, "junction": 2.0, "building": 0.0, "hotel": 0.0, "id_2": 4, "GHAT_NAME": "Maharishi Sant Balinath Ghat", "n": 1, "distance": 547.02972436803952, "Demand": 6.0, "Class": "Low" }, "geometry": { "type": "MultiPolygon", "coordinates": [ [ [ [ 578541.462564746616408, 2563858.865538750775158 ], [ 578591.462564746616408, 2563858.865538750775158 ], [ 578591.462564746616408, 2563808.865538750775158 ], [ 578541.462564746616408, 2563808.865538750775158 ], [ 578541.462564746616408, 2563858.865538750775158 ] ] ] ] } },
{ "type": "Feature", "properties": { "id": 1048.0, "temple": 0.0, "parking": 0.0, "junction": 1.0, "building": 0.0, "hotel": 0.0, "id_2": 4, "GHAT_NAME": "Maharishi Sant Balinath Ghat", "n": 1, "distance": 581.71994184381833, "Demand": 4.0, "Class": "Very Low" }, "geometry": { "type": "MultiPolygon", "coordinates": [ [ [ [ 578541.462564746616408, 2563808.865538750775158 ], [ 578591.462564746616408, 2563808.865538750775158 ], [ 578591.462564746616408, 2563758.865538750775158 ], [ 578541.462564746616408, 2563758.865538750775158 ], [ 578541.462564746616408, 2563808.865538750775158 ] ] ] ] } },
{ "type": "Feature", "properties": { "id": 1049.0, "temple": 0.0, "parking": 0.0, "junction": 0.0, "building": 0.0, "hotel": 0.0, "id_2": 4, "GHAT_NAME": "Maharishi Sant Balinath Ghat", "n": 1, "distance": 616.32994827510095, "Demand": 2.0, "Class": "Very Low" }, "geometry": { "type": "MultiPolygon", "coordinates": [ [ [ [ 578541.462564746616408, 2563758.865538750775158 ], [ 578591.462564746616408, 2563758.865538750775158 ], [ 578591.462564746616408, 2563708.865538750775158 ], [ 578541.462564746616408, 2563708.865538750775158 ], [ 578541.462564746616408, 2563758.865538750775158 ] ] ] ] } },
{ "type": "Feature", "properties": { "id": 1050.0, "temple": 0.0, "parking": 0.0, "junction": 0.0, "building": 0.0, "hotel": 0.0, "id_2": 4, "GHAT_NAME": "Maharishi Sant Balinath Ghat", "n": 1, "distance": 651.15437993158469, "Demand": 2.0, "Class": "Very Low" }, "geometry": { "type": "MultiPolygon", "coordinates": [ [ [ [ 578541.462564746616408, 2563708.865538750775158 ], [ 578591.462564746616408, 2563708.865538750775158 ], [ 578591.462564746616408, 2563658.865538750775158 ], [ 578541.462564746616408, 2563658.865538750775158 ], [ 578541.462564746616408, 2563708.865538750775158 ] ] ] ] } },
{ "type": "Feature", "properties": { "id": 1051.0, "temple": 0.0, "parking": 0.0, "junction": 0.0, "building": 0.0, "hotel": 0.0, "id_2": 4, "GHAT_NAME": "Maharishi Sant Balinath Ghat", "n": 1, "distance": 687.80372356095563, "Demand": 2.0, "Class": "Very Low" }, "geometry": { "type": "MultiPolygon", "coordinates": [ [ [ [ 578541.462564746616408, 2563658.865538750775158 ], [ 578591.462564746616408, 2563658.865538750775158 ], [ 578591.462564746616408, 2563608.865538750775158 ], [ 578541.462564746616408, 2563608.865538750775158 ], [ 578541.462564746616408, 2563658.865538750775158 ] ] ] ] } },
{ "type": "Feature", "properties": { "id": 1052.0, "temple": 0.0, "parking": 0.0, "junction": 0.0, "building": 0.0, "hotel": 0.0, "id_2": 4, "GHAT_NAME": "Maharishi Sant Balinath Ghat", "n": 1, "distance": 726.04813737419943, "Demand": 2.0, "Class": "Very Low" }, "geometry": { "type": "MultiPolygon", "coordinates": [ [ [ [ 578541.462564746616408, 2563608.865538750775158 ], [ 578591.462564746616408, 2563608.865538750775158 ], [ 578591.462564746616408, 2563558.865538750775158 ], [ 578541.462564746616408, 2563558.865538750775158 ], [ 578541.462564746616408, 2563608.865538750775158 ] ] ] ] } },
{ "type": "Feature", "properties": { "id": 1053.0, "temple": 0.0, "parking": 0.0, "junction": 0.0, "building": 0.0, "hotel": 0.0, "id_2": 4, "GHAT_NAME": "Maharishi Sant Balinath Ghat", "n": 1, "distance": 765.64863574930587, "Demand": 2.0, "Class": "Very Low" }, "geometry": { "type": "MultiPolygon", "coordinates": [ [ [ [ 578541.462564746616408, 2563558.865538750775158 ], [ 578591.462564746616408, 2563558.865538750775158 ], [ 578591.462564746616408, 2563508.865538750775158 ], [ 578541.462564746616408, 2563508.865538750775158 ], [ 578541.462564746616408, 2563558.865538750775158 ] ] ] ] } },
{ "type": "Feature", "properties": { "id": 1054.0, "temple": 0.0, "parking": 0.0, "junction": 1.0, "building": 0.0, "hotel": 0.0, "id_2": 4, "GHAT_NAME": "Maharishi Sant Balinath Ghat", "n": 1, "distance": 806.40546195136983, "Demand": 4.0, "Class": "Very Low" }, "geometry": { "type": "MultiPolygon", "coordinates": [ [ [ [ 578541.462564746616408, 2563508.865538750775158 ], [ 578591.462564746616408, 2563508.865538750775158 ], [ 578591.462564746616408, 2563458.865538750775158 ], [ 578541.462564746616408, 2563458.865538750775158 ], [ 578541.462564746616408, 2563508.865538750775158 ] ] ] ] } },
{ "type": "Feature", "properties": { "id": 1055.0, "temple": 0.0, "parking": 0.0, "junction": 0.0, "building": 0.0, "hotel": 0.0, "id_2": 4, "GHAT_NAME": "Maharishi Sant Balinath Ghat", "n": 1, "distance": 848.15193491804939, "Demand": 2.0, "Class": "Very Low" }, "geometry": { "type": "MultiPolygon", "coordinates": [ [ [ [ 578541.462564746616408, 2563458.865538750775158 ], [ 578591.462564746616408, 2563458.865538750775158 ], [ 578591.462564746616408, 2563408.865538750775158 ], [ 578541.462564746616408, 2563408.865538750775158 ], [ 578541.462564746616408, 2563458.865538750775158 ] ] ] ] } },
{ "type": "Feature", "properties": { "id": 1056.0, "temple": 0.0, "parking": 0.0, "junction": 0.0, "building": 0.0, "hotel": 0.0, "id_2": 4, "GHAT_NAME": "Maharishi Sant Balinath Ghat", "n": 1, "distance": 890.7489210464754, "Demand": 2.0, "Class": "Very Low" }, "geometry": { "type": "MultiPolygon", "coordinates": [ [ [ [ 578541.462564746616408, 2563389.978266991209239 ], [ 578541.462564746616408, 2563408.865538750775158 ], [ 578591.462564746616408, 2563408.865538750775158 ], [ 578591.462564746616408, 2563398.815647289622575 ], [ 578541.462564746616408, 2563389.978266991209239 ] ] ] ] } },
{ "type": "Feature", "properties": { "id": 1057.0, "temple": 0.0, "parking": 0.0, "junction": 0.0, "building": 0.0, "hotel": 0.0, "id_2": 10, "GHAT_NAME": "Chakra Tirth Ghat", "n": 1, "distance": 516.78846494989682, "Demand": 2.0, "Class": "Very Low" }, "geometry": { "type": "MultiPolygon", "coordinates": [ [ [ [ 578641.462564746616408, 2565518.623969886917621 ], [ 578641.462564746616408, 2565508.865538750775158 ], [ 578591.462564746616408, 2565508.865538750775158 ], [ 578591.462564746616408, 2565526.91956138657406 ], [ 578641.462564746616408, 2565518.623969886917621 ] ] ] ] } },
{ "type": "Feature", "properties": { "id": 1058.0, "temple": 0.0, "parking": 0.0, "junction": 0.0, "building": 0.0, "hotel": 0.0, "id_2": 10, "GHAT_NAME": "Chakra Tirth Ghat", "n": 1, "distance": 493.06582825943633, "Demand": 6.0, "Class": "Low" }, "geometry": { "type": "MultiPolygon", "coordinates": [ [ [ [ 578591.462564746616408, 2565508.865538750775158 ], [ 578641.462564746616408, 2565508.865538750775158 ], [ 578641.462564746616408, 2565458.865538750775158 ], [ 578591.462564746616408, 2565458.865538750775158 ], [ 578591.462564746616408, 2565508.865538750775158 ] ] ] ] } },
{ "type": "Feature", "properties": { "id": 1059.0, "temple": 0.0, "parking": 0.0, "junction": 0.0, "building": 0.0, "hotel": 0.0, "id_2": 10, "GHAT_NAME": "Chakra Tirth Ghat", "n": 1, "distance": 473.45274789471569, "Demand": 6.0, "Class": "Low" }, "geometry": { "type": "MultiPolygon", "coordinates": [ [ [ [ 578591.462564746616408, 2565458.865538750775158 ], [ 578641.462564746616408, 2565458.865538750775158 ], [ 578641.462564746616408, 2565408.865538750775158 ], [ 578591.462564746616408, 2565408.865538750775158 ], [ 578591.462564746616408, 2565458.865538750775158 ] ] ] ] } },
{ "type": "Feature", "properties": { "id": 1060.0, "temple": 0.0, "parking": 0.0, "junction": 0.0, "building": 0.0, "hotel": 0.0, "id_2": 10, "GHAT_NAME": "Chakra Tirth Ghat", "n": 1, "distance": 458.47693287770812, "Demand": 6.0, "Class": "Low" }, "geometry": { "type": "MultiPolygon", "coordinates": [ [ [ [ 578591.462564746616408, 2565408.865538750775158 ], [ 578641.462564746616408, 2565408.865538750775158 ], [ 578641.462564746616408, 2565358.865538750775158 ], [ 578591.462564746616408, 2565358.865538750775158 ], [ 578591.462564746616408, 2565408.865538750775158 ] ] ] ] } },
{ "type": "Feature", "properties": { "id": 1061.0, "temple": 0.0, "parking": 0.0, "junction": 0.0, "building": 0.0, "hotel": 0.0, "id_2": 10, "GHAT_NAME": "Chakra Tirth Ghat", "n": 1, "distance": 445.9249361658633, "Demand": 6.0, "Class": "Low" }, "geometry": { "type": "MultiPolygon", "coordinates": [ [ [ [ 578591.462564746616408, 2565358.865538750775158 ], [ 578641.462564746616408, 2565358.865538750775158 ], [ 578641.462564746616408, 2565308.865538750775158 ], [ 578591.462564746616408, 2565308.865538750775158 ], [ 578591.462564746616408, 2565358.865538750775158 ] ] ] ] } },
{ "type": "Feature", "properties": { "id": 1062.0, "temple": 0.0, "parking": 0.0, "junction": 0.0, "building": 4.0, "hotel": 0.0, "id_2": 10, "GHAT_NAME": "Chakra Tirth Ghat", "n": 1, "distance": 433.50444737269953, "Demand": 10.0, "Class": "Low" }, "geometry": { "type": "MultiPolygon", "coordinates": [ [ [ [ 578591.462564746616408, 2565308.865538750775158 ], [ 578641.462564746616408, 2565308.865538750775158 ], [ 578641.462564746616408, 2565258.865538750775158 ], [ 578591.462564746616408, 2565258.865538750775158 ], [ 578591.462564746616408, 2565308.865538750775158 ] ] ] ] } },
{ "type": "Feature", "properties": { "id": 1063.0, "temple": 0.0, "parking": 0.0, "junction": 0.0, "building": 7.0, "hotel": 0.0, "id_2": 10, "GHAT_NAME": "Chakra Tirth Ghat", "n": 1, "distance": 421.05286515365179, "Demand": 13.0, "Class": "Moderate" }, "geometry": { "type": "MultiPolygon", "coordinates": [ [ [ [ 578591.462564746616408, 2565258.865538750775158 ], [ 578641.462564746616408, 2565258.865538750775158 ], [ 578641.462564746616408, 2565208.865538750775158 ], [ 578591.462564746616408, 2565208.865538750775158 ], [ 578591.462564746616408, 2565258.865538750775158 ] ] ] ] } },
{ "type": "Feature", "properties": { "id": 1064.0, "temple": 0.0, "parking": 0.0, "junction": 0.0, "building": 10.0, "hotel": 0.0, "id_2": 10, "GHAT_NAME": "Chakra Tirth Ghat", "n": 1, "distance": 407.76664635905928, "Demand": 16.0, "Class": "High" }, "geometry": { "type": "MultiPolygon", "coordinates": [ [ [ [ 578591.462564746616408, 2565208.865538750775158 ], [ 578641.462564746616408, 2565208.865538750775158 ], [ 578641.462564746616408, 2565158.865538750775158 ], [ 578591.462564746616408, 2565158.865538750775158 ], [ 578591.462564746616408, 2565208.865538750775158 ] ] ] ] } },
{ "type": "Feature", "properties": { "id": 1065.0, "temple": 0.0, "parking": 0.0, "junction": 0.0, "building": 2.0, "hotel": 0.0, "id_2": 10, "GHAT_NAME": "Chakra Tirth Ghat", "n": 1, "distance": 394.38703958672011, "Demand": 8.0, "Class": "Low" }, "geometry": { "type": "MultiPolygon", "coordinates": [ [ [ [ 578591.462564746616408, 2565158.865538750775158 ], [ 578641.462564746616408, 2565158.865538750775158 ], [ 578641.462564746616408, 2565108.865538750775158 ], [ 578591.462564746616408, 2565108.865538750775158 ], [ 578591.462564746616408, 2565158.865538750775158 ] ] ] ] } },
{ "type": "Feature", "properties": { "id": 1066.0, "temple": 0.0, "parking": 0.0, "junction": 1.0, "building": 1.0, "hotel": 0.0, "id_2": 10, "GHAT_NAME": "Chakra Tirth Ghat", "n": 1, "distance": 381.17626607572663, "Demand": 9.0, "Class": "Low" }, "geometry": { "type": "MultiPolygon", "coordinates": [ [ [ [ 578591.462564746616408, 2565108.865538750775158 ], [ 578641.462564746616408, 2565108.865538750775158 ], [ 578641.462564746616408, 2565058.865538750775158 ], [ 578591.462564746616408, 2565058.865538750775158 ], [ 578591.462564746616408, 2565108.865538750775158 ] ] ] ] } },
{ "type": "Feature", "properties": { "id": 1067.0, "temple": 0.0, "parking": 0.0, "junction": 0.0, "building": 4.0, "hotel": 0.0, "id_2": 8, "GHAT_NAME": "Sumeru Ghat", "n": 1, "distance": 367.28203398609537, "Demand": 10.0, "Class": "Low" }, "geometry": { "type": "MultiPolygon", "coordinates": [ [ [ [ 578591.462564746616408, 2565058.865538750775158 ], [ 578641.462564746616408, 2565058.865538750775158 ], [ 578641.462564746616408, 2565008.865538750775158 ], [ 578591.462564746616408, 2565008.865538750775158 ], [ 578591.462564746616408, 2565058.865538750775158 ] ] ] ] } },
{ "type": "Feature", "properties": { "id": 1068.0, "temple": 0.0, "parking": 0.0, "junction": 1.0, "building": 2.0, "hotel": 0.0, "id_2": 8, "GHAT_NAME": "Sumeru Ghat", "n": 1, "distance": 355.97247936180179, "Demand": 10.0, "Class": "Low" }, "geometry": { "type": "MultiPolygon", "coordinates": [ [ [ [ 578591.462564746616408, 2565008.865538750775158 ], [ 578641.462564746616408, 2565008.865538750775158 ], [ 578641.462564746616408, 2564958.865538750775158 ], [ 578591.462564746616408, 2564958.865538750775158 ], [ 578591.462564746616408, 2565008.865538750775158 ] ] ] ] } },
{ "type": "Feature", "properties": { "id": 1069.0, "temple": 0.0, "parking": 0.0, "junction": 0.0, "building": 12.0, "hotel": 0.0, "id_2": 8, "GHAT_NAME": "Sumeru Ghat", "n": 1, "distance": 344.76031080614734, "Demand": 18.0, "Class": "High" }, "geometry": { "type": "MultiPolygon", "coordinates": [ [ [ [ 578591.462564746616408, 2564958.865538750775158 ], [ 578641.462564746616408, 2564958.865538750775158 ], [ 578641.462564746616408, 2564908.865538750775158 ], [ 578591.462564746616408, 2564908.865538750775158 ], [ 578591.462564746616408, 2564958.865538750775158 ] ] ] ] } },
{ "type": "Feature", "properties": { "id": 1070.0, "temple": 0.0, "parking": 0.0, "junction": 2.0, "building": 10.0, "hotel": 0.0, "id_2": 8, "GHAT_NAME": "Sumeru Ghat", "n": 1, "distance": 330.55592459546006, "Demand": 20.0, "Class": "High" }, "geometry": { "type": "MultiPolygon", "coordinates": [ [ [ [ 578591.462564746616408, 2564908.865538750775158 ], [ 578641.462564746616408, 2564908.865538750775158 ], [ 578641.462564746616408, 2564858.865538750775158 ], [ 578591.462564746616408, 2564858.865538750775158 ], [ 578591.462564746616408, 2564908.865538750775158 ] ] ] ] } },
{ "type": "Feature", "properties": { "id": 1071.0, "temple": 0.0, "parking": 0.0, "junction": 0.0, "building": 10.0, "hotel": 0.0, "id_2": 8, "GHAT_NAME": "Sumeru Ghat", "n": 1, "distance": 321.10745215115702, "Demand": 16.0, "Class": "High" }, "geometry": { "type": "MultiPolygon", "coordinates": [ [ [ [ 578591.462564746616408, 2564858.865538750775158 ], [ 578641.462564746616408, 2564858.865538750775158 ], [ 578641.462564746616408, 2564808.865538750775158 ], [ 578591.462564746616408, 2564808.865538750775158 ], [ 578591.462564746616408, 2564858.865538750775158 ] ] ] ] } },
{ "type": "Feature", "properties": { "id": 1072.0, "temple": 0.0, "parking": 0.0, "junction": 0.0, "building": 6.0, "hotel": 2.0, "id_2": 8, "GHAT_NAME": "Sumeru Ghat", "n": 1, "distance": 314.17851140506366, "Demand": 16.0, "Class": "High" }, "geometry": { "type": "MultiPolygon", "coordinates": [ [ [ [ 578591.462564746616408, 2564808.865538750775158 ], [ 578641.462564746616408, 2564808.865538750775158 ], [ 578641.462564746616408, 2564758.865538750775158 ], [ 578591.462564746616408, 2564758.865538750775158 ], [ 578591.462564746616408, 2564808.865538750775158 ] ] ] ] } },
{ "type": "Feature", "properties": { "id": 1073.0, "temple": 0.0, "parking": 0.0, "junction": 0.0, "building": 4.0, "hotel": 3.0, "id_2": 9, "GHAT_NAME": "Ram Ghat", "n": 1, "distance": 306.07867696451387, "Demand": 16.0, "Class": "High" }, "geometry": { "type": "MultiPolygon", "coordinates": [ [ [ [ 578591.462564746616408, 2564758.865538750775158 ], [ 578641.462564746616408, 2564758.865538750775158 ], [ 578641.462564746616408, 2564708.865538750775158 ], [ 578591.462564746616408, 2564708.865538750775158 ], [ 578591.462564746616408, 2564758.865538750775158 ] ] ] ] } },
{ "type": "Feature", "properties": { "id": 1074.0, "temple": 0.0, "parking": 0.0, "junction": 0.0, "building": 4.0, "hotel": 0.0, "id_2": 9, "GHAT_NAME": "Ram Ghat", "n": 1, "distance": 301.50727752708627, "Demand": 10.0, "Class": "Low" }, "geometry": { "type": "MultiPolygon", "coordinates": [ [ [ [ 578591.462564746616408, 2564708.865538750775158 ], [ 578641.462564746616408, 2564708.865538750775158 ], [ 578641.462564746616408, 2564658.865538750775158 ], [ 578591.462564746616408, 2564658.865538750775158 ], [ 578591.462564746616408, 2564708.865538750775158 ] ] ] ] } },
{ "type": "Feature", "properties": { "id": 1075.0, "temple": 0.0, "parking": 0.0, "junction": 0.0, "building": 1.0, "hotel": 0.0, "id_2": 9, "GHAT_NAME": "Ram Ghat", "n": 1, "distance": 301.11320444615558, "Demand": 7.0, "Class": "Low" }, "geometry": { "type": "MultiPolygon", "coordinates": [ [ [ [ 578591.462564746616408, 2564658.865538750775158 ], [ 578641.462564746616408, 2564658.865538750775158 ], [ 578641.462564746616408, 2564608.865538750775158 ], [ 578591.462564746616408, 2564608.865538750775158 ], [ 578591.462564746616408, 2564658.865538750775158 ] ] ] ] } },
{ "type": "Feature", "properties": { "id": 1076.0, "temple": 0.0, "parking": 0.0, "junction": 2.0, "building": 2.0, "hotel": 0.0, "id_2": 9, "GHAT_NAME": "Ram Ghat", "n": 1, "distance": 302.72679959474044, "Demand": 12.0, "Class": "Moderate" }, "geometry": { "type": "MultiPolygon", "coordinates": [ [ [ [ 578591.462564746616408, 2564608.865538750775158 ], [ 578641.462564746616408, 2564608.865538750775158 ], [ 578641.462564746616408, 2564558.865538750775158 ], [ 578591.462564746616408, 2564558.865538750775158 ], [ 578591.462564746616408, 2564608.865538750775158 ] ] ] ] } },
{ "type": "Feature", "properties": { "id": 1077.0, "temple": 1.0, "parking": 0.0, "junction": 1.0, "building": 3.0, "hotel": 3.0, "id_2": 9, "GHAT_NAME": "Ram Ghat", "n": 1, "distance": 306.52755042239676, "Demand": 22.0, "Class": "Very High" }, "geometry": { "type": "MultiPolygon", "coordinates": [ [ [ [ 578591.462564746616408, 2564558.865538750775158 ], [ 578641.462564746616408, 2564558.865538750775158 ], [ 578641.462564746616408, 2564508.865538750775158 ], [ 578591.462564746616408, 2564508.865538750775158 ], [ 578591.462564746616408, 2564558.865538750775158 ] ] ] ] } },
{ "type": "Feature", "properties": { "id": 1078.0, "temple": 0.0, "parking": 0.0, "junction": 1.0, "building": 3.0, "hotel": 3.0, "id_2": 9, "GHAT_NAME": "Ram Ghat", "n": 1, "distance": 317.8864450495426, "Demand": 17.0, "Class": "High" }, "geometry": { "type": "MultiPolygon", "coordinates": [ [ [ [ 578591.462564746616408, 2564508.865538750775158 ], [ 578641.462564746616408, 2564508.865538750775158 ], [ 578641.462564746616408, 2564458.865538750775158 ], [ 578591.462564746616408, 2564458.865538750775158 ], [ 578591.462564746616408, 2564508.865538750775158 ] ] ] ] } },
{ "type": "Feature", "properties": { "id": 1079.0, "temple": 0.0, "parking": 0.0, "junction": 0.0, "building": 3.0, "hotel": 4.0, "id_2": 9, "GHAT_NAME": "Ram Ghat", "n": 1, "distance": 327.68490201441324, "Demand": 17.0, "Class": "High" }, "geometry": { "type": "MultiPolygon", "coordinates": [ [ [ [ 578591.462564746616408, 2564458.865538750775158 ], [ 578641.462564746616408, 2564458.865538750775158 ], [ 578641.462564746616408, 2564408.865538750775158 ], [ 578591.462564746616408, 2564408.865538750775158 ], [ 578591.462564746616408, 2564458.865538750775158 ] ] ] ] } },
{ "type": "Feature", "properties": { "id": 1080.0, "temple": 0.0, "parking": 0.0, "junction": 0.0, "building": 2.0, "hotel": 2.0, "id_2": 9, "GHAT_NAME": "Ram Ghat", "n": 1, "distance": 340.75369541377859, "Demand": 12.0, "Class": "Moderate" }, "geometry": { "type": "MultiPolygon", "coordinates": [ [ [ [ 578591.462564746616408, 2564408.865538750775158 ], [ 578641.462564746616408, 2564408.865538750775158 ], [ 578641.462564746616408, 2564358.865538750775158 ], [ 578591.462564746616408, 2564358.865538750775158 ], [ 578591.462564746616408, 2564408.865538750775158 ] ] ] ] } },
{ "type": "Feature", "properties": { "id": 1081.0, "temple": 0.0, "parking": 0.0, "junction": 0.0, "building": 4.0, "hotel": 1.0, "id_2": 9, "GHAT_NAME": "Ram Ghat", "n": 1, "distance": 357.31850119871677, "Demand": 12.0, "Class": "Moderate" }, "geometry": { "type": "MultiPolygon", "coordinates": [ [ [ [ 578591.462564746616408, 2564358.865538750775158 ], [ 578641.462564746616408, 2564358.865538750775158 ], [ 578641.462564746616408, 2564308.865538750775158 ], [ 578591.462564746616408, 2564308.865538750775158 ], [ 578591.462564746616408, 2564358.865538750775158 ] ] ] ] } },
{ "type": "Feature", "properties": { "id": 1082.0, "temple": 0.0, "parking": 0.0, "junction": 0.0, "building": 1.0, "hotel": 4.0, "id_2": 9, "GHAT_NAME": "Ram Ghat", "n": 1, "distance": 370.98527720819982, "Demand": 15.0, "Class": "Moderate" }, "geometry": { "type": "MultiPolygon", "coordinates": [ [ [ [ 578591.462564746616408, 2564308.865538750775158 ], [ 578641.462564746616408, 2564308.865538750775158 ], [ 578641.462564746616408, 2564258.865538750775158 ], [ 578591.462564746616408, 2564258.865538750775158 ], [ 578591.462564746616408, 2564308.865538750775158 ] ] ] ] } },
{ "type": "Feature", "properties": { "id": 1083.0, "temple": 0.0, "parking": 0.0, "junction": 1.0, "building": 2.0, "hotel": 3.0, "id_2": 9, "GHAT_NAME": "Ram Ghat", "n": 1, "distance": 381.60264913189195, "Demand": 16.0, "Class": "High" }, "geometry": { "type": "MultiPolygon", "coordinates": [ [ [ [ 578591.462564746616408, 2564258.865538750775158 ], [ 578641.462564746616408, 2564258.865538750775158 ], [ 578641.462564746616408, 2564208.865538750775158 ], [ 578591.462564746616408, 2564208.865538750775158 ], [ 578591.462564746616408, 2564258.865538750775158 ] ] ] ] } },
{ "type": "Feature", "properties": { "id": 1084.0, "temple": 0.0, "parking": 0.0, "junction": 0.0, "building": 0.0, "hotel": 1.0, "id_2": 9, "GHAT_NAME": "Ram Ghat", "n": 1, "distance": 396.79948562740037, "Demand": 8.0, "Class": "Low" }, "geometry": { "type": "MultiPolygon", "coordinates": [ [ [ [ 578591.462564746616408, 2564208.865538750775158 ], [ 578641.462564746616408, 2564208.865538750775158 ], [ 578641.462564746616408, 2564158.865538750775158 ], [ 578591.462564746616408, 2564158.865538750775158 ], [ 578591.462564746616408, 2564208.865538750775158 ] ] ] ] } },
{ "type": "Feature", "properties": { "id": 1085.0, "temple": 0.0, "parking": 0.0, "junction": 0.0, "building": 2.0, "hotel": 0.0, "id_2": 9, "GHAT_NAME": "Ram Ghat", "n": 1, "distance": 414.80356405463868, "Demand": 8.0, "Class": "Low" }, "geometry": { "type": "MultiPolygon", "coordinates": [ [ [ [ 578591.462564746616408, 2564158.865538750775158 ], [ 578641.462564746616408, 2564158.865538750775158 ], [ 578641.462564746616408, 2564108.865538750775158 ], [ 578591.462564746616408, 2564108.865538750775158 ], [ 578591.462564746616408, 2564158.865538750775158 ] ] ] ] } },
{ "type": "Feature", "properties": { "id": 1086.0, "temple": 0.0, "parking": 0.0, "junction": 0.0, "building": 1.0, "hotel": 0.0, "id_2": 9, "GHAT_NAME": "Ram Ghat", "n": 1, "distance": 437.80089991160764, "Demand": 7.0, "Class": "Low" }, "geometry": { "type": "MultiPolygon", "coordinates": [ [ [ [ 578591.462564746616408, 2564108.865538750775158 ], [ 578641.462564746616408, 2564108.865538750775158 ], [ 578641.462564746616408, 2564058.865538750775158 ], [ 578591.462564746616408, 2564058.865538750775158 ], [ 578591.462564746616408, 2564108.865538750775158 ] ] ] ] } },
{ "type": "Feature", "properties": { "id": 1087.0, "temple": 0.0, "parking": 0.0, "junction": 0.0, "building": 0.0, "hotel": 0.0, "id_2": 9, "GHAT_NAME": "Ram Ghat", "n": 1, "distance": 465.05618926576636, "Demand": 6.0, "Class": "Low" }, "geometry": { "type": "MultiPolygon", "coordinates": [ [ [ [ 578591.462564746616408, 2564058.865538750775158 ], [ 578641.462564746616408, 2564058.865538750775158 ], [ 578641.462564746616408, 2564008.865538750775158 ], [ 578591.462564746616408, 2564008.865538750775158 ], [ 578591.462564746616408, 2564058.865538750775158 ] ] ] ] } },
{ "type": "Feature", "properties": { "id": 1088.0, "temple": 3.0, "parking": 0.0, "junction": 0.0, "building": 0.0, "hotel": 0.0, "id_2": 9, "GHAT_NAME": "Ram Ghat", "n": 1, "distance": 495.86781543610908, "Demand": 21.0, "Class": "High" }, "geometry": { "type": "MultiPolygon", "coordinates": [ [ [ [ 578591.462564746616408, 2564008.865538750775158 ], [ 578641.462564746616408, 2564008.865538750775158 ], [ 578641.462564746616408, 2563958.865538750775158 ], [ 578591.462564746616408, 2563958.865538750775158 ], [ 578591.462564746616408, 2564008.865538750775158 ] ] ] ] } },
{ "type": "Feature", "properties": { "id": 1089.0, "temple": 4.0, "parking": 0.0, "junction": 0.0, "building": 0.0, "hotel": 0.0, "id_2": 4, "GHAT_NAME": "Maharishi Sant Balinath Ghat", "n": 1, "distance": 523.72277008909793, "Demand": 22.0, "Class": "Very High" }, "geometry": { "type": "MultiPolygon", "coordinates": [ [ [ [ 578591.462564746616408, 2563958.865538750775158 ], [ 578641.462564746616408, 2563958.865538750775158 ], [ 578641.462564746616408, 2563908.865538750775158 ], [ 578591.462564746616408, 2563908.865538750775158 ], [ 578591.462564746616408, 2563958.865538750775158 ] ] ] ] } },
{ "type": "Feature", "properties": { "id": 1090.0, "temple": 0.0, "parking": 0.0, "junction": 1.0, "building": 0.0, "hotel": 0.0, "id_2": 4, "GHAT_NAME": "Maharishi Sant Balinath Ghat", "n": 1, "distance": 552.31934906755987, "Demand": 4.0, "Class": "Very Low" }, "geometry": { "type": "MultiPolygon", "coordinates": [ [ [ [ 578591.462564746616408, 2563908.865538750775158 ], [ 578641.462564746616408, 2563908.865538750775158 ], [ 578641.462564746616408, 2563858.865538750775158 ], [ 578591.462564746616408, 2563858.865538750775158 ], [ 578591.462564746616408, 2563908.865538750775158 ] ] ] ] } },
{ "type": "Feature", "properties": { "id": 1091.0, "temple": 0.0, "parking": 0.0, "junction": 0.0, "building": 2.0, "hotel": 0.0, "id_2": 4, "GHAT_NAME": "Maharishi Sant Balinath Ghat", "n": 1, "distance": 583.80457928918986, "Demand": 4.0, "Class": "Very Low" }, "geometry": { "type": "MultiPolygon", "coordinates": [ [ [ [ 578591.462564746616408, 2563858.865538750775158 ], [ 578641.462564746616408, 2563858.865538750775158 ], [ 578641.462564746616408, 2563808.865538750775158 ], [ 578591.462564746616408, 2563808.865538750775158 ], [ 578591.462564746616408, 2563858.865538750775158 ] ] ] ] } },
{ "type": "Feature", "properties": { "id": 1092.0, "temple": 0.0, "parking": 0.0, "junction": 1.0, "building": 0.0, "hotel": 0.0, "id_2": 4, "GHAT_NAME": "Maharishi Sant Balinath Ghat", "n": 1, "distance": 617.73692640447109, "Demand": 4.0, "Class": "Very Low" }, "geometry": { "type": "MultiPolygon", "coordinates": [ [ [ [ 578591.462564746616408, 2563808.865538750775158 ], [ 578641.462564746616408, 2563808.865538750775158 ], [ 578641.462564746616408, 2563758.865538750775158 ], [ 578591.462564746616408, 2563758.865538750775158 ], [ 578591.462564746616408, 2563808.865538750775158 ] ] ] ] } },
{ "type": "Feature", "properties": { "id": 1093.0, "temple": 0.0, "parking": 0.0, "junction": 0.0, "building": 0.0, "hotel": 0.0, "id_2": 4, "GHAT_NAME": "Maharishi Sant Balinath Ghat", "n": 1, "distance": 652.4207889863967, "Demand": 2.0, "Class": "Very Low" }, "geometry": { "type": "MultiPolygon", "coordinates": [ [ [ [ 578591.462564746616408, 2563758.865538750775158 ], [ 578641.462564746616408, 2563758.865538750775158 ], [ 578641.462564746616408, 2563708.865538750775158 ], [ 578591.462564746616408, 2563708.865538750775158 ], [ 578591.462564746616408, 2563758.865538750775158 ] ] ] ] } },
{ "type": "Feature", "properties": { "id": 1094.0, "temple": 0.0, "parking": 0.0, "junction": 0.0, "building": 0.0, "hotel": 0.0, "id_2": 4, "GHAT_NAME": "Maharishi Sant Balinath Ghat", "n": 1, "distance": 687.00475641539765, "Demand": 2.0, "Class": "Very Low" }, "geometry": { "type": "MultiPolygon", "coordinates": [ [ [ [ 578591.462564746616408, 2563708.865538750775158 ], [ 578641.462564746616408, 2563708.865538750775158 ], [ 578641.462564746616408, 2563658.865538750775158 ], [ 578591.462564746616408, 2563658.865538750775158 ], [ 578591.462564746616408, 2563708.865538750775158 ] ] ] ] } },
{ "type": "Feature", "properties": { "id": 1095.0, "temple": 0.0, "parking": 0.0, "junction": 0.0, "building": 0.0, "hotel": 0.0, "id_2": 4, "GHAT_NAME": "Maharishi Sant Balinath Ghat", "n": 1, "distance": 721.86080930312255, "Demand": 2.0, "Class": "Very Low" }, "geometry": { "type": "MultiPolygon", "coordinates": [ [ [ [ 578591.462564746616408, 2563658.865538750775158 ], [ 578641.462564746616408, 2563658.865538750775158 ], [ 578641.462564746616408, 2563608.865538750775158 ], [ 578591.462564746616408, 2563608.865538750775158 ], [ 578591.462564746616408, 2563658.865538750775158 ] ] ] ] } },
{ "type": "Feature", "properties": { "id": 1096.0, "temple": 0.0, "parking": 0.0, "junction": 0.0, "building": 0.0, "hotel": 0.0, "id_2": 4, "GHAT_NAME": "Maharishi Sant Balinath Ghat", "n": 1, "distance": 758.3897175252232, "Demand": 2.0, "Class": "Very Low" }, "geometry": { "type": "MultiPolygon", "coordinates": [ [ [ [ 578591.462564746616408, 2563608.865538750775158 ], [ 578641.462564746616408, 2563608.865538750775158 ], [ 578641.462564746616408, 2563558.865538750775158 ], [ 578591.462564746616408, 2563558.865538750775158 ], [ 578591.462564746616408, 2563608.865538750775158 ] ] ] ] } },
{ "type": "Feature", "properties": { "id": 1097.0, "temple": 0.0, "parking": 0.0, "junction": 0.0, "building": 0.0, "hotel": 0.0, "id_2": 4, "GHAT_NAME": "Maharishi Sant Balinath Ghat", "n": 1, "distance": 796.38363825998886, "Demand": 2.0, "Class": "Very Low" }, "geometry": { "type": "MultiPolygon", "coordinates": [ [ [ [ 578591.462564746616408, 2563558.865538750775158 ], [ 578641.462564746616408, 2563558.865538750775158 ], [ 578641.462564746616408, 2563508.865538750775158 ], [ 578591.462564746616408, 2563508.865538750775158 ], [ 578591.462564746616408, 2563558.865538750775158 ] ] ] ] } },
{ "type": "Feature", "properties": { "id": 1098.0, "temple": 0.0, "parking": 0.0, "junction": 0.0, "building": 0.0, "hotel": 0.0, "id_2": 4, "GHAT_NAME": "Maharishi Sant Balinath Ghat", "n": 1, "distance": 835.6427675319436, "Demand": 2.0, "Class": "Very Low" }, "geometry": { "type": "MultiPolygon", "coordinates": [ [ [ [ 578591.462564746616408, 2563508.865538750775158 ], [ 578641.462564746616408, 2563508.865538750775158 ], [ 578641.462564746616408, 2563458.865538750775158 ], [ 578591.462564746616408, 2563458.865538750775158 ], [ 578591.462564746616408, 2563508.865538750775158 ] ] ] ] } },
{ "type": "Feature", "properties": { "id": 1099.0, "temple": 0.0, "parking": 0.0, "junction": 0.0, "building": 0.0, "hotel": 0.0, "id_2": 4, "GHAT_NAME": "Maharishi Sant Balinath Ghat", "n": 1, "distance": 875.99701515968343, "Demand": 2.0, "Class": "Very Low" }, "geometry": { "type": "MultiPolygon", "coordinates": [ [ [ [ 578591.462564746616408, 2563458.865538750775158 ], [ 578641.462564746616408, 2563458.865538750775158 ], [ 578641.462564746616408, 2563408.865538750775158 ], [ 578591.462564746616408, 2563408.865538750775158 ], [ 578591.462564746616408, 2563458.865538750775158 ] ] ] ] } },
{ "type": "Feature", "properties": { "id": 1100.0, "temple": 0.0, "parking": 0.0, "junction": 0.0, "building": 0.0, "hotel": 0.0, "id_2": 4, "GHAT_NAME": "Maharishi Sant Balinath Ghat", "n": 1, "distance": 917.30186209824274, "Demand": 2.0, "Class": "Very Low" }, "geometry": { "type": "MultiPolygon", "coordinates": [ [ [ [ 578591.462564746616408, 2563398.815647289622575 ], [ 578591.462564746616408, 2563408.865538750775158 ], [ 578641.462564746616408, 2563408.865538750775158 ], [ 578641.462564746616408, 2563407.653027588501573 ], [ 578591.462564746616408, 2563398.815647289622575 ] ] ] ] } },
{ "type": "Feature", "properties": { "id": 1101.0, "temple": 0.0, "parking": 0.0, "junction": 0.0, "building": 1.0, "hotel": 0.0, "id_2": 10, "GHAT_NAME": "Chakra Tirth Ghat", "n": 1, "distance": 560.32453071075224, "Demand": 3.0, "Class": "Very Low" }, "geometry": { "type": "MultiPolygon", "coordinates": [ [ [ [ 578691.462564746616408, 2565510.328378387726843 ], [ 578691.462564746616408, 2565508.865538750775158 ], [ 578641.462564746616408, 2565508.865538750775158 ], [ 578641.462564746616408, 2565518.623969886917621 ], [ 578691.462564746616408, 2565510.328378387726843 ] ] ] ] } },
{ "type": "Feature", "properties": { "id": 1102.0, "temple": 0.0, "parking": 0.0, "junction": 0.0, "building": 0.0, "hotel": 0.0, "id_2": 10, "GHAT_NAME": "Chakra Tirth Ghat", "n": 1, "distance": 538.52314082880218, "Demand": 2.0, "Class": "Very Low" }, "geometry": { "type": "MultiPolygon", "coordinates": [ [ [ [ 578641.462564746616408, 2565508.865538750775158 ], [ 578691.462564746616408, 2565508.865538750775158 ], [ 578691.462564746616408, 2565458.865538750775158 ], [ 578641.462564746616408, 2565458.865538750775158 ], [ 578641.462564746616408, 2565508.865538750775158 ] ] ] ] } },
{ "type": "Feature", "properties": { "id": 1103.0, "temple": 0.0, "parking": 0.0, "junction": 0.0, "building": 0.0, "hotel": 0.0, "id_2": 10, "GHAT_NAME": "Chakra Tirth Ghat", "n": 1, "distance": 520.62536117635602, "Demand": 2.0, "Class": "Very Low" }, "geometry": { "type": "MultiPolygon", "coordinates": [ [ [ [ 578641.462564746616408, 2565458.865538750775158 ], [ 578691.462564746616408, 2565458.865538750775158 ], [ 578691.462564746616408, 2565408.865538750775158 ], [ 578641.462564746616408, 2565408.865538750775158 ], [ 578641.462564746616408, 2565458.865538750775158 ] ] ] ] } },
{ "type": "Feature", "properties": { "id": 1104.0, "temple": 0.0, "parking": 0.0, "junction": 0.0, "building": 0.0, "hotel": 0.0, "id_2": 10, "GHAT_NAME": "Chakra Tirth Ghat", "n": 1, "distance": 507.04473194374526, "Demand": 2.0, "Class": "Very Low" }, "geometry": { "type": "MultiPolygon", "coordinates": [ [ [ [ 578641.462564746616408, 2565408.865538750775158 ], [ 578691.462564746616408, 2565408.865538750775158 ], [ 578691.462564746616408, 2565358.865538750775158 ], [ 578641.462564746616408, 2565358.865538750775158 ], [ 578641.462564746616408, 2565408.865538750775158 ] ] ] ] } },
{ "type": "Feature", "properties": { "id": 1105.0, "temple": 0.0, "parking": 0.0, "junction": 0.0, "building": 0.0, "hotel": 0.0, "id_2": 10, "GHAT_NAME": "Chakra Tirth Ghat", "n": 1, "distance": 493.87556476597922, "Demand": 6.0, "Class": "Low" }, "geometry": { "type": "MultiPolygon", "coordinates": [ [ [ [ 578641.462564746616408, 2565358.865538750775158 ], [ 578691.462564746616408, 2565358.865538750775158 ], [ 578691.462564746616408, 2565308.865538750775158 ], [ 578641.462564746616408, 2565308.865538750775158 ], [ 578641.462564746616408, 2565358.865538750775158 ] ] ] ] } },
{ "type": "Feature", "properties": { "id": 1106.0, "temple": 0.0, "parking": 0.0, "junction": 1.0, "building": 7.0, "hotel": 0.0, "id_2": 10, "GHAT_NAME": "Chakra Tirth Ghat", "n": 1, "distance": 482.31622274665142, "Demand": 15.0, "Class": "Moderate" }, "geometry": { "type": "MultiPolygon", "coordinates": [ [ [ [ 578641.462564746616408, 2565308.865538750775158 ], [ 578691.462564746616408, 2565308.865538750775158 ], [ 578691.462564746616408, 2565258.865538750775158 ], [ 578641.462564746616408, 2565258.865538750775158 ], [ 578641.462564746616408, 2565308.865538750775158 ] ] ] ] } },
{ "type": "Feature", "properties": { "id": 1107.0, "temple": 0.0, "parking": 0.0, "junction": 2.0, "building": 11.0, "hotel": 0.0, "id_2": 10, "GHAT_NAME": "Chakra Tirth Ghat", "n": 1, "distance": 468.79406445291653, "Demand": 21.0, "Class": "High" }, "geometry": { "type": "MultiPolygon", "coordinates": [ [ [ [ 578641.462564746616408, 2565258.865538750775158 ], [ 578691.462564746616408, 2565258.865538750775158 ], [ 578691.462564746616408, 2565208.865538750775158 ], [ 578641.462564746616408, 2565208.865538750775158 ], [ 578641.462564746616408, 2565258.865538750775158 ] ] ] ] } },
{ "type": "Feature", "properties": { "id": 1108.0, "temple": 0.0, "parking": 0.0, "junction": 4.0, "building": 7.0, "hotel": 0.0, "id_2": 10, "GHAT_NAME": "Chakra Tirth Ghat", "n": 1, "distance": 456.53234404962421, "Demand": 21.0, "Class": "High" }, "geometry": { "type": "MultiPolygon", "coordinates": [ [ [ [ 578641.462564746616408, 2565208.865538750775158 ], [ 578691.462564746616408, 2565208.865538750775158 ], [ 578691.462564746616408, 2565158.865538750775158 ], [ 578641.462564746616408, 2565158.865538750775158 ], [ 578641.462564746616408, 2565208.865538750775158 ] ] ] ] } },
{ "type": "Feature", "properties": { "id": 1109.0, "temple": 0.0, "parking": 0.0, "junction": 1.0, "building": 11.0, "hotel": 0.0, "id_2": 10, "GHAT_NAME": "Chakra Tirth Ghat", "n": 1, "distance": 442.00132907962296, "Demand": 19.0, "Class": "High" }, "geometry": { "type": "MultiPolygon", "coordinates": [ [ [ [ 578641.462564746616408, 2565158.865538750775158 ], [ 578691.462564746616408, 2565158.865538750775158 ], [ 578691.462564746616408, 2565108.865538750775158 ], [ 578641.462564746616408, 2565108.865538750775158 ], [ 578641.462564746616408, 2565158.865538750775158 ] ] ] ] } },
{ "type": "Feature", "properties": { "id": 1110.0, "temple": 0.0, "parking": 0.0, "junction": 0.0, "building": 15.0, "hotel": 0.0, "id_2": 10, "GHAT_NAME": "Chakra Tirth Ghat", "n": 1, "distance": 429.72803660782341, "Demand": 21.0, "Class": "High" }, "geometry": { "type": "MultiPolygon", "coordinates": [ [ [ [ 578641.462564746616408, 2565108.865538750775158 ], [ 578691.462564746616408, 2565108.865538750775158 ], [ 578691.462564746616408, 2565058.865538750775158 ], [ 578641.462564746616408, 2565058.865538750775158 ], [ 578641.462564746616408, 2565108.865538750775158 ] ] ] ] } },
{ "type": "Feature", "properties": { "id": 1111.0, "temple": 0.0, "parking": 0.0, "junction": 1.0, "building": 5.0, "hotel": 0.0, "id_2": 8, "GHAT_NAME": "Sumeru Ghat", "n": 1, "distance": 415.56923133636849, "Demand": 13.0, "Class": "Moderate" }, "geometry": { "type": "MultiPolygon", "coordinates": [ [ [ [ 578641.462564746616408, 2565058.865538750775158 ], [ 578691.462564746616408, 2565058.865538750775158 ], [ 578691.462564746616408, 2565008.865538750775158 ], [ 578641.462564746616408, 2565008.865538750775158 ], [ 578641.462564746616408, 2565058.865538750775158 ] ] ] ] } },
{ "type": "Feature", "properties": { "id": 1112.0, "temple": 0.0, "parking": 0.0, "junction": 3.0, "building": 4.0, "hotel": 0.0, "id_2": 8, "GHAT_NAME": "Sumeru Ghat", "n": 1, "distance": 404.87544551871667, "Demand": 16.0, "Class": "High" }, "geometry": { "type": "MultiPolygon", "coordinates": [ [ [ [ 578641.462564746616408, 2565008.865538750775158 ], [ 578691.462564746616408, 2565008.865538750775158 ], [ 578691.462564746616408, 2564958.865538750775158 ], [ 578641.462564746616408, 2564958.865538750775158 ], [ 578641.462564746616408, 2565008.865538750775158 ] ] ] ] } },
{ "type": "Feature", "properties": { "id": 1113.0, "temple": 0.0, "parking": 0.0, "junction": 0.0, "building": 11.0, "hotel": 0.0, "id_2": 8, "GHAT_NAME": "Sumeru Ghat", "n": 1, "distance": 392.36959071776903, "Demand": 17.0, "Class": "High" }, "geometry": { "type": "MultiPolygon", "coordinates": [ [ [ [ 578641.462564746616408, 2564958.865538750775158 ], [ 578691.462564746616408, 2564958.865538750775158 ], [ 578691.462564746616408, 2564908.865538750775158 ], [ 578641.462564746616408, 2564908.865538750775158 ], [ 578641.462564746616408, 2564958.865538750775158 ] ] ] ] } },
{ "type": "Feature", "properties": { "id": 1114.0, "temple": 0.0, "parking": 0.0, "junction": 2.0, "building": 9.0, "hotel": 0.0, "id_2": 8, "GHAT_NAME": "Sumeru Ghat", "n": 1, "distance": 379.19155069849666, "Demand": 19.0, "Class": "High" }, "geometry": { "type": "MultiPolygon", "coordinates": [ [ [ [ 578641.462564746616408, 2564908.865538750775158 ], [ 578691.462564746616408, 2564908.865538750775158 ], [ 578691.462564746616408, 2564858.865538750775158 ], [ 578641.462564746616408, 2564858.865538750775158 ], [ 578641.462564746616408, 2564908.865538750775158 ] ] ] ] } },
{ "type": "Feature", "properties": { "id": 1115.0, "temple": 0.0, "parking": 0.0, "junction": 1.0, "building": 8.0, "hotel": 0.0, "id_2": 8, "GHAT_NAME": "Sumeru Ghat", "n": 1, "distance": 370.42383886723087, "Demand": 16.0, "Class": "High" }, "geometry": { "type": "MultiPolygon", "coordinates": [ [ [ [ 578641.462564746616408, 2564858.865538750775158 ], [ 578691.462564746616408, 2564858.865538750775158 ], [ 578691.462564746616408, 2564808.865538750775158 ], [ 578641.462564746616408, 2564808.865538750775158 ], [ 578641.462564746616408, 2564858.865538750775158 ] ] ] ] } },
{ "type": "Feature", "properties": { "id": 1116.0, "temple": 0.0, "parking": 0.0, "junction": 1.0, "building": 4.0, "hotel": 0.0, "id_2": 9, "GHAT_NAME": "Ram Ghat", "n": 1, "distance": 363.35772068866248, "Demand": 12.0, "Class": "Moderate" }, "geometry": { "type": "MultiPolygon", "coordinates": [ [ [ [ 578641.462564746616408, 2564808.865538750775158 ], [ 578691.462564746616408, 2564808.865538750775158 ], [ 578691.462564746616408, 2564758.865538750775158 ], [ 578641.462564746616408, 2564758.865538750775158 ], [ 578641.462564746616408, 2564808.865538750775158 ] ] ] ] } },
{ "type": "Feature", "properties": { "id": 1117.0, "temple": 0.0, "parking": 0.0, "junction": 4.0, "building": 4.0, "hotel": 0.0, "id_2": 9, "GHAT_NAME": "Ram Ghat", "n": 1, "distance": 355.88902631517828, "Demand": 18.0, "Class": "High" }, "geometry": { "type": "MultiPolygon", "coordinates": [ [ [ [ 578641.462564746616408, 2564758.865538750775158 ], [ 578691.462564746616408, 2564758.865538750775158 ], [ 578691.462564746616408, 2564708.865538750775158 ], [ 578641.462564746616408, 2564708.865538750775158 ], [ 578641.462564746616408, 2564758.865538750775158 ] ] ] ] } },
{ "type": "Feature", "properties": { "id": 1118.0, "temple": 1.0, "parking": 0.0, "junction": 1.0, "building": 3.0, "hotel": 2.0, "id_2": 9, "GHAT_NAME": "Ram Ghat", "n": 1, "distance": 351.45121830264156, "Demand": 20.0, "Class": "High" }, "geometry": { "type": "MultiPolygon", "coordinates": [ [ [ [ 578641.462564746616408, 2564708.865538750775158 ], [ 578691.462564746616408, 2564708.865538750775158 ], [ 578691.462564746616408, 2564658.865538750775158 ], [ 578641.462564746616408, 2564658.865538750775158 ], [ 578641.462564746616408, 2564708.865538750775158 ] ] ] ] } },
{ "type": "Feature", "properties": { "id": 1119.0, "temple": 0.0, "parking": 0.0, "junction": 0.0, "building": 2.0, "hotel": 1.0, "id_2": 9, "GHAT_NAME": "Ram Ghat", "n": 1, "distance": 351.11320444615558, "Demand": 10.0, "Class": "Low" }, "geometry": { "type": "MultiPolygon", "coordinates": [ [ [ [ 578641.462564746616408, 2564658.865538750775158 ], [ 578691.462564746616408, 2564658.865538750775158 ], [ 578691.462564746616408, 2564608.865538750775158 ], [ 578641.462564746616408, 2564608.865538750775158 ], [ 578641.462564746616408, 2564658.865538750775158 ] ] ] ] } },
{ "type": "Feature", "properties": { "id": 1120.0, "temple": 0.0, "parking": 0.0, "junction": 2.0, "building": 3.0, "hotel": 1.0, "id_2": 9, "GHAT_NAME": "Ram Ghat", "n": 1, "distance": 352.72638628445208, "Demand": 15.0, "Class": "Moderate" }, "geometry": { "type": "MultiPolygon", "coordinates": [ [ [ [ 578641.462564746616408, 2564608.865538750775158 ], [ 578691.462564746616408, 2564608.865538750775158 ], [ 578691.462564746616408, 2564558.865538750775158 ], [ 578641.462564746616408, 2564558.865538750775158 ], [ 578641.462564746616408, 2564608.865538750775158 ] ] ] ] } },
{ "type": "Feature", "properties": { "id": 1121.0, "temple": 0.0, "parking": 0.0, "junction": 0.0, "building": 6.0, "hotel": 0.0, "id_2": 9, "GHAT_NAME": "Ram Ghat", "n": 1, "distance": 356.04197290737596, "Demand": 12.0, "Class": "Moderate" }, "geometry": { "type": "MultiPolygon", "coordinates": [ [ [ [ 578641.462564746616408, 2564558.865538750775158 ], [ 578691.462564746616408, 2564558.865538750775158 ], [ 578691.462564746616408, 2564508.865538750775158 ], [ 578641.462564746616408, 2564508.865538750775158 ], [ 578641.462564746616408, 2564558.865538750775158 ] ] ] ] } },
{ "type": "Feature", "properties": { "id": 1122.0, "temple": 0.0, "parking": 0.0, "junction": 0.0, "building": 2.0, "hotel": 0.0, "id_2": 9, "GHAT_NAME": "Ram Ghat", "n": 1, "distance": 365.86683267284218, "Demand": 8.0, "Class": "Low" }, "geometry": { "type": "MultiPolygon", "coordinates": [ [ [ [ 578641.462564746616408, 2564508.865538750775158 ], [ 578691.462564746616408, 2564508.865538750775158 ], [ 578691.462564746616408, 2564458.865538750775158 ], [ 578641.462564746616408, 2564458.865538750775158 ], [ 578641.462564746616408, 2564508.865538750775158 ] ] ] ] } },
{ "type": "Feature", "properties": { "id": 1123.0, "temple": 0.0, "parking": 0.0, "junction": 0.0, "building": 4.0, "hotel": 1.0, "id_2": 9, "GHAT_NAME": "Ram Ghat", "n": 1, "distance": 376.50278180769402, "Demand": 12.0, "Class": "Moderate" }, "geometry": { "type": "MultiPolygon", "coordinates": [ [ [ [ 578641.462564746616408, 2564458.865538750775158 ], [ 578691.462564746616408, 2564458.865538750775158 ], [ 578691.462564746616408, 2564408.865538750775158 ], [ 578641.462564746616408, 2564408.865538750775158 ], [ 578641.462564746616408, 2564458.865538750775158 ] ] ] ] } },
{ "type": "Feature", "properties": { "id": 1124.0, "temple": 0.0, "parking": 0.0, "junction": 2.0, "building": 7.0, "hotel": 4.0, "id_2": 9, "GHAT_NAME": "Ram Ghat", "n": 1, "distance": 389.17989237127125, "Demand": 25.0, "Class": "Very High" }, "geometry": { "type": "MultiPolygon", "coordinates": [ [ [ [ 578641.462564746616408, 2564408.865538750775158 ], [ 578691.462564746616408, 2564408.865538750775158 ], [ 578691.462564746616408, 2564358.865538750775158 ], [ 578641.462564746616408, 2564358.865538750775158 ], [ 578641.462564746616408, 2564408.865538750775158 ] ] ] ] } },
{ "type": "Feature", "properties": { "id": 1125.0, "temple": 0.0, "parking": 0.0, "junction": 0.0, "building": 2.0, "hotel": 2.0, "id_2": 9, "GHAT_NAME": "Ram Ghat", "n": 1, "distance": 403.7628251670348, "Demand": 12.0, "Class": "Moderate" }, "geometry": { "type": "MultiPolygon", "coordinates": [ [ [ [ 578641.462564746616408, 2564358.865538750775158 ], [ 578691.462564746616408, 2564358.865538750775158 ], [ 578691.462564746616408, 2564308.865538750775158 ], [ 578641.462564746616408, 2564308.865538750775158 ], [ 578641.462564746616408, 2564358.865538750775158 ] ] ] ] } },
{ "type": "Feature", "properties": { "id": 1126.0, "temple": 0.0, "parking": 0.0, "junction": 0.0, "building": 2.0, "hotel": 1.0, "id_2": 9, "GHAT_NAME": "Ram Ghat", "n": 1, "distance": 419.77380906988463, "Demand": 10.0, "Class": "Low" }, "geometry": { "type": "MultiPolygon", "coordinates": [ [ [ [ 578641.462564746616408, 2564308.865538750775158 ], [ 578691.462564746616408, 2564308.865538750775158 ], [ 578691.462564746616408, 2564258.865538750775158 ], [ 578641.462564746616408, 2564258.865538750775158 ], [ 578641.462564746616408, 2564308.865538750775158 ] ] ] ] } },
{ "type": "Feature", "properties": { "id": 1127.0, "temple": 0.0, "parking": 0.0, "junction": 1.0, "building": 3.0, "hotel": 3.0, "id_2": 9, "GHAT_NAME": "Ram Ghat", "n": 1, "distance": 429.89599701394553, "Demand": 17.0, "Class": "High" }, "geometry": { "type": "MultiPolygon", "coordinates": [ [ [ [ 578641.462564746616408, 2564258.865538750775158 ], [ 578691.462564746616408, 2564258.865538750775158 ], [ 578691.462564746616408, 2564208.865538750775158 ], [ 578641.462564746616408, 2564208.865538750775158 ], [ 578641.462564746616408, 2564258.865538750775158 ] ] ] ] } },
{ "type": "Feature", "properties": { "id": 1128.0, "temple": 0.0, "parking": 0.0, "junction": 0.0, "building": 1.0, "hotel": 1.0, "id_2": 9, "GHAT_NAME": "Ram Ghat", "n": 1, "distance": 444.42658708425483, "Demand": 9.0, "Class": "Low" }, "geometry": { "type": "MultiPolygon", "coordinates": [ [ [ [ 578641.462564746616408, 2564208.865538750775158 ], [ 578691.462564746616408, 2564208.865538750775158 ], [ 578691.462564746616408, 2564158.865538750775158 ], [ 578641.462564746616408, 2564158.865538750775158 ], [ 578641.462564746616408, 2564208.865538750775158 ] ] ] ] } },
{ "type": "Feature", "properties": { "id": 1129.0, "temple": 0.0, "parking": 0.0, "junction": 0.0, "building": 1.0, "hotel": 0.0, "id_2": 9, "GHAT_NAME": "Ram Ghat", "n": 1, "distance": 460.81472216769038, "Demand": 7.0, "Class": "Low" }, "geometry": { "type": "MultiPolygon", "coordinates": [ [ [ [ 578641.462564746616408, 2564158.865538750775158 ], [ 578691.462564746616408, 2564158.865538750775158 ], [ 578691.462564746616408, 2564108.865538750775158 ], [ 578641.462564746616408, 2564108.865538750775158 ], [ 578641.462564746616408, 2564158.865538750775158 ] ] ] ] } },
{ "type": "Feature", "properties": { "id": 1130.0, "temple": 0.0, "parking": 0.0, "junction": 0.0, "building": 0.0, "hotel": 0.0, "id_2": 9, "GHAT_NAME": "Ram Ghat", "n": 1, "distance": 481.62001554905135, "Demand": 6.0, "Class": "Low" }, "geometry": { "type": "MultiPolygon", "coordinates": [ [ [ [ 578641.462564746616408, 2564108.865538750775158 ], [ 578691.462564746616408, 2564108.865538750775158 ], [ 578691.462564746616408, 2564058.865538750775158 ], [ 578641.462564746616408, 2564058.865538750775158 ], [ 578641.462564746616408, 2564108.865538750775158 ] ] ] ] } },
{ "type": "Feature", "properties": { "id": 1131.0, "temple": 2.0, "parking": 0.0, "junction": 0.0, "building": 0.0, "hotel": 0.0, "id_2": 9, "GHAT_NAME": "Ram Ghat", "n": 1, "distance": 506.52292207604114, "Demand": 12.0, "Class": "Moderate" }, "geometry": { "type": "MultiPolygon", "coordinates": [ [ [ [ 578641.462564746616408, 2564058.865538750775158 ], [ 578691.462564746616408, 2564058.865538750775158 ], [ 578691.462564746616408, 2564008.865538750775158 ], [ 578641.462564746616408, 2564008.865538750775158 ], [ 578641.462564746616408, 2564058.865538750775158 ] ] ] ] } },
{ "type": "Feature", "properties": { "id": 1132.0, "temple": 1.0, "parking": 0.0, "junction": 0.0, "building": 1.0, "hotel": 0.0, "id_2": 9, "GHAT_NAME": "Ram Ghat", "n": 1, "distance": 534.95149480998191, "Demand": 8.0, "Class": "Low" }, "geometry": { "type": "MultiPolygon", "coordinates": [ [ [ [ 578641.462564746616408, 2564008.865538750775158 ], [ 578691.462564746616408, 2564008.865538750775158 ], [ 578691.462564746616408, 2563958.865538750775158 ], [ 578641.462564746616408, 2563958.865538750775158 ], [ 578641.462564746616408, 2564008.865538750775158 ] ] ] ] } },
{ "type": "Feature", "properties": { "id": 1133.0, "temple": 0.0, "parking": 0.0, "junction": 0.0, "building": 0.0, "hotel": 0.0, "id_2": 9, "GHAT_NAME": "Ram Ghat", "n": 1, "distance": 566.37508155851708, "Demand": 2.0, "Class": "Very Low" }, "geometry": { "type": "MultiPolygon", "coordinates": [ [ [ [ 578641.462564746616408, 2563958.865538750775158 ], [ 578691.462564746616408, 2563958.865538750775158 ], [ 578691.462564746616408, 2563908.865538750775158 ], [ 578641.462564746616408, 2563908.865538750775158 ], [ 578641.462564746616408, 2563958.865538750775158 ] ] ] ] } },
{ "type": "Feature", "properties": { "id": 1134.0, "temple": 0.0, "parking": 0.0, "junction": 0.0, "building": 0.0, "hotel": 0.0, "id_2": 4, "GHAT_NAME": "Maharishi Sant Balinath Ghat", "n": 1, "distance": 592.99488261811143, "Demand": 2.0, "Class": "Very Low" }, "geometry": { "type": "MultiPolygon", "coordinates": [ [ [ [ 578641.462564746616408, 2563908.865538750775158 ], [ 578691.462564746616408, 2563908.865538750775158 ], [ 578691.462564746616408, 2563858.865538750775158 ], [ 578641.462564746616408, 2563858.865538750775158 ], [ 578641.462564746616408, 2563908.865538750775158 ] ] ] ] } },
{ "type": "Feature", "properties": { "id": 1135.0, "temple": 0.0, "parking": 0.0, "junction": 0.0, "building": 1.0, "hotel": 0.0, "id_2": 4, "GHAT_NAME": "Maharishi Sant Balinath Ghat", "n": 1, "distance": 622.42594278828278, "Demand": 3.0, "Class": "Very Low" }, "geometry": { "type": "MultiPolygon", "coordinates": [ [ [ [ 578641.462564746616408, 2563858.865538750775158 ], [ 578691.462564746616408, 2563858.865538750775158 ], [ 578691.462564746616408, 2563808.865538750775158 ], [ 578641.462564746616408, 2563808.865538750775158 ], [ 578641.462564746616408, 2563858.865538750775158 ] ] ] ] } },
{ "type": "Feature", "properties": { "id": 1136.0, "temple": 0.0, "parking": 0.0, "junction": 0.0, "building": 0.0, "hotel": 0.0, "id_2": 4, "GHAT_NAME": "Maharishi Sant Balinath Ghat", "n": 1, "distance": 654.35860023422754, "Demand": 2.0, "Class": "Very Low" }, "geometry": { "type": "MultiPolygon", "coordinates": [ [ [ [ 578641.462564746616408, 2563808.865538750775158 ], [ 578691.462564746616408, 2563808.865538750775158 ], [ 578691.462564746616408, 2563758.865538750775158 ], [ 578641.462564746616408, 2563758.865538750775158 ], [ 578641.462564746616408, 2563808.865538750775158 ] ] ] ] } },
{ "type": "Feature", "properties": { "id": 1137.0, "temple": 0.0, "parking": 0.0, "junction": 0.0, "building": 0.0, "hotel": 0.0, "id_2": 4, "GHAT_NAME": "Maharishi Sant Balinath Ghat", "n": 1, "distance": 688.44484248566528, "Demand": 2.0, "Class": "Very Low" }, "geometry": { "type": "MultiPolygon", "coordinates": [ [ [ [ 578641.462564746616408, 2563758.865538750775158 ], [ 578691.462564746616408, 2563758.865538750775158 ], [ 578691.462564746616408, 2563708.865538750775158 ], [ 578641.462564746616408, 2563708.865538750775158 ], [ 578641.462564746616408, 2563758.865538750775158 ] ] ] ] } },
{ "type": "Feature", "properties": { "id": 1138.0, "temple": 0.0, "parking": 0.0, "junction": 0.0, "building": 1.0, "hotel": 0.0, "id_2": 4, "GHAT_NAME": "Maharishi Sant Balinath Ghat", "n": 1, "distance": 723.12355864298149, "Demand": 3.0, "Class": "Very Low" }, "geometry": { "type": "MultiPolygon", "coordinates": [ [ [ [ 578641.462564746616408, 2563708.865538750775158 ], [ 578691.462564746616408, 2563708.865538750775158 ], [ 578691.462564746616408, 2563658.865538750775158 ], [ 578641.462564746616408, 2563658.865538750775158 ], [ 578641.462564746616408, 2563708.865538750775158 ] ] ] ] } },
{ "type": "Feature", "properties": { "id": 1139.0, "temple": 0.0, "parking": 0.0, "junction": 0.0, "building": 0.0, "hotel": 0.0, "id_2": 4, "GHAT_NAME": "Maharishi Sant Balinath Ghat", "n": 1, "distance": 757.67956455577951, "Demand": 2.0, "Class": "Very Low" }, "geometry": { "type": "MultiPolygon", "coordinates": [ [ [ [ 578641.462564746616408, 2563658.865538750775158 ], [ 578691.462564746616408, 2563658.865538750775158 ], [ 578691.462564746616408, 2563608.865538750775158 ], [ 578641.462564746616408, 2563608.865538750775158 ], [ 578641.462564746616408, 2563658.865538750775158 ] ] ] ] } },
{ "type": "Feature", "properties": { "id": 1140.0, "temple": 0.0, "parking": 0.0, "junction": 0.0, "building": 0.0, "hotel": 0.0, "id_2": 4, "GHAT_NAME": "Maharishi Sant Balinath Ghat", "n": 1, "distance": 792.56799677468143, "Demand": 2.0, "Class": "Very Low" }, "geometry": { "type": "MultiPolygon", "coordinates": [ [ [ [ 578641.462564746616408, 2563608.865538750775158 ], [ 578691.462564746616408, 2563608.865538750775158 ], [ 578691.462564746616408, 2563558.865538750775158 ], [ 578641.462564746616408, 2563558.865538750775158 ], [ 578641.462564746616408, 2563608.865538750775158 ] ] ] ] } },
{ "type": "Feature", "properties": { "id": 1141.0, "temple": 0.0, "parking": 0.0, "junction": 0.0, "building": 0.0, "hotel": 0.0, "id_2": 4, "GHAT_NAME": "Maharishi Sant Balinath Ghat", "n": 1, "distance": 828.99696329459516, "Demand": 2.0, "Class": "Very Low" }, "geometry": { "type": "MultiPolygon", "coordinates": [ [ [ [ 578641.462564746616408, 2563558.865538750775158 ], [ 578691.462564746616408, 2563558.865538750775158 ], [ 578691.462564746616408, 2563508.865538750775158 ], [ 578641.462564746616408, 2563508.865538750775158 ], [ 578641.462564746616408, 2563558.865538750775158 ] ] ] ] } },
{ "type": "Feature", "properties": { "id": 1142.0, "temple": 0.0, "parking": 0.0, "junction": 0.0, "building": 0.0, "hotel": 0.0, "id_2": 4, "GHAT_NAME": "Maharishi Sant Balinath Ghat", "n": 1, "distance": 866.78019173945665, "Demand": 2.0, "Class": "Very Low" }, "geometry": { "type": "MultiPolygon", "coordinates": [ [ [ [ 578641.462564746616408, 2563508.865538750775158 ], [ 578691.462564746616408, 2563508.865538750775158 ], [ 578691.462564746616408, 2563458.865538750775158 ], [ 578641.462564746616408, 2563458.865538750775158 ], [ 578641.462564746616408, 2563508.865538750775158 ] ] ] ] } },
{ "type": "Feature", "properties": { "id": 1143.0, "temple": 0.0, "parking": 0.0, "junction": 0.0, "building": 0.0, "hotel": 0.0, "id_2": 4, "GHAT_NAME": "Maharishi Sant Balinath Ghat", "n": 1, "distance": 905.74821911617255, "Demand": 2.0, "Class": "Very Low" }, "geometry": { "type": "MultiPolygon", "coordinates": [ [ [ [ 578648.322692528599873, 2563408.865538750775158 ], [ 578641.462564746616408, 2563408.865538750775158 ], [ 578641.462564746616408, 2563458.865538750775158 ], [ 578691.462564746616408, 2563458.865538750775158 ], [ 578691.462564746616408, 2563416.49040788738057 ], [ 578648.322692528599873, 2563408.865538750775158 ] ] ] ] } },
{ "type": "Feature", "properties": { "id": 1144.0, "temple": 0.0, "parking": 0.0, "junction": 0.0, "building": 0.0, "hotel": 0.0, "id_2": 4, "GHAT_NAME": "Maharishi Sant Balinath Ghat", "n": 1, "distance": 945.75460457369547, "Demand": 2.0, "Class": "Very Low" }, "geometry": { "type": "MultiPolygon", "coordinates": [ [ [ [ 578641.462564746616408, 2563407.653027588501573 ], [ 578641.462564746616408, 2563408.865538750775158 ], [ 578648.322692528599873, 2563408.865538750775158 ], [ 578641.462564746616408, 2563407.653027588501573 ] ] ] ] } },
{ "type": "Feature", "properties": { "id": 1145.0, "temple": 0.0, "parking": 0.0, "junction": 0.0, "building": 0.0, "hotel": 0.0, "id_2": 10, "GHAT_NAME": "Chakra Tirth Ghat", "n": 1, "distance": 604.86101042072357, "Demand": 2.0, "Class": "Very Low" }, "geometry": { "type": "MultiPolygon", "coordinates": [ [ [ [ 578700.279534801491536, 2565508.865538750775158 ], [ 578691.462564746616408, 2565508.865538750775158 ], [ 578691.462564746616408, 2565510.328378387726843 ], [ 578700.279534801491536, 2565508.865538750775158 ] ] ] ] } },
{ "type": "Feature", "properties": { "id": 1146.0, "temple": 0.0, "parking": 0.0, "junction": 0.0, "building": 1.0, "hotel": 0.0, "id_2": 10, "GHAT_NAME": "Chakra Tirth Ghat", "n": 1, "distance": 584.72252857152, "Demand": 3.0, "Class": "Very Low" }, "geometry": { "type": "MultiPolygon", "coordinates": [ [ [ [ 578712.278978366288356, 2565506.874689110089093 ], [ 578741.462564746616408, 2565490.989732802379876 ], [ 578741.462564746616408, 2565458.865538750775158 ], [ 578691.462564746616408, 2565458.865538750775158 ], [ 578691.462564746616408, 2565508.865538750775158 ], [ 578700.279534801491536, 2565508.865538750775158 ], [ 578712.278978366288356, 2565506.874689110089093 ] ] ] ] } },
{ "type": "Feature", "properties": { "id": 1147.0, "temple": 0.0, "parking": 0.0, "junction": 0.0, "building": 0.0, "hotel": 0.0, "id_2": 10, "GHAT_NAME": "Chakra Tirth Ghat", "n": 1, "distance": 568.28164576287804, "Demand": 2.0, "Class": "Very Low" }, "geometry": { "type": "MultiPolygon", "coordinates": [ [ [ [ 578691.462564746616408, 2565458.865538750775158 ], [ 578741.462564746616408, 2565458.865538750775158 ], [ 578741.462564746616408, 2565408.865538750775158 ], [ 578691.462564746616408, 2565408.865538750775158 ], [ 578691.462564746616408, 2565458.865538750775158 ] ] ] ] } },
{ "type": "Feature", "properties": { "id": 1148.0, "temple": 0.0, "parking": 0.0, "junction": 0.0, "building": 0.0, "hotel": 0.0, "id_2": 10, "GHAT_NAME": "Chakra Tirth Ghat", "n": 1, "distance": 555.86655089405997, "Demand": 2.0, "Class": "Very Low" }, "geometry": { "type": "MultiPolygon", "coordinates": [ [ [ [ 578691.462564746616408, 2565408.865538750775158 ], [ 578741.462564746616408, 2565408.865538750775158 ], [ 578741.462564746616408, 2565358.865538750775158 ], [ 578691.462564746616408, 2565358.865538750775158 ], [ 578691.462564746616408, 2565408.865538750775158 ] ] ] ] } },
{ "type": "Feature", "properties": { "id": 1149.0, "temple": 0.0, "parking": 0.0, "junction": 0.0, "building": 0.0, "hotel": 0.0, "id_2": 10, "GHAT_NAME": "Chakra Tirth Ghat", "n": 1, "distance": 542.19654946458354, "Demand": 2.0, "Class": "Very Low" }, "geometry": { "type": "MultiPolygon", "coordinates": [ [ [ [ 578691.462564746616408, 2565358.865538750775158 ], [ 578741.462564746616408, 2565358.865538750775158 ], [ 578741.462564746616408, 2565308.865538750775158 ], [ 578691.462564746616408, 2565308.865538750775158 ], [ 578691.462564746616408, 2565358.865538750775158 ] ] ] ] } },
{ "type": "Feature", "properties": { "id": 1150.0, "temple": 0.0, "parking": 0.0, "junction": 1.0, "building": 3.0, "hotel": 0.0, "id_2": 10, "GHAT_NAME": "Chakra Tirth Ghat", "n": 1, "distance": 531.12799812060325, "Demand": 7.0, "Class": "Low" }, "geometry": { "type": "MultiPolygon", "coordinates": [ [ [ [ 578691.462564746616408, 2565308.865538750775158 ], [ 578741.462564746616408, 2565308.865538750775158 ], [ 578741.462564746616408, 2565258.865538750775158 ], [ 578691.462564746616408, 2565258.865538750775158 ], [ 578691.462564746616408, 2565308.865538750775158 ] ] ] ] } },
{ "type": "Feature", "properties": { "id": 1151.0, "temple": 0.0, "parking": 0.0, "junction": 3.0, "building": 5.0, "hotel": 0.0, "id_2": 10, "GHAT_NAME": "Chakra Tirth Ghat", "n": 1, "distance": 516.96250780735659, "Demand": 13.0, "Class": "Moderate" }, "geometry": { "type": "MultiPolygon", "coordinates": [ [ [ [ 578691.462564746616408, 2565258.865538750775158 ], [ 578741.462564746616408, 2565258.865538750775158 ], [ 578741.462564746616408, 2565208.865538750775158 ], [ 578691.462564746616408, 2565208.865538750775158 ], [ 578691.462564746616408, 2565258.865538750775158 ] ] ] ] } },
{ "type": "Feature", "properties": { "id": 1152.0, "temple": 0.0, "parking": 0.0, "junction": 0.0, "building": 4.0, "hotel": 0.0, "id_2": 10, "GHAT_NAME": "Chakra Tirth Ghat", "n": 1, "distance": 505.19765017907918, "Demand": 6.0, "Class": "Low" }, "geometry": { "type": "MultiPolygon", "coordinates": [ [ [ [ 578691.462564746616408, 2565208.865538750775158 ], [ 578741.462564746616408, 2565208.865538750775158 ], [ 578741.462564746616408, 2565158.865538750775158 ], [ 578691.462564746616408, 2565158.865538750775158 ], [ 578691.462564746616408, 2565208.865538750775158 ] ] ] ] } },
{ "type": "Feature", "properties": { "id": 1153.0, "temple": 0.0, "parking": 0.0, "junction": 0.0, "building": 6.0, "hotel": 0.0, "id_2": 10, "GHAT_NAME": "Chakra Tirth Ghat", "n": 1, "distance": 490.09102503752217, "Demand": 12.0, "Class": "Moderate" }, "geometry": { "type": "MultiPolygon", "coordinates": [ [ [ [ 578691.462564746616408, 2565158.865538750775158 ], [ 578741.462564746616408, 2565158.865538750775158 ], [ 578741.462564746616408, 2565108.865538750775158 ], [ 578691.462564746616408, 2565108.865538750775158 ], [ 578691.462564746616408, 2565158.865538750775158 ] ] ] ] } },
{ "type": "Feature", "properties": { "id": 1154.0, "temple": 0.0, "parking": 0.0, "junction": 0.0, "building": 6.0, "hotel": 0.0, "id_2": 8, "GHAT_NAME": "Sumeru Ghat", "n": 1, "distance": 477.6359639080631, "Demand": 12.0, "Class": "Moderate" }, "geometry": { "type": "MultiPolygon", "coordinates": [ [ [ [ 578691.462564746616408, 2565108.865538750775158 ], [ 578741.462564746616408, 2565108.865538750775158 ], [ 578741.462564746616408, 2565058.865538750775158 ], [ 578691.462564746616408, 2565058.865538750775158 ], [ 578691.462564746616408, 2565108.865538750775158 ] ] ] ] } },
{ "type": "Feature", "properties": { "id": 1155.0, "temple": 0.0, "parking": 0.0, "junction": 1.0, "building": 2.0, "hotel": 0.0, "id_2": 8, "GHAT_NAME": "Sumeru Ghat", "n": 1, "distance": 464.21921500303819, "Demand": 10.0, "Class": "Low" }, "geometry": { "type": "MultiPolygon", "coordinates": [ [ [ [ 578691.462564746616408, 2565058.865538750775158 ], [ 578741.462564746616408, 2565058.865538750775158 ], [ 578741.462564746616408, 2565008.865538750775158 ], [ 578691.462564746616408, 2565008.865538750775158 ], [ 578691.462564746616408, 2565058.865538750775158 ] ] ] ] } },
{ "type": "Feature", "properties": { "id": 1156.0, "temple": 0.0, "parking": 0.0, "junction": 0.0, "building": 5.0, "hotel": 0.0, "id_2": 8, "GHAT_NAME": "Sumeru Ghat", "n": 1, "distance": 453.77841167563162, "Demand": 11.0, "Class": "Moderate" }, "geometry": { "type": "MultiPolygon", "coordinates": [ [ [ [ 578691.462564746616408, 2565008.865538750775158 ], [ 578741.462564746616408, 2565008.865538750775158 ], [ 578741.462564746616408, 2564958.865538750775158 ], [ 578691.462564746616408, 2564958.865538750775158 ], [ 578691.462564746616408, 2565008.865538750775158 ] ] ] ] } },
{ "type": "Feature", "properties": { "id": 1157.0, "temple": 0.0, "parking": 0.0, "junction": 1.0, "building": 11.0, "hotel": 0.0, "id_2": 8, "GHAT_NAME": "Sumeru Ghat", "n": 1, "distance": 440.36645426743468, "Demand": 19.0, "Class": "High" }, "geometry": { "type": "MultiPolygon", "coordinates": [ [ [ [ 578691.462564746616408, 2564958.865538750775158 ], [ 578741.462564746616408, 2564958.865538750775158 ], [ 578741.462564746616408, 2564908.865538750775158 ], [ 578691.462564746616408, 2564908.865538750775158 ], [ 578691.462564746616408, 2564958.865538750775158 ] ] ] ] } },
{ "type": "Feature", "properties": { "id": 1158.0, "temple": 0.0, "parking": 0.0, "junction": 5.0, "building": 7.0, "hotel": 0.0, "id_2": 8, "GHAT_NAME": "Sumeru Ghat", "n": 1, "distance": 428.14161787555946, "Demand": 23.0, "Class": "Very High" }, "geometry": { "type": "MultiPolygon", "coordinates": [ [ [ [ 578691.462564746616408, 2564908.865538750775158 ], [ 578741.462564746616408, 2564908.865538750775158 ], [ 578741.462564746616408, 2564858.865538750775158 ], [ 578691.462564746616408, 2564858.865538750775158 ], [ 578691.462564746616408, 2564908.865538750775158 ] ] ] ] } },
{ "type": "Feature", "properties": { "id": 1159.0, "temple": 0.0, "parking": 0.0, "junction": 1.0, "building": 7.0, "hotel": 0.0, "id_2": 8, "GHAT_NAME": "Sumeru Ghat", "n": 1, "distance": 419.74022558326669, "Demand": 15.0, "Class": "Moderate" }, "geometry": { "type": "MultiPolygon", "coordinates": [ [ [ [ 578691.462564746616408, 2564858.865538750775158 ], [ 578741.462564746616408, 2564858.865538750775158 ], [ 578741.462564746616408, 2564808.865538750775158 ], [ 578691.462564746616408, 2564808.865538750775158 ], [ 578691.462564746616408, 2564858.865538750775158 ] ] ] ] } },
{ "type": "Feature", "properties": { "id": 1160.0, "temple": 0.0, "parking": 0.0, "junction": 2.0, "building": 7.0, "hotel": 0.0, "id_2": 9, "GHAT_NAME": "Ram Ghat", "n": 1, "distance": 412.31259469397548, "Demand": 17.0, "Class": "High" }, "geometry": { "type": "MultiPolygon", "coordinates": [ [ [ [ 578691.462564746616408, 2564808.865538750775158 ], [ 578741.462564746616408, 2564808.865538750775158 ], [ 578741.462564746616408, 2564758.865538750775158 ], [ 578691.462564746616408, 2564758.865538750775158 ], [ 578691.462564746616408, 2564808.865538750775158 ] ] ] ] } },
{ "type": "Feature", "properties": { "id": 1161.0, "temple": 0.0, "parking": 0.0, "junction": 1.0, "building": 5.0, "hotel": 2.0, "id_2": 9, "GHAT_NAME": "Ram Ghat", "n": 1, "distance": 405.74603092425201, "Demand": 17.0, "Class": "High" }, "geometry": { "type": "MultiPolygon", "coordinates": [ [ [ [ 578691.462564746616408, 2564758.865538750775158 ], [ 578741.462564746616408, 2564758.865538750775158 ], [ 578741.462564746616408, 2564708.865538750775158 ], [ 578691.462564746616408, 2564708.865538750775158 ], [ 578691.462564746616408, 2564758.865538750775158 ] ] ] ] } },
{ "type": "Feature", "properties": { "id": 1162.0, "temple": 0.0, "parking": 0.0, "junction": 0.0, "building": 3.0, "hotel": 0.0, "id_2": 9, "GHAT_NAME": "Ram Ghat", "n": 1, "distance": 401.40911710003115, "Demand": 9.0, "Class": "Low" }, "geometry": { "type": "MultiPolygon", "coordinates": [ [ [ [ 578691.462564746616408, 2564708.865538750775158 ], [ 578741.462564746616408, 2564708.865538750775158 ], [ 578741.462564746616408, 2564658.865538750775158 ], [ 578691.462564746616408, 2564658.865538750775158 ], [ 578691.462564746616408, 2564708.865538750775158 ] ] ] ] } },
{ "type": "Feature", "properties": { "id": 1163.0, "temple": 1.0, "parking": 0.0, "junction": 0.0, "building": 3.0, "hotel": 0.0, "id_2": 9, "GHAT_NAME": "Ram Ghat", "n": 1, "distance": 401.11320444615558, "Demand": 14.0, "Class": "Moderate" }, "geometry": { "type": "MultiPolygon", "coordinates": [ [ [ [ 578691.462564746616408, 2564658.865538750775158 ], [ 578741.462564746616408, 2564658.865538750775158 ], [ 578741.462564746616408, 2564608.865538750775158 ], [ 578691.462564746616408, 2564608.865538750775158 ], [ 578691.462564746616408, 2564658.865538750775158 ] ] ] ] } },
{ "type": "Feature", "properties": { "id": 1164.0, "temple": 0.0, "parking": 0.0, "junction": 2.0, "building": 5.0, "hotel": 0.0, "id_2": 9, "GHAT_NAME": "Ram Ghat", "n": 1, "distance": 402.60185295638183, "Demand": 15.0, "Class": "Moderate" }, "geometry": { "type": "MultiPolygon", "coordinates": [ [ [ [ 578691.462564746616408, 2564608.865538750775158 ], [ 578741.462564746616408, 2564608.865538750775158 ], [ 578741.462564746616408, 2564558.865538750775158 ], [ 578691.462564746616408, 2564558.865538750775158 ], [ 578691.462564746616408, 2564608.865538750775158 ] ] ] ] } },
{ "type": "Feature", "properties": { "id": 1165.0, "temple": 0.0, "parking": 0.0, "junction": 1.0, "building": 7.0, "hotel": 0.0, "id_2": 9, "GHAT_NAME": "Ram Ghat", "n": 1, "distance": 405.67552770113969, "Demand": 15.0, "Class": "Moderate" }, "geometry": { "type": "MultiPolygon", "coordinates": [ [ [ [ 578691.462564746616408, 2564558.865538750775158 ], [ 578741.462564746616408, 2564558.865538750775158 ], [ 578741.462564746616408, 2564508.865538750775158 ], [ 578691.462564746616408, 2564508.865538750775158 ], [ 578691.462564746616408, 2564558.865538750775158 ] ] ] ] } },
{ "type": "Feature", "properties": { "id": 1166.0, "temple": 0.0, "parking": 0.0, "junction": 2.0, "building": 4.0, "hotel": 1.0, "id_2": 9, "GHAT_NAME": "Ram Ghat", "n": 1, "distance": 414.32509766351239, "Demand": 16.0, "Class": "High" }, "geometry": { "type": "MultiPolygon", "coordinates": [ [ [ [ 578691.462564746616408, 2564508.865538750775158 ], [ 578741.462564746616408, 2564508.865538750775158 ], [ 578741.462564746616408, 2564458.865538750775158 ], [ 578691.462564746616408, 2564458.865538750775158 ], [ 578691.462564746616408, 2564508.865538750775158 ] ] ] ] } },
{ "type": "Feature", "properties": { "id": 1167.0, "temple": 0.0, "parking": 0.0, "junction": 1.0, "building": 5.0, "hotel": 1.0, "id_2": 9, "GHAT_NAME": "Ram Ghat", "n": 1, "distance": 425.5952236687678, "Demand": 15.0, "Class": "Moderate" }, "geometry": { "type": "MultiPolygon", "coordinates": [ [ [ [ 578691.462564746616408, 2564458.865538750775158 ], [ 578741.462564746616408, 2564458.865538750775158 ], [ 578741.462564746616408, 2564408.865538750775158 ], [ 578691.462564746616408, 2564408.865538750775158 ], [ 578691.462564746616408, 2564458.865538750775158 ] ] ] ] } },
{ "type": "Feature", "properties": { "id": 1168.0, "temple": 0.0, "parking": 0.0, "junction": 1.0, "building": 9.0, "hotel": 1.0, "id_2": 9, "GHAT_NAME": "Ram Ghat", "n": 1, "distance": 437.29052384554149, "Demand": 19.0, "Class": "High" }, "geometry": { "type": "MultiPolygon", "coordinates": [ [ [ [ 578691.462564746616408, 2564408.865538750775158 ], [ 578741.462564746616408, 2564408.865538750775158 ], [ 578741.462564746616408, 2564358.865538750775158 ], [ 578691.462564746616408, 2564358.865538750775158 ], [ 578691.462564746616408, 2564408.865538750775158 ] ] ] ] } },
{ "type": "Feature", "properties": { "id": 1169.0, "temple": 0.0, "parking": 0.0, "junction": 2.0, "building": 1.0, "hotel": 2.0, "id_2": 9, "GHAT_NAME": "Ram Ghat", "n": 1, "distance": 450.96821027078352, "Demand": 15.0, "Class": "Moderate" }, "geometry": { "type": "MultiPolygon", "coordinates": [ [ [ [ 578691.462564746616408, 2564358.865538750775158 ], [ 578741.462564746616408, 2564358.865538750775158 ], [ 578741.462564746616408, 2564308.865538750775158 ], [ 578691.462564746616408, 2564308.865538750775158 ], [ 578691.462564746616408, 2564358.865538750775158 ] ] ] ] } },
{ "type": "Feature", "properties": { "id": 1170.0, "temple": 1.0, "parking": 0.0, "junction": 0.0, "building": 1.0, "hotel": 5.0, "id_2": 9, "GHAT_NAME": "Ram Ghat", "n": 1, "distance": 468.56537624015084, "Demand": 22.0, "Class": "Very High" }, "geometry": { "type": "MultiPolygon", "coordinates": [ [ [ [ 578691.462564746616408, 2564308.865538750775158 ], [ 578741.462564746616408, 2564308.865538750775158 ], [ 578741.462564746616408, 2564258.865538750775158 ], [ 578691.462564746616408, 2564258.865538750775158 ], [ 578691.462564746616408, 2564308.865538750775158 ] ] ] ] } },
{ "type": "Feature", "properties": { "id": 1171.0, "temple": 0.0, "parking": 0.0, "junction": 1.0, "building": 0.0, "hotel": 4.0, "id_2": 9, "GHAT_NAME": "Ram Ghat", "n": 1, "distance": 478.54002410744152, "Demand": 16.0, "Class": "High" }, "geometry": { "type": "MultiPolygon", "coordinates": [ [ [ [ 578691.462564746616408, 2564258.865538750775158 ], [ 578741.462564746616408, 2564258.865538750775158 ], [ 578741.462564746616408, 2564208.865538750775158 ], [ 578691.462564746616408, 2564208.865538750775158 ], [ 578691.462564746616408, 2564258.865538750775158 ] ] ] ] } },
{ "type": "Feature", "properties": { "id": 1172.0, "temple": 0.0, "parking": 0.0, "junction": 0.0, "building": 2.0, "hotel": 1.0, "id_2": 9, "GHAT_NAME": "Ram Ghat", "n": 1, "distance": 491.92586900058802, "Demand": 10.0, "Class": "Low" }, "geometry": { "type": "MultiPolygon", "coordinates": [ [ [ [ 578691.462564746616408, 2564208.865538750775158 ], [ 578741.462564746616408, 2564208.865538750775158 ], [ 578741.462564746616408, 2564158.865538750775158 ], [ 578691.462564746616408, 2564158.865538750775158 ], [ 578691.462564746616408, 2564208.865538750775158 ] ] ] ] } },
{ "type": "Feature", "properties": { "id": 1173.0, "temple": 0.0, "parking": 0.0, "junction": 1.0, "building": 1.0, "hotel": 3.0, "id_2": 9, "GHAT_NAME": "Ram Ghat", "n": 1, "distance": 507.5809487958947, "Demand": 11.0, "Class": "Moderate" }, "geometry": { "type": "MultiPolygon", "coordinates": [ [ [ [ 578691.462564746616408, 2564158.865538750775158 ], [ 578741.462564746616408, 2564158.865538750775158 ], [ 578741.462564746616408, 2564108.865538750775158 ], [ 578691.462564746616408, 2564108.865538750775158 ], [ 578691.462564746616408, 2564158.865538750775158 ] ] ] ] } },
{ "type": "Feature", "properties": { "id": 1174.0, "temple": 0.0, "parking": 0.0, "junction": 1.0, "building": 0.0, "hotel": 2.0, "id_2": 9, "GHAT_NAME": "Ram Ghat", "n": 1, "distance": 526.54159455025342, "Demand": 8.0, "Class": "Low" }, "geometry": { "type": "MultiPolygon", "coordinates": [ [ [ [ 578691.462564746616408, 2564108.865538750775158 ], [ 578741.462564746616408, 2564108.865538750775158 ], [ 578741.462564746616408, 2564058.865538750775158 ], [ 578691.462564746616408, 2564058.865538750775158 ], [ 578691.462564746616408, 2564108.865538750775158 ] ] ] ] } },
{ "type": "Feature", "properties": { "id": 1175.0, "temple": 0.0, "parking": 0.0, "junction": 1.0, "building": 1.0, "hotel": 0.0, "id_2": 9, "GHAT_NAME": "Ram Ghat", "n": 1, "distance": 549.41212400392681, "Demand": 5.0, "Class": "Very Low" }, "geometry": { "type": "MultiPolygon", "coordinates": [ [ [ [ 578691.462564746616408, 2564058.865538750775158 ], [ 578741.462564746616408, 2564058.865538750775158 ], [ 578741.462564746616408, 2564008.865538750775158 ], [ 578691.462564746616408, 2564008.865538750775158 ], [ 578691.462564746616408, 2564058.865538750775158 ] ] ] ] } },
{ "type": "Feature", "properties": { "id": 1176.0, "temple": 0.0, "parking": 0.0, "junction": 0.0, "building": 0.0, "hotel": 0.0, "id_2": 9, "GHAT_NAME": "Ram Ghat", "n": 1, "distance": 575.7267695821422, "Demand": 2.0, "Class": "Very Low" }, "geometry": { "type": "MultiPolygon", "coordinates": [ [ [ [ 578691.462564746616408, 2564008.865538750775158 ], [ 578741.462564746616408, 2564008.865538750775158 ], [ 578741.462564746616408, 2563958.865538750775158 ], [ 578691.462564746616408, 2563958.865538750775158 ], [ 578691.462564746616408, 2564008.865538750775158 ] ] ] ] } },
{ "type": "Feature", "properties": { "id": 1177.0, "temple": 0.0, "parking": 0.0, "junction": 1.0, "building": 0.0, "hotel": 0.0, "id_2": 9, "GHAT_NAME": "Ram Ghat", "n": 1, "distance": 605.03631661617783, "Demand": 4.0, "Class": "Very Low" }, "geometry": { "type": "MultiPolygon", "coordinates": [ [ [ [ 578691.462564746616408, 2563958.865538750775158 ], [ 578741.462564746616408, 2563958.865538750775158 ], [ 578741.462564746616408, 2563908.865538750775158 ], [ 578691.462564746616408, 2563908.865538750775158 ], [ 578691.462564746616408, 2563958.865538750775158 ] ] ] ] } },
{ "type": "Feature", "properties": { "id": 1178.0, "temple": 0.0, "parking": 1.0, "junction": 1.0, "building": 0.0, "hotel": 0.0, "id_2": 4, "GHAT_NAME": "Maharishi Sant Balinath Ghat", "n": 1, "distance": 635.00330571432653, "Demand": 7.0, "Class": "Low" }, "geometry": { "type": "MultiPolygon", "coordinates": [ [ [ [ 578691.462564746616408, 2563908.865538750775158 ], [ 578741.462564746616408, 2563908.865538750775158 ], [ 578741.462564746616408, 2563858.865538750775158 ], [ 578691.462564746616408, 2563858.865538750775158 ], [ 578691.462564746616408, 2563908.865538750775158 ] ] ] ] } },
{ "type": "Feature", "properties": { "id": 1179.0, "temple": 0.0, "parking": 0.0, "junction": 0.0, "building": 0.0, "hotel": 0.0, "id_2": 4, "GHAT_NAME": "Maharishi Sant Balinath Ghat", "n": 1, "distance": 662.57099371519223, "Demand": 2.0, "Class": "Very Low" }, "geometry": { "type": "MultiPolygon", "coordinates": [ [ [ [ 578691.462564746616408, 2563858.865538750775158 ], [ 578741.462564746616408, 2563858.865538750775158 ], [ 578741.462564746616408, 2563808.865538750775158 ], [ 578691.462564746616408, 2563808.865538750775158 ], [ 578691.462564746616408, 2563858.865538750775158 ] ] ] ] } },
{ "type": "Feature", "properties": { "id": 1180.0, "temple": 0.0, "parking": 0.0, "junction": 0.0, "building": 1.0, "hotel": 1.0, "id_2": 4, "GHAT_NAME": "Maharishi Sant Balinath Ghat", "n": 1, "distance": 692.65535813805138, "Demand": 5.0, "Class": "Very Low" }, "geometry": { "type": "MultiPolygon", "coordinates": [ [ [ [ 578691.462564746616408, 2563808.865538750775158 ], [ 578741.462564746616408, 2563808.865538750775158 ], [ 578741.462564746616408, 2563758.865538750775158 ], [ 578691.462564746616408, 2563758.865538750775158 ], [ 578691.462564746616408, 2563808.865538750775158 ] ] ] ] } },
{ "type": "Feature", "properties": { "id": 1181.0, "temple": 1.0, "parking": 0.0, "junction": 0.0, "building": 1.0, "hotel": 0.0, "id_2": 4, "GHAT_NAME": "Maharishi Sant Balinath Ghat", "n": 1, "distance": 724.94314853095011, "Demand": 8.0, "Class": "Low" }, "geometry": { "type": "MultiPolygon", "coordinates": [ [ [ [ 578691.462564746616408, 2563758.865538750775158 ], [ 578741.462564746616408, 2563758.865538750775158 ], [ 578741.462564746616408, 2563708.865538750775158 ], [ 578691.462564746616408, 2563708.865538750775158 ], [ 578691.462564746616408, 2563758.865538750775158 ] ] ] ] } },
{ "type": "Feature", "properties": { "id": 1182.0, "temple": 0.0, "parking": 0.0, "junction": 1.0, "building": 0.0, "hotel": 0.0, "id_2": 4, "GHAT_NAME": "Maharishi Sant Balinath Ghat", "n": 1, "distance": 759.15327309218799, "Demand": 4.0, "Class": "Very Low" }, "geometry": { "type": "MultiPolygon", "coordinates": [ [ [ [ 578691.462564746616408, 2563708.865538750775158 ], [ 578741.462564746616408, 2563708.865538750775158 ], [ 578741.462564746616408, 2563658.865538750775158 ], [ 578691.462564746616408, 2563658.865538750775158 ], [ 578691.462564746616408, 2563708.865538750775158 ] ] ] ] } },
{ "type": "Feature", "properties": { "id": 1183.0, "temple": 0.0, "parking": 0.0, "junction": 0.0, "building": 0.0, "hotel": 0.0, "id_2": 4, "GHAT_NAME": "Maharishi Sant Balinath Ghat", "n": 1, "distance": 793.82773712395976, "Demand": 2.0, "Class": "Very Low" }, "geometry": { "type": "MultiPolygon", "coordinates": [ [ [ [ 578691.462564746616408, 2563658.865538750775158 ], [ 578741.462564746616408, 2563658.865538750775158 ], [ 578741.462564746616408, 2563608.865538750775158 ], [ 578691.462564746616408, 2563608.865538750775158 ], [ 578691.462564746616408, 2563658.865538750775158 ] ] ] ] } },
{ "type": "Feature", "properties": { "id": 1184.0, "temple": 0.0, "parking": 0.0, "junction": 0.0, "building": 0.0, "hotel": 0.0, "id_2": 4, "GHAT_NAME": "Maharishi Sant Balinath Ghat", "n": 1, "distance": 828.35437269575755, "Demand": 2.0, "Class": "Very Low" }, "geometry": { "type": "MultiPolygon", "coordinates": [ [ [ [ 578691.462564746616408, 2563608.865538750775158 ], [ 578741.462564746616408, 2563608.865538750775158 ], [ 578741.462564746616408, 2563558.865538750775158 ], [ 578691.462564746616408, 2563558.865538750775158 ], [ 578691.462564746616408, 2563608.865538750775158 ] ] ] ] } },
{ "type": "Feature", "properties": { "id": 1185.0, "temple": 0.0, "parking": 0.0, "junction": 0.0, "building": 0.0, "hotel": 0.0, "id_2": 4, "GHAT_NAME": "Maharishi Sant Balinath Ghat", "n": 1, "distance": 863.27575606818937, "Demand": 2.0, "Class": "Very Low" }, "geometry": { "type": "MultiPolygon", "coordinates": [ [ [ [ 578691.462564746616408, 2563558.865538750775158 ], [ 578741.462564746616408, 2563558.865538750775158 ], [ 578741.462564746616408, 2563508.865538750775158 ], [ 578691.462564746616408, 2563508.865538750775158 ], [ 578691.462564746616408, 2563558.865538750775158 ] ] ] ] } },
{ "type": "Feature", "properties": { "id": 1186.0, "temple": 0.0, "parking": 0.0, "junction": 0.0, "building": 0.0, "hotel": 0.0, "id_2": 4, "GHAT_NAME": "Maharishi Sant Balinath Ghat", "n": 1, "distance": 899.62045700135832, "Demand": 2.0, "Class": "Very Low" }, "geometry": { "type": "MultiPolygon", "coordinates": [ [ [ [ 578691.462564746616408, 2563508.865538750775158 ], [ 578741.462564746616408, 2563508.865538750775158 ], [ 578741.462564746616408, 2563458.865538750775158 ], [ 578691.462564746616408, 2563458.865538750775158 ], [ 578691.462564746616408, 2563508.865538750775158 ] ] ] ] } },
{ "type": "Feature", "properties": { "id": 1187.0, "temple": 0.0, "parking": 0.0, "junction": 0.0, "building": 0.0, "hotel": 0.0, "id_2": 4, "GHAT_NAME": "Maharishi Sant Balinath Ghat", "n": 1, "distance": 937.22404060905399, "Demand": 2.0, "Class": "Very Low" }, "geometry": { "type": "MultiPolygon", "coordinates": [ [ [ [ 578723.299127561040223, 2563422.117444147355855 ], [ 578691.462564746616408, 2563416.49040788738057 ], [ 578691.462564746616408, 2563458.865538750775158 ], [ 578741.462564746616408, 2563458.865538750775158 ], [ 578741.462564746616408, 2563432.253499952610582 ], [ 578723.299127561040223, 2563422.117444147355855 ] ] ] ] } },
{ "type": "Feature", "properties": { "id": 1190.0, "temple": 0.0, "parking": 0.0, "junction": 0.0, "building": 0.0, "hotel": 0.0, "id_2": 10, "GHAT_NAME": "Chakra Tirth Ghat", "n": 1, "distance": 631.50114618267003, "Demand": 2.0, "Class": "Very Low" }, "geometry": { "type": "MultiPolygon", "coordinates": [ [ [ [ 578791.462564746616408, 2565463.774167003575712 ], [ 578791.462564746616408, 2565458.865538750775158 ], [ 578741.462564746616408, 2565458.865538750775158 ], [ 578741.462564746616408, 2565490.989732802379876 ], [ 578791.462564746616408, 2565463.774167003575712 ] ] ] ] } },
{ "type": "Feature", "properties": { "id": 1191.0, "temple": 0.0, "parking": 0.0, "junction": 0.0, "building": 0.0, "hotel": 0.0, "id_2": 10, "GHAT_NAME": "Chakra Tirth Ghat", "n": 1, "distance": 616.30941183947471, "Demand": 2.0, "Class": "Very Low" }, "geometry": { "type": "MultiPolygon", "coordinates": [ [ [ [ 578741.462564746616408, 2565458.865538750775158 ], [ 578791.462564746616408, 2565458.865538750775158 ], [ 578791.462564746616408, 2565408.865538750775158 ], [ 578741.462564746616408, 2565408.865538750775158 ], [ 578741.462564746616408, 2565458.865538750775158 ] ] ] ] } },
{ "type": "Feature", "properties": { "id": 1192.0, "temple": 0.0, "parking": 0.0, "junction": 0.0, "building": 1.0, "hotel": 0.0, "id_2": 10, "GHAT_NAME": "Chakra Tirth Ghat", "n": 1, "distance": 604.01781770660989, "Demand": 3.0, "Class": "Very Low" }, "geometry": { "type": "MultiPolygon", "coordinates": [ [ [ [ 578741.462564746616408, 2565408.865538750775158 ], [ 578791.462564746616408, 2565408.865538750775158 ], [ 578791.462564746616408, 2565358.865538750775158 ], [ 578741.462564746616408, 2565358.865538750775158 ], [ 578741.462564746616408, 2565408.865538750775158 ] ] ] ] } },
{ "type": "Feature", "properties": { "id": 1193.0, "temple": 0.0, "parking": 0.0, "junction": 0.0, "building": 3.0, "hotel": 0.0, "id_2": 10, "GHAT_NAME": "Chakra Tirth Ghat", "n": 1, "distance": 590.7970235450465, "Demand": 5.0, "Class": "Very Low" }, "geometry": { "type": "MultiPolygon", "coordinates": [ [ [ [ 578741.462564746616408, 2565358.865538750775158 ], [ 578791.462564746616408, 2565358.865538750775158 ], [ 578791.462564746616408, 2565308.865538750775158 ], [ 578741.462564746616408, 2565308.865538750775158 ], [ 578741.462564746616408, 2565358.865538750775158 ] ] ] ] } },
{ "type": "Feature", "properties": { "id": 1194.0, "temple": 0.0, "parking": 0.0, "junction": 1.0, "building": 5.0, "hotel": 0.0, "id_2": 10, "GHAT_NAME": "Chakra Tirth Ghat", "n": 1, "distance": 579.16628151505358, "Demand": 9.0, "Class": "Low" }, "geometry": { "type": "MultiPolygon", "coordinates": [ [ [ [ 578741.462564746616408, 2565308.865538750775158 ], [ 578791.462564746616408, 2565308.865538750775158 ], [ 578791.462564746616408, 2565258.865538750775158 ], [ 578741.462564746616408, 2565258.865538750775158 ], [ 578741.462564746616408, 2565308.865538750775158 ] ] ] ] } },
{ "type": "Feature", "properties": { "id": 1195.0, "temple": 0.0, "parking": 0.0, "junction": 1.0, "building": 2.0, "hotel": 0.0, "id_2": 10, "GHAT_NAME": "Chakra Tirth Ghat", "n": 1, "distance": 565.4490198865476, "Demand": 6.0, "Class": "Low" }, "geometry": { "type": "MultiPolygon", "coordinates": [ [ [ [ 578741.462564746616408, 2565258.865538750775158 ], [ 578791.462564746616408, 2565258.865538750775158 ], [ 578791.462564746616408, 2565208.865538750775158 ], [ 578741.462564746616408, 2565208.865538750775158 ], [ 578741.462564746616408, 2565258.865538750775158 ] ] ] ] } },
{ "type": "Feature", "properties": { "id": 1196.0, "temple": 0.0, "parking": 0.0, "junction": 2.0, "building": 7.0, "hotel": 0.0, "id_2": 10, "GHAT_NAME": "Chakra Tirth Ghat", "n": 1, "distance": 552.49799476373187, "Demand": 13.0, "Class": "Moderate" }, "geometry": { "type": "MultiPolygon", "coordinates": [ [ [ [ 578741.462564746616408, 2565208.865538750775158 ], [ 578791.462564746616408, 2565208.865538750775158 ], [ 578791.462564746616408, 2565158.865538750775158 ], [ 578741.462564746616408, 2565158.865538750775158 ], [ 578741.462564746616408, 2565208.865538750775158 ] ] ] ] } },
{ "type": "Feature", "properties": { "id": 1197.0, "temple": 0.0, "parking": 0.0, "junction": 0.0, "building": 11.0, "hotel": 0.0, "id_2": 10, "GHAT_NAME": "Chakra Tirth Ghat", "n": 1, "distance": 538.52878357289796, "Demand": 13.0, "Class": "Moderate" }, "geometry": { "type": "MultiPolygon", "coordinates": [ [ [ [ 578741.462564746616408, 2565158.865538750775158 ], [ 578791.462564746616408, 2565158.865538750775158 ], [ 578791.462564746616408, 2565108.865538750775158 ], [ 578741.462564746616408, 2565108.865538750775158 ], [ 578741.462564746616408, 2565158.865538750775158 ] ] ] ] } },
{ "type": "Feature", "properties": { "id": 1198.0, "temple": 0.0, "parking": 0.0, "junction": 3.0, "building": 3.0, "hotel": 0.0, "id_2": 8, "GHAT_NAME": "Sumeru Ghat", "n": 1, "distance": 525.29782748734203, "Demand": 11.0, "Class": "Moderate" }, "geometry": { "type": "MultiPolygon", "coordinates": [ [ [ [ 578741.462564746616408, 2565108.865538750775158 ], [ 578791.462564746616408, 2565108.865538750775158 ], [ 578791.462564746616408, 2565058.865538750775158 ], [ 578741.462564746616408, 2565058.865538750775158 ], [ 578741.462564746616408, 2565108.865538750775158 ] ] ] ] } },
{ "type": "Feature", "properties": { "id": 1199.0, "temple": 0.0, "parking": 0.0, "junction": 0.0, "building": 5.0, "hotel": 0.0, "id_2": 8, "GHAT_NAME": "Sumeru Ghat", "n": 1, "distance": 513.09770641094394, "Demand": 7.0, "Class": "Low" }, "geometry": { "type": "MultiPolygon", "coordinates": [ [ [ [ 578741.462564746616408, 2565058.865538750775158 ], [ 578791.462564746616408, 2565058.865538750775158 ], [ 578791.462564746616408, 2565008.865538750775158 ], [ 578741.462564746616408, 2565008.865538750775158 ], [ 578741.462564746616408, 2565058.865538750775158 ] ] ] ] } },
{ "type": "Feature", "properties": { "id": 1200.0, "temple": 0.0, "parking": 0.0, "junction": 0.0, "building": 7.0, "hotel": 0.0, "id_2": 8, "GHAT_NAME": "Sumeru Ghat", "n": 1, "distance": 502.64667547613669, "Demand": 9.0, "Class": "Low" }, "geometry": { "type": "MultiPolygon", "coordinates": [ [ [ [ 578741.462564746616408, 2565008.865538750775158 ], [ 578791.462564746616408, 2565008.865538750775158 ], [ 578791.462564746616408, 2564958.865538750775158 ], [ 578741.462564746616408, 2564958.865538750775158 ], [ 578741.462564746616408, 2565008.865538750775158 ] ] ] ] } },
{ "type": "Feature", "properties": { "id": 1201.0, "temple": 0.0, "parking": 0.0, "junction": 2.0, "building": 3.0, "hotel": 0.0, "id_2": 8, "GHAT_NAME": "Sumeru Ghat", "n": 1, "distance": 488.40286412615126, "Demand": 13.0, "Class": "Moderate" }, "geometry": { "type": "MultiPolygon", "coordinates": [ [ [ [ 578741.462564746616408, 2564958.865538750775158 ], [ 578791.462564746616408, 2564958.865538750775158 ], [ 578791.462564746616408, 2564908.865538750775158 ], [ 578741.462564746616408, 2564908.865538750775158 ], [ 578741.462564746616408, 2564958.865538750775158 ] ] ] ] } },
{ "type": "Feature", "properties": { "id": 1202.0, "temple": 0.0, "parking": 0.0, "junction": 1.0, "building": 6.0, "hotel": 0.0, "id_2": 8, "GHAT_NAME": "Sumeru Ghat", "n": 1, "distance": 477.30939420157313, "Demand": 14.0, "Class": "Moderate" }, "geometry": { "type": "MultiPolygon", "coordinates": [ [ [ [ 578741.462564746616408, 2564908.865538750775158 ], [ 578791.462564746616408, 2564908.865538750775158 ], [ 578791.462564746616408, 2564858.865538750775158 ], [ 578741.462564746616408, 2564858.865538750775158 ], [ 578741.462564746616408, 2564908.865538750775158 ] ] ] ] } },
{ "type": "Feature", "properties": { "id": 1203.0, "temple": 0.0, "parking": 0.0, "junction": 0.0, "building": 8.0, "hotel": 0.0, "id_2": 8, "GHAT_NAME": "Sumeru Ghat", "n": 1, "distance": 469.1036024433962, "Demand": 14.0, "Class": "Moderate" }, "geometry": { "type": "MultiPolygon", "coordinates": [ [ [ [ 578741.462564746616408, 2564858.865538750775158 ], [ 578791.462564746616408, 2564858.865538750775158 ], [ 578791.462564746616408, 2564808.865538750775158 ], [ 578741.462564746616408, 2564808.865538750775158 ], [ 578741.462564746616408, 2564858.865538750775158 ] ] ] ] } },
{ "type": "Feature", "properties": { "id": 1204.0, "temple": 0.0, "parking": 0.0, "junction": 1.0, "building": 4.0, "hotel": 0.0, "id_2": 9, "GHAT_NAME": "Ram Ghat", "n": 1, "distance": 461.49162322028872, "Demand": 12.0, "Class": "Moderate" }, "geometry": { "type": "MultiPolygon", "coordinates": [ [ [ [ 578741.462564746616408, 2564808.865538750775158 ], [ 578791.462564746616408, 2564808.865538750775158 ], [ 578791.462564746616408, 2564758.865538750775158 ], [ 578741.462564746616408, 2564758.865538750775158 ], [ 578741.462564746616408, 2564808.865538750775158 ] ] ] ] } },
{ "type": "Feature", "properties": { "id": 1205.0, "temple": 0.0, "parking": 0.0, "junction": 0.0, "building": 3.0, "hotel": 0.0, "id_2": 9, "GHAT_NAME": "Ram Ghat", "n": 1, "distance": 455.63437553591422, "Demand": 9.0, "Class": "Low" }, "geometry": { "type": "MultiPolygon", "coordinates": [ [ [ [ 578741.462564746616408, 2564758.865538750775158 ], [ 578791.462564746616408, 2564758.865538750775158 ], [ 578791.462564746616408, 2564708.865538750775158 ], [ 578741.462564746616408, 2564708.865538750775158 ], [ 578741.462564746616408, 2564758.865538750775158 ] ] ] ] } },
{ "type": "Feature", "properties": { "id": 1206.0, "temple": 0.0, "parking": 0.0, "junction": 1.0, "building": 1.0, "hotel": 0.0, "id_2": 9, "GHAT_NAME": "Ram Ghat", "n": 1, "distance": 451.37633936178145, "Demand": 9.0, "Class": "Low" }, "geometry": { "type": "MultiPolygon", "coordinates": [ [ [ [ 578741.462564746616408, 2564708.865538750775158 ], [ 578791.462564746616408, 2564708.865538750775158 ], [ 578791.462564746616408, 2564658.865538750775158 ], [ 578741.462564746616408, 2564658.865538750775158 ], [ 578741.462564746616408, 2564708.865538750775158 ] ] ] ] } },
{ "type": "Feature", "properties": { "id": 1207.0, "temple": 0.0, "parking": 0.0, "junction": 0.0, "building": 1.0, "hotel": 0.0, "id_2": 9, "GHAT_NAME": "Ram Ghat", "n": 1, "distance": 451.11320444615558, "Demand": 7.0, "Class": "Low" }, "geometry": { "type": "MultiPolygon", "coordinates": [ [ [ [ 578741.462564746616408, 2564658.865538750775158 ], [ 578791.462564746616408, 2564658.865538750775158 ], [ 578791.462564746616408, 2564608.865538750775158 ], [ 578741.462564746616408, 2564608.865538750775158 ], [ 578741.462564746616408, 2564658.865538750775158 ] ] ] ] } },
{ "type": "Feature", "properties": { "id": 1208.0, "temple": 0.0, "parking": 0.0, "junction": 0.0, "building": 4.0, "hotel": 1.0, "id_2": 9, "GHAT_NAME": "Ram Ghat", "n": 1, "distance": 452.43736853682594, "Demand": 12.0, "Class": "Moderate" }, "geometry": { "type": "MultiPolygon", "coordinates": [ [ [ [ 578741.462564746616408, 2564608.865538750775158 ], [ 578791.462564746616408, 2564608.865538750775158 ], [ 578791.462564746616408, 2564558.865538750775158 ], [ 578741.462564746616408, 2564558.865538750775158 ], [ 578741.462564746616408, 2564608.865538750775158 ] ] ] ] } },
{ "type": "Feature", "properties": { "id": 1209.0, "temple": 0.0, "parking": 0.0, "junction": 0.0, "building": 3.0, "hotel": 0.0, "id_2": 9, "GHAT_NAME": "Ram Ghat", "n": 1, "distance": 455.37547003431291, "Demand": 9.0, "Class": "Low" }, "geometry": { "type": "MultiPolygon", "coordinates": [ [ [ [ 578741.462564746616408, 2564558.865538750775158 ], [ 578791.462564746616408, 2564558.865538750775158 ], [ 578791.462564746616408, 2564508.865538750775158 ], [ 578741.462564746616408, 2564508.865538750775158 ], [ 578741.462564746616408, 2564558.865538750775158 ] ] ] ] } },
{ "type": "Feature", "properties": { "id": 1210.0, "temple": 0.0, "parking": 0.0, "junction": 0.0, "building": 11.0, "hotel": 0.0, "id_2": 9, "GHAT_NAME": "Ram Ghat", "n": 1, "distance": 463.1112542982525, "Demand": 17.0, "Class": "High" }, "geometry": { "type": "MultiPolygon", "coordinates": [ [ [ [ 578741.462564746616408, 2564508.865538750775158 ], [ 578791.462564746616408, 2564508.865538750775158 ], [ 578791.462564746616408, 2564458.865538750775158 ], [ 578741.462564746616408, 2564458.865538750775158 ], [ 578741.462564746616408, 2564508.865538750775158 ] ] ] ] } },
{ "type": "Feature", "properties": { "id": 1211.0, "temple": 0.0, "parking": 0.0, "junction": 1.0, "building": 4.0, "hotel": 0.0, "id_2": 9, "GHAT_NAME": "Ram Ghat", "n": 1, "distance": 474.8770831598477, "Demand": 12.0, "Class": "Moderate" }, "geometry": { "type": "MultiPolygon", "coordinates": [ [ [ [ 578741.462564746616408, 2564458.865538750775158 ], [ 578791.462564746616408, 2564458.865538750775158 ], [ 578791.462564746616408, 2564408.865538750775158 ], [ 578741.462564746616408, 2564408.865538750775158 ], [ 578741.462564746616408, 2564458.865538750775158 ] ] ] ] } },
{ "type": "Feature", "properties": { "id": 1212.0, "temple": 0.0, "parking": 0.0, "junction": 0.0, "building": 2.0, "hotel": 1.0, "id_2": 9, "GHAT_NAME": "Ram Ghat", "n": 1, "distance": 485.38639447953682, "Demand": 10.0, "Class": "Low" }, "geometry": { "type": "MultiPolygon", "coordinates": [ [ [ [ 578741.462564746616408, 2564408.865538750775158 ], [ 578791.462564746616408, 2564408.865538750775158 ], [ 578791.462564746616408, 2564358.865538750775158 ], [ 578741.462564746616408, 2564358.865538750775158 ], [ 578741.462564746616408, 2564408.865538750775158 ] ] ] ] } },
{ "type": "Feature", "properties": { "id": 1213.0, "temple": 0.0, "parking": 0.0, "junction": 4.0, "building": 2.0, "hotel": 2.0, "id_2": 9, "GHAT_NAME": "Ram Ghat", "n": 1, "distance": 498.71859235725481, "Demand": 20.0, "Class": "High" }, "geometry": { "type": "MultiPolygon", "coordinates": [ [ [ [ 578741.462564746616408, 2564358.865538750775158 ], [ 578791.462564746616408, 2564358.865538750775158 ], [ 578791.462564746616408, 2564308.865538750775158 ], [ 578741.462564746616408, 2564308.865538750775158 ], [ 578741.462564746616408, 2564358.865538750775158 ] ] ] ] } },
{ "type": "Feature", "properties": { "id": 1214.0, "temple": 0.0, "parking": 0.0, "junction": 0.0, "building": 4.0, "hotel": 0.0, "id_2": 9, "GHAT_NAME": "Ram Ghat", "n": 1, "distance": 515.05695289312712, "Demand": 6.0, "Class": "Low" }, "geometry": { "type": "MultiPolygon", "coordinates": [ [ [ [ 578741.462564746616408, 2564308.865538750775158 ], [ 578791.462564746616408, 2564308.865538750775158 ], [ 578791.462564746616408, 2564258.865538750775158 ], [ 578741.462564746616408, 2564258.865538750775158 ], [ 578741.462564746616408, 2564308.865538750775158 ] ] ] ] } },
{ "type": "Feature", "properties": { "id": 1215.0, "temple": 0.0, "parking": 0.0, "junction": 1.0, "building": 2.0, "hotel": 2.0, "id_2": 9, "GHAT_NAME": "Ram Ghat", "n": 1, "distance": 527.43771300210142, "Demand": 10.0, "Class": "Low" }, "geometry": { "type": "MultiPolygon", "coordinates": [ [ [ [ 578741.462564746616408, 2564258.865538750775158 ], [ 578791.462564746616408, 2564258.865538750775158 ], [ 578791.462564746616408, 2564208.865538750775158 ], [ 578741.462564746616408, 2564208.865538750775158 ], [ 578741.462564746616408, 2564258.865538750775158 ] ] ] ] } },
{ "type": "Feature", "properties": { "id": 1216.0, "temple": 0.0, "parking": 0.0, "junction": 1.0, "building": 3.0, "hotel": 1.0, "id_2": 9, "GHAT_NAME": "Ram Ghat", "n": 1, "distance": 539.61194113559065, "Demand": 9.0, "Class": "Low" }, "geometry": { "type": "MultiPolygon", "coordinates": [ [ [ [ 578741.462564746616408, 2564208.865538750775158 ], [ 578791.462564746616408, 2564208.865538750775158 ], [ 578791.462564746616408, 2564158.865538750775158 ], [ 578741.462564746616408, 2564158.865538750775158 ], [ 578741.462564746616408, 2564208.865538750775158 ] ] ] ] } },
{ "type": "Feature", "properties": { "id": 1217.0, "temple": 0.0, "parking": 0.0, "junction": 1.0, "building": 4.0, "hotel": 8.0, "id_2": 9, "GHAT_NAME": "Ram Ghat", "n": 1, "distance": 554.91021905586206, "Demand": 24.0, "Class": "Very High" }, "geometry": { "type": "MultiPolygon", "coordinates": [ [ [ [ 578741.462564746616408, 2564158.865538750775158 ], [ 578791.462564746616408, 2564158.865538750775158 ], [ 578791.462564746616408, 2564108.865538750775158 ], [ 578741.462564746616408, 2564108.865538750775158 ], [ 578741.462564746616408, 2564158.865538750775158 ] ] ] ] } },
{ "type": "Feature", "properties": { "id": 1218.0, "temple": 0.0, "parking": 0.0, "junction": 2.0, "building": 4.0, "hotel": 3.0, "id_2": 9, "GHAT_NAME": "Ram Ghat", "n": 1, "distance": 572.30609135809345, "Demand": 16.0, "Class": "High" }, "geometry": { "type": "MultiPolygon", "coordinates": [ [ [ [ 578741.462564746616408, 2564108.865538750775158 ], [ 578791.462564746616408, 2564108.865538750775158 ], [ 578791.462564746616408, 2564058.865538750775158 ], [ 578741.462564746616408, 2564058.865538750775158 ], [ 578741.462564746616408, 2564108.865538750775158 ] ] ] ] } },
{ "type": "Feature", "properties": { "id": 1219.0, "temple": 0.0, "parking": 0.0, "junction": 1.0, "building": 2.0, "hotel": 3.0, "id_2": 9, "GHAT_NAME": "Ram Ghat", "n": 1, "distance": 593.41544757156532, "Demand": 12.0, "Class": "Moderate" }, "geometry": { "type": "MultiPolygon", "coordinates": [ [ [ [ 578741.462564746616408, 2564058.865538750775158 ], [ 578791.462564746616408, 2564058.865538750775158 ], [ 578791.462564746616408, 2564008.865538750775158 ], [ 578741.462564746616408, 2564008.865538750775158 ], [ 578741.462564746616408, 2564058.865538750775158 ] ] ] ] } },
{ "type": "Feature", "properties": { "id": 1220.0, "temple": 0.0, "parking": 0.0, "junction": 0.0, "building": 9.0, "hotel": 3.0, "id_2": 9, "GHAT_NAME": "Ram Ghat", "n": 1, "distance": 617.85882256996535, "Demand": 17.0, "Class": "High" }, "geometry": { "type": "MultiPolygon", "coordinates": [ [ [ [ 578741.462564746616408, 2564008.865538750775158 ], [ 578791.462564746616408, 2564008.865538750775158 ], [ 578791.462564746616408, 2563958.865538750775158 ], [ 578741.462564746616408, 2563958.865538750775158 ], [ 578741.462564746616408, 2564008.865538750775158 ] ] ] ] } },
{ "type": "Feature", "properties": { "id": 1221.0, "temple": 0.0, "parking": 0.0, "junction": 1.0, "building": 7.0, "hotel": 2.0, "id_2": 9, "GHAT_NAME": "Ram Ghat", "n": 1, "distance": 645.25743377238734, "Demand": 15.0, "Class": "Moderate" }, "geometry": { "type": "MultiPolygon", "coordinates": [ [ [ [ 578741.462564746616408, 2563958.865538750775158 ], [ 578791.462564746616408, 2563958.865538750775158 ], [ 578791.462564746616408, 2563908.865538750775158 ], [ 578741.462564746616408, 2563908.865538750775158 ], [ 578741.462564746616408, 2563958.865538750775158 ] ] ] ] } },
{ "type": "Feature", "properties": { "id": 1222.0, "temple": 0.0, "parking": 0.0, "junction": 0.0, "building": 2.0, "hotel": 1.0, "id_2": 9, "GHAT_NAME": "Ram Ghat", "n": 1, "distance": 675.25164720236671, "Demand": 6.0, "Class": "Low" }, "geometry": { "type": "MultiPolygon", "coordinates": [ [ [ [ 578741.462564746616408, 2563908.865538750775158 ], [ 578791.462564746616408, 2563908.865538750775158 ], [ 578791.462564746616408, 2563858.865538750775158 ], [ 578741.462564746616408, 2563858.865538750775158 ], [ 578741.462564746616408, 2563908.865538750775158 ] ] ] ] } },
{ "type": "Feature", "properties": { "id": 1223.0, "temple": 0.0, "parking": 0.0, "junction": 0.0, "building": 1.0, "hotel": 1.0, "id_2": 4, "GHAT_NAME": "Maharishi Sant Balinath Ghat", "n": 1, "distance": 703.97911131623221, "Demand": 5.0, "Class": "Very Low" }, "geometry": { "type": "MultiPolygon", "coordinates": [ [ [ [ 578741.462564746616408, 2563858.865538750775158 ], [ 578791.462564746616408, 2563858.865538750775158 ], [ 578791.462564746616408, 2563808.865538750775158 ], [ 578741.462564746616408, 2563808.865538750775158 ], [ 578741.462564746616408, 2563858.865538750775158 ] ] ] ] } },
{ "type": "Feature", "properties": { "id": 1224.0, "temple": 0.0, "parking": 0.0, "junction": 1.0, "building": 0.0, "hotel": 0.0, "id_2": 4, "GHAT_NAME": "Maharishi Sant Balinath Ghat", "n": 1, "distance": 732.36446706145375, "Demand": 4.0, "Class": "Very Low" }, "geometry": { "type": "MultiPolygon", "coordinates": [ [ [ [ 578741.462564746616408, 2563808.865538750775158 ], [ 578791.462564746616408, 2563808.865538750775158 ], [ 578791.462564746616408, 2563758.865538750775158 ], [ 578741.462564746616408, 2563758.865538750775158 ], [ 578741.462564746616408, 2563808.865538750775158 ] ] ] ] } },
{ "type": "Feature", "properties": { "id": 1225.0, "temple": 0.0, "parking": 0.0, "junction": 0.0, "building": 1.0, "hotel": 0.0, "id_2": 4, "GHAT_NAME": "Maharishi Sant Balinath Ghat", "n": 1, "distance": 762.97367979427827, "Demand": 3.0, "Class": "Very Low" }, "geometry": { "type": "MultiPolygon", "coordinates": [ [ [ [ 578741.462564746616408, 2563758.865538750775158 ], [ 578791.462564746616408, 2563758.865538750775158 ], [ 578791.462564746616408, 2563708.865538750775158 ], [ 578741.462564746616408, 2563708.865538750775158 ], [ 578741.462564746616408, 2563758.865538750775158 ] ] ] ] } },
{ "type": "Feature", "properties": { "id": 1226.0, "temple": 0.0, "parking": 0.0, "junction": 1.0, "building": 1.0, "hotel": 0.0, "id_2": 4, "GHAT_NAME": "Maharishi Sant Balinath Ghat", "n": 1, "distance": 795.55009867602735, "Demand": 5.0, "Class": "Very Low" }, "geometry": { "type": "MultiPolygon", "coordinates": [ [ [ [ 578741.462564746616408, 2563708.865538750775158 ], [ 578791.462564746616408, 2563708.865538750775158 ], [ 578791.462564746616408, 2563658.865538750775158 ], [ 578741.462564746616408, 2563658.865538750775158 ], [ 578741.462564746616408, 2563708.865538750775158 ] ] ] ] } },
{ "type": "Feature", "properties": { "id": 1227.0, "temple": 0.0, "parking": 0.0, "junction": 1.0, "building": 3.0, "hotel": 0.0, "id_2": 4, "GHAT_NAME": "Maharishi Sant Balinath Ghat", "n": 1, "distance": 829.86208670359906, "Demand": 7.0, "Class": "Low" }, "geometry": { "type": "MultiPolygon", "coordinates": [ [ [ [ 578741.462564746616408, 2563658.865538750775158 ], [ 578791.462564746616408, 2563658.865538750775158 ], [ 578791.462564746616408, 2563608.865538750775158 ], [ 578741.462564746616408, 2563608.865538750775158 ], [ 578741.462564746616408, 2563658.865538750775158 ] ] ] ] } },
{ "type": "Feature", "properties": { "id": 1228.0, "temple": 0.0, "parking": 0.0, "junction": 0.0, "building": 2.0, "hotel": 0.0, "id_2": 4, "GHAT_NAME": "Maharishi Sant Balinath Ghat", "n": 1, "distance": 864.53297877536374, "Demand": 4.0, "Class": "Very Low" }, "geometry": { "type": "MultiPolygon", "coordinates": [ [ [ [ 578741.462564746616408, 2563608.865538750775158 ], [ 578791.462564746616408, 2563608.865538750775158 ], [ 578791.462564746616408, 2563558.865538750775158 ], [ 578741.462564746616408, 2563558.865538750775158 ], [ 578741.462564746616408, 2563608.865538750775158 ] ] ] ] } },
{ "type": "Feature", "properties": { "id": 1229.0, "temple": 0.0, "parking": 0.0, "junction": 0.0, "building": 0.0, "hotel": 0.0, "id_2": 4, "GHAT_NAME": "Maharishi Sant Balinath Ghat", "n": 1, "distance": 899.02953059315439, "Demand": 2.0, "Class": "Very Low" }, "geometry": { "type": "MultiPolygon", "coordinates": [ [ [ [ 578741.462564746616408, 2563558.865538750775158 ], [ 578791.462564746616408, 2563558.865538750775158 ], [ 578791.462564746616408, 2563508.865538750775158 ], [ 578741.462564746616408, 2563508.865538750775158 ], [ 578741.462564746616408, 2563558.865538750775158 ] ] ] ] } },
{ "type": "Feature", "properties": { "id": 1230.0, "temple": 0.0, "parking": 0.0, "junction": 0.0, "building": 0.0, "hotel": 0.0, "id_2": 4, "GHAT_NAME": "Maharishi Sant Balinath Ghat", "n": 1, "distance": 933.98395731338792, "Demand": 2.0, "Class": "Very Low" }, "geometry": { "type": "MultiPolygon", "coordinates": [ [ [ [ 578789.150354195153341, 2563458.865538750775158 ], [ 578741.462564746616408, 2563458.865538750775158 ], [ 578741.462564746616408, 2563508.865538750775158 ], [ 578791.462564746616408, 2563508.865538750775158 ], [ 578791.462564746616408, 2563460.155861443839967 ], [ 578789.150354195153341, 2563458.865538750775158 ] ] ] ] } },
{ "type": "Feature", "properties": { "id": 1231.0, "temple": 0.0, "parking": 0.0, "junction": 0.0, "building": 0.0, "hotel": 0.0, "id_2": 4, "GHAT_NAME": "Maharishi Sant Balinath Ghat", "n": 1, "distance": 970.25665066466058, "Demand": 2.0, "Class": "Very Low" }, "geometry": { "type": "MultiPolygon", "coordinates": [ [ [ [ 578741.462564746616408, 2563432.253499952610582 ], [ 578741.462564746616408, 2563458.865538750775158 ], [ 578789.150354195153341, 2563458.865538750775158 ], [ 578741.462564746616408, 2563432.253499952610582 ] ] ] ] } },
{ "type": "Feature", "properties": { "id": 1234.0, "temple": 0.0, "parking": 0.0, "junction": 0.0, "building": 0.0, "hotel": 0.0, "id_2": 10, "GHAT_NAME": "Chakra Tirth Ghat", "n": 1, "distance": 678.73924289153922, "Demand": 2.0, "Class": "Very Low" }, "geometry": { "type": "MultiPolygon", "coordinates": [ [ [ [ 578800.480617667431943, 2565458.865538750775158 ], [ 578791.462564746616408, 2565458.865538750775158 ], [ 578791.462564746616408, 2565463.774167003575712 ], [ 578800.480617667431943, 2565458.865538750775158 ] ] ] ] } },
{ "type": "Feature", "properties": { "id": 1235.0, "temple": 0.0, "parking": 0.0, "junction": 0.0, "building": 1.0, "hotel": 0.0, "id_2": 10, "GHAT_NAME": "Chakra Tirth Ghat", "n": 1, "distance": 664.62813161411793, "Demand": 3.0, "Class": "Very Low" }, "geometry": { "type": "MultiPolygon", "coordinates": [ [ [ [ 578841.462564746616408, 2565436.558601204771549 ], [ 578841.462564746616408, 2565408.865538750775158 ], [ 578791.462564746616408, 2565408.865538750775158 ], [ 578791.462564746616408, 2565458.865538750775158 ], [ 578800.480617667431943, 2565458.865538750775158 ], [ 578841.462564746616408, 2565436.558601204771549 ] ] ] ] } },
{ "type": "Feature", "properties": { "id": 1236.0, "temple": 0.0, "parking": 0.0, "junction": 0.0, "building": 0.0, "hotel": 0.0, "id_2": 10, "GHAT_NAME": "Chakra Tirth Ghat", "n": 1, "distance": 651.84472758889524, "Demand": 2.0, "Class": "Very Low" }, "geometry": { "type": "MultiPolygon", "coordinates": [ [ [ [ 578791.462564746616408, 2565408.865538750775158 ], [ 578841.462564746616408, 2565408.865538750775158 ], [ 578841.462564746616408, 2565358.865538750775158 ], [ 578791.462564746616408, 2565358.865538750775158 ], [ 578791.462564746616408, 2565408.865538750775158 ] ] ] ] } },
{ "type": "Feature", "properties": { "id": 1237.0, "temple": 0.0, "parking": 0.0, "junction": 0.0, "building": 4.0, "hotel": 0.0, "id_2": 10, "GHAT_NAME": "Chakra Tirth Ghat", "n": 1, "distance": 639.58716536415909, "Demand": 6.0, "Class": "Low" }, "geometry": { "type": "MultiPolygon", "coordinates": [ [ [ [ 578791.462564746616408, 2565358.865538750775158 ], [ 578841.462564746616408, 2565358.865538750775158 ], [ 578841.462564746616408, 2565308.865538750775158 ], [ 578791.462564746616408, 2565308.865538750775158 ], [ 578791.462564746616408, 2565358.865538750775158 ] ] ] ] } },
{ "type": "Feature", "properties": { "id": 1238.0, "temple": 0.0, "parking": 0.0, "junction": 3.0, "building": 4.0, "hotel": 0.0, "id_2": 10, "GHAT_NAME": "Chakra Tirth Ghat", "n": 1, "distance": 626.8300736692205, "Demand": 12.0, "Class": "Moderate" }, "geometry": { "type": "MultiPolygon", "coordinates": [ [ [ [ 578791.462564746616408, 2565308.865538750775158 ], [ 578841.462564746616408, 2565308.865538750775158 ], [ 578841.462564746616408, 2565258.865538750775158 ], [ 578791.462564746616408, 2565258.865538750775158 ], [ 578791.462564746616408, 2565308.865538750775158 ] ] ] ] } },
{ "type": "Feature", "properties": { "id": 1239.0, "temple": 0.0, "parking": 0.0, "junction": 2.0, "building": 8.0, "hotel": 0.0, "id_2": 10, "GHAT_NAME": "Chakra Tirth Ghat", "n": 1, "distance": 613.91617809144657, "Demand": 14.0, "Class": "Moderate" }, "geometry": { "type": "MultiPolygon", "coordinates": [ [ [ [ 578791.462564746616408, 2565258.865538750775158 ], [ 578841.462564746616408, 2565258.865538750775158 ], [ 578841.462564746616408, 2565208.865538750775158 ], [ 578791.462564746616408, 2565208.865538750775158 ], [ 578791.462564746616408, 2565258.865538750775158 ] ] ] ] } },
{ "type": "Feature", "properties": { "id": 1240.0, "temple": 0.0, "parking": 0.0, "junction": 1.0, "building": 7.0, "hotel": 0.0, "id_2": 10, "GHAT_NAME": "Chakra Tirth Ghat", "n": 1, "distance": 600.06505658313472, "Demand": 11.0, "Class": "Moderate" }, "geometry": { "type": "MultiPolygon", "coordinates": [ [ [ [ 578791.462564746616408, 2565208.865538750775158 ], [ 578841.462564746616408, 2565208.865538750775158 ], [ 578841.462564746616408, 2565158.865538750775158 ], [ 578791.462564746616408, 2565158.865538750775158 ], [ 578791.462564746616408, 2565208.865538750775158 ] ] ] ] } },
{ "type": "Feature", "properties": { "id": 1241.0, "temple": 0.0, "parking": 0.0, "junction": 1.0, "building": 6.0, "hotel": 0.0, "id_2": 10, "GHAT_NAME": "Chakra Tirth Ghat", "n": 1, "distance": 587.22848078978689, "Demand": 10.0, "Class": "Low" }, "geometry": { "type": "MultiPolygon", "coordinates": [ [ [ [ 578791.462564746616408, 2565158.865538750775158 ], [ 578841.462564746616408, 2565158.865538750775158 ], [ 578841.462564746616408, 2565108.865538750775158 ], [ 578791.462564746616408, 2565108.865538750775158 ], [ 578791.462564746616408, 2565158.865538750775158 ] ] ] ] } },
{ "type": "Feature", "properties": { "id": 1242.0, "temple": 0.0, "parking": 0.0, "junction": 0.0, "building": 2.0, "hotel": 0.0, "id_2": 8, "GHAT_NAME": "Sumeru Ghat", "n": 1, "distance": 573.35809151651313, "Demand": 4.0, "Class": "Very Low" }, "geometry": { "type": "MultiPolygon", "coordinates": [ [ [ [ 578791.462564746616408, 2565108.865538750775158 ], [ 578841.462564746616408, 2565108.865538750775158 ], [ 578841.462564746616408, 2565058.865538750775158 ], [ 578791.462564746616408, 2565058.865538750775158 ], [ 578791.462564746616408, 2565108.865538750775158 ] ] ] ] } },
{ "type": "Feature", "properties": { "id": 1243.0, "temple": 0.0, "parking": 0.0, "junction": 0.0, "building": 7.0, "hotel": 0.0, "id_2": 8, "GHAT_NAME": "Sumeru Ghat", "n": 1, "distance": 562.00067256797274, "Demand": 9.0, "Class": "Low" }, "geometry": { "type": "MultiPolygon", "coordinates": [ [ [ [ 578791.462564746616408, 2565058.865538750775158 ], [ 578841.462564746616408, 2565058.865538750775158 ], [ 578841.462564746616408, 2565008.865538750775158 ], [ 578791.462564746616408, 2565008.865538750775158 ], [ 578791.462564746616408, 2565058.865538750775158 ] ] ] ] } },
{ "type": "Feature", "properties": { "id": 1244.0, "temple": 0.0, "parking": 0.0, "junction": 0.0, "building": 5.0, "hotel": 0.0, "id_2": 8, "GHAT_NAME": "Sumeru Ghat", "n": 1, "distance": 550.43695145735808, "Demand": 7.0, "Class": "Low" }, "geometry": { "type": "MultiPolygon", "coordinates": [ [ [ [ 578791.462564746616408, 2565008.865538750775158 ], [ 578841.462564746616408, 2565008.865538750775158 ], [ 578841.462564746616408, 2564958.865538750775158 ], [ 578791.462564746616408, 2564958.865538750775158 ], [ 578791.462564746616408, 2565008.865538750775158 ] ] ] ] } },
{ "type": "Feature", "properties": { "id": 1245.0, "temple": 0.0, "parking": 0.0, "junction": 0.0, "building": 2.0, "hotel": 0.0, "id_2": 8, "GHAT_NAME": "Sumeru Ghat", "n": 1, "distance": 536.70883216377092, "Demand": 4.0, "Class": "Very Low" }, "geometry": { "type": "MultiPolygon", "coordinates": [ [ [ [ 578791.462564746616408, 2564958.865538750775158 ], [ 578841.462564746616408, 2564958.865538750775158 ], [ 578841.462564746616408, 2564908.865538750775158 ], [ 578791.462564746616408, 2564908.865538750775158 ], [ 578791.462564746616408, 2564958.865538750775158 ] ] ] ] } },
{ "type": "Feature", "properties": { "id": 1246.0, "temple": 0.0, "parking": 0.0, "junction": 0.0, "building": 6.0, "hotel": 0.0, "id_2": 8, "GHAT_NAME": "Sumeru Ghat", "n": 1, "distance": 526.61278064311728, "Demand": 8.0, "Class": "Low" }, "geometry": { "type": "MultiPolygon", "coordinates": [ [ [ [ 578791.462564746616408, 2564908.865538750775158 ], [ 578841.462564746616408, 2564908.865538750775158 ], [ 578841.462564746616408, 2564858.865538750775158 ], [ 578791.462564746616408, 2564858.865538750775158 ], [ 578791.462564746616408, 2564908.865538750775158 ] ] ] ] } },
{ "type": "Feature", "properties": { "id": 1247.0, "temple": 0.0, "parking": 0.0, "junction": 0.0, "building": 7.0, "hotel": 0.0, "id_2": 8, "GHAT_NAME": "Sumeru Ghat", "n": 1, "distance": 518.5865039660074, "Demand": 9.0, "Class": "Low" }, "geometry": { "type": "MultiPolygon", "coordinates": [ [ [ [ 578791.462564746616408, 2564858.865538750775158 ], [ 578841.462564746616408, 2564858.865538750775158 ], [ 578841.462564746616408, 2564808.865538750775158 ], [ 578791.462564746616408, 2564808.865538750775158 ], [ 578791.462564746616408, 2564858.865538750775158 ] ] ] ] } },
{ "type": "Feature", "properties": { "id": 1248.0, "temple": 0.0, "parking": 0.0, "junction": 0.0, "building": 1.0, "hotel": 0.0, "id_2": 9, "GHAT_NAME": "Ram Ghat", "n": 1, "distance": 510.83007043606517, "Demand": 3.0, "Class": "Very Low" }, "geometry": { "type": "MultiPolygon", "coordinates": [ [ [ [ 578791.462564746616408, 2564808.865538750775158 ], [ 578841.462564746616408, 2564808.865538750775158 ], [ 578841.462564746616408, 2564758.865538750775158 ], [ 578791.462564746616408, 2564758.865538750775158 ], [ 578791.462564746616408, 2564808.865538750775158 ] ] ] ] } },
{ "type": "Feature", "properties": { "id": 1249.0, "temple": 1.0, "parking": 0.0, "junction": 1.0, "building": 5.0, "hotel": 0.0, "id_2": 9, "GHAT_NAME": "Ram Ghat", "n": 1, "distance": 505.36417311417324, "Demand": 14.0, "Class": "Moderate" }, "geometry": { "type": "MultiPolygon", "coordinates": [ [ [ [ 578791.462564746616408, 2564758.865538750775158 ], [ 578841.462564746616408, 2564758.865538750775158 ], [ 578841.462564746616408, 2564708.865538750775158 ], [ 578791.462564746616408, 2564708.865538750775158 ], [ 578791.462564746616408, 2564758.865538750775158 ] ] ] ] } },
{ "type": "Feature", "properties": { "id": 1250.0, "temple": 0.0, "parking": 0.0, "junction": 0.0, "building": 3.0, "hotel": 0.0, "id_2": 9, "GHAT_NAME": "Ram Ghat", "n": 1, "distance": 501.3500974172216, "Demand": 5.0, "Class": "Very Low" }, "geometry": { "type": "MultiPolygon", "coordinates": [ [ [ [ 578791.462564746616408, 2564708.865538750775158 ], [ 578841.462564746616408, 2564708.865538750775158 ], [ 578841.462564746616408, 2564658.865538750775158 ], [ 578791.462564746616408, 2564658.865538750775158 ], [ 578791.462564746616408, 2564708.865538750775158 ] ] ] ] } },
{ "type": "Feature", "properties": { "id": 1251.0, "temple": 0.0, "parking": 0.0, "junction": 2.0, "building": 2.0, "hotel": 3.0, "id_2": 9, "GHAT_NAME": "Ram Ghat", "n": 1, "distance": 501.11320444615558, "Demand": 14.0, "Class": "Moderate" }, "geometry": { "type": "MultiPolygon", "coordinates": [ [ [ [ 578791.462564746616408, 2564658.865538750775158 ], [ 578841.462564746616408, 2564658.865538750775158 ], [ 578841.462564746616408, 2564608.865538750775158 ], [ 578791.462564746616408, 2564608.865538750775158 ], [ 578791.462564746616408, 2564658.865538750775158 ] ] ] ] } },
{ "type": "Feature", "properties": { "id": 1252.0, "temple": 0.0, "parking": 0.0, "junction": 0.0, "building": 5.0, "hotel": 0.0, "id_2": 9, "GHAT_NAME": "Ram Ghat", "n": 1, "distance": 502.30557720688631, "Demand": 7.0, "Class": "Low" }, "geometry": { "type": "MultiPolygon", "coordinates": [ [ [ [ 578791.462564746616408, 2564608.865538750775158 ], [ 578841.462564746616408, 2564608.865538750775158 ], [ 578841.462564746616408, 2564558.865538750775158 ], [ 578791.462564746616408, 2564558.865538750775158 ], [ 578791.462564746616408, 2564608.865538750775158 ] ] ] ] } },
{ "type": "Feature", "properties": { "id": 1253.0, "temple": 0.0, "parking": 0.0, "junction": 2.0, "building": 5.0, "hotel": 1.0, "id_2": 9, "GHAT_NAME": "Ram Ghat", "n": 1, "distance": 505.11896498227003, "Demand": 13.0, "Class": "Moderate" }, "geometry": { "type": "MultiPolygon", "coordinates": [ [ [ [ 578791.462564746616408, 2564558.865538750775158 ], [ 578841.462564746616408, 2564558.865538750775158 ], [ 578841.462564746616408, 2564508.865538750775158 ], [ 578791.462564746616408, 2564508.865538750775158 ], [ 578791.462564746616408, 2564558.865538750775158 ] ] ] ] } },
{ "type": "Feature", "properties": { "id": 1254.0, "temple": 0.0, "parking": 0.0, "junction": 1.0, "building": 6.0, "hotel": 0.0, "id_2": 9, "GHAT_NAME": "Ram Ghat", "n": 1, "distance": 512.13160531402696, "Demand": 10.0, "Class": "Low" }, "geometry": { "type": "MultiPolygon", "coordinates": [ [ [ [ 578791.462564746616408, 2564508.865538750775158 ], [ 578841.462564746616408, 2564508.865538750775158 ], [ 578841.462564746616408, 2564458.865538750775158 ], [ 578791.462564746616408, 2564458.865538750775158 ], [ 578791.462564746616408, 2564508.865538750775158 ] ] ] ] } },
{ "type": "Feature", "properties": { "id": 1255.0, "temple": 0.0, "parking": 0.0, "junction": 1.0, "building": 4.0, "hotel": 0.0, "id_2": 9, "GHAT_NAME": "Ram Ghat", "n": 1, "distance": 523.80476700752081, "Demand": 8.0, "Class": "Low" }, "geometry": { "type": "MultiPolygon", "coordinates": [ [ [ [ 578791.462564746616408, 2564458.865538750775158 ], [ 578841.462564746616408, 2564458.865538750775158 ], [ 578841.462564746616408, 2564408.865538750775158 ], [ 578791.462564746616408, 2564408.865538750775158 ], [ 578791.462564746616408, 2564458.865538750775158 ] ] ] ] } },
{ "type": "Feature", "properties": { "id": 1256.0, "temple": 0.0, "parking": 0.0, "junction": 0.0, "building": 4.0, "hotel": 0.0, "id_2": 9, "GHAT_NAME": "Ram Ghat", "n": 1, "distance": 533.83227857313102, "Demand": 6.0, "Class": "Low" }, "geometry": { "type": "MultiPolygon", "coordinates": [ [ [ [ 578791.462564746616408, 2564408.865538750775158 ], [ 578841.462564746616408, 2564408.865538750775158 ], [ 578841.462564746616408, 2564358.865538750775158 ], [ 578791.462564746616408, 2564358.865538750775158 ], [ 578791.462564746616408, 2564408.865538750775158 ] ] ] ] } },
{ "type": "Feature", "properties": { "id": 1257.0, "temple": 0.0, "parking": 0.0, "junction": 0.0, "building": 5.0, "hotel": 0.0, "id_2": 9, "GHAT_NAME": "Ram Ghat", "n": 1, "distance": 546.87122986199392, "Demand": 7.0, "Class": "Low" }, "geometry": { "type": "MultiPolygon", "coordinates": [ [ [ [ 578791.462564746616408, 2564358.865538750775158 ], [ 578841.462564746616408, 2564358.865538750775158 ], [ 578841.462564746616408, 2564308.865538750775158 ], [ 578791.462564746616408, 2564308.865538750775158 ], [ 578791.462564746616408, 2564358.865538750775158 ] ] ] ] } },
{ "type": "Feature", "properties": { "id": 1258.0, "temple": 0.0, "parking": 0.0, "junction": 1.0, "building": 1.0, "hotel": 2.0, "id_2": 9, "GHAT_NAME": "Ram Ghat", "n": 1, "distance": 561.81097569513634, "Demand": 9.0, "Class": "Low" }, "geometry": { "type": "MultiPolygon", "coordinates": [ [ [ [ 578791.462564746616408, 2564308.865538750775158 ], [ 578841.462564746616408, 2564308.865538750775158 ], [ 578841.462564746616408, 2564258.865538750775158 ], [ 578791.462564746616408, 2564258.865538750775158 ], [ 578791.462564746616408, 2564308.865538750775158 ] ] ] ] } },
{ "type": "Feature", "properties": { "id": 1259.0, "temple": 0.0, "parking": 0.0, "junction": 1.0, "building": 1.0, "hotel": 1.0, "id_2": 9, "GHAT_NAME": "Ram Ghat", "n": 1, "distance": 576.52452464836529, "Demand": 7.0, "Class": "Low" }, "geometry": { "type": "MultiPolygon", "coordinates": [ [ [ [ 578791.462564746616408, 2564258.865538750775158 ], [ 578841.462564746616408, 2564258.865538750775158 ], [ 578841.462564746616408, 2564208.865538750775158 ], [ 578791.462564746616408, 2564208.865538750775158 ], [ 578791.462564746616408, 2564258.865538750775158 ] ] ] ] } },
{ "type": "Feature", "properties": { "id": 1260.0, "temple": 0.0, "parking": 0.0, "junction": 0.0, "building": 3.0, "hotel": 1.0, "id_2": 9, "GHAT_NAME": "Ram Ghat", "n": 1, "distance": 587.68276598880846, "Demand": 7.0, "Class": "Low" }, "geometry": { "type": "MultiPolygon", "coordinates": [ [ [ [ 578791.462564746616408, 2564208.865538750775158 ], [ 578841.462564746616408, 2564208.865538750775158 ], [ 578841.462564746616408, 2564158.865538750775158 ], [ 578791.462564746616408, 2564158.865538750775158 ], [ 578791.462564746616408, 2564208.865538750775158 ] ] ] ] } },
{ "type": "Feature", "properties": { "id": 1261.0, "temple": 0.0, "parking": 0.0, "junction": 1.0, "building": 4.0, "hotel": 3.0, "id_2": 9, "GHAT_NAME": "Ram Ghat", "n": 1, "distance": 602.49831197271158, "Demand": 14.0, "Class": "Moderate" }, "geometry": { "type": "MultiPolygon", "coordinates": [ [ [ [ 578791.462564746616408, 2564158.865538750775158 ], [ 578841.462564746616408, 2564158.865538750775158 ], [ 578841.462564746616408, 2564108.865538750775158 ], [ 578791.462564746616408, 2564108.865538750775158 ], [ 578791.462564746616408, 2564158.865538750775158 ] ] ] ] } },
{ "type": "Feature", "properties": { "id": 1262.0, "temple": 0.0, "parking": 0.0, "junction": 1.0, "building": 0.0, "hotel": 3.0, "id_2": 9, "GHAT_NAME": "Ram Ghat", "n": 1, "distance": 618.72649338753331, "Demand": 10.0, "Class": "Low" }, "geometry": { "type": "MultiPolygon", "coordinates": [ [ [ [ 578791.462564746616408, 2564108.865538750775158 ], [ 578841.462564746616408, 2564108.865538750775158 ], [ 578841.462564746616408, 2564058.865538750775158 ], [ 578791.462564746616408, 2564058.865538750775158 ], [ 578791.462564746616408, 2564108.865538750775158 ] ] ] ] } },
{ "type": "Feature", "properties": { "id": 1263.0, "temple": 0.0, "parking": 0.0, "junction": 0.0, "building": 2.0, "hotel": 1.0, "id_2": 9, "GHAT_NAME": "Ram Ghat", "n": 1, "distance": 638.30251827062079, "Demand": 6.0, "Class": "Low" }, "geometry": { "type": "MultiPolygon", "coordinates": [ [ [ [ 578791.462564746616408, 2564058.865538750775158 ], [ 578841.462564746616408, 2564058.865538750775158 ], [ 578841.462564746616408, 2564008.865538750775158 ], [ 578791.462564746616408, 2564008.865538750775158 ], [ 578791.462564746616408, 2564058.865538750775158 ] ] ] ] } },
{ "type": "Feature", "properties": { "id": 1264.0, "temple": 0.0, "parking": 0.0, "junction": 0.0, "building": 4.0, "hotel": 5.0, "id_2": 9, "GHAT_NAME": "Ram Ghat", "n": 1, "distance": 661.08829670596879, "Demand": 16.0, "Class": "High" }, "geometry": { "type": "MultiPolygon", "coordinates": [ [ [ [ 578791.462564746616408, 2564008.865538750775158 ], [ 578841.462564746616408, 2564008.865538750775158 ], [ 578841.462564746616408, 2563958.865538750775158 ], [ 578791.462564746616408, 2563958.865538750775158 ], [ 578791.462564746616408, 2564008.865538750775158 ] ] ] ] } },
{ "type": "Feature", "properties": { "id": 1265.0, "temple": 0.0, "parking": 0.0, "junction": 0.0, "building": 7.0, "hotel": 4.0, "id_2": 9, "GHAT_NAME": "Ram Ghat", "n": 1, "distance": 686.76441903507327, "Demand": 17.0, "Class": "High" }, "geometry": { "type": "MultiPolygon", "coordinates": [ [ [ [ 578791.462564746616408, 2563958.865538750775158 ], [ 578841.462564746616408, 2563958.865538750775158 ], [ 578841.462564746616408, 2563908.865538750775158 ], [ 578791.462564746616408, 2563908.865538750775158 ], [ 578791.462564746616408, 2563958.865538750775158 ] ] ] ] } },
{ "type": "Feature", "properties": { "id": 1266.0, "temple": 0.0, "parking": 0.0, "junction": 1.0, "building": 4.0, "hotel": 6.0, "id_2": 9, "GHAT_NAME": "Ram Ghat", "n": 1, "distance": 715.01957907707992, "Demand": 20.0, "Class": "High" }, "geometry": { "type": "MultiPolygon", "coordinates": [ [ [ [ 578791.462564746616408, 2563908.865538750775158 ], [ 578841.462564746616408, 2563908.865538750775158 ], [ 578841.462564746616408, 2563858.865538750775158 ], [ 578791.462564746616408, 2563858.865538750775158 ], [ 578791.462564746616408, 2563908.865538750775158 ] ] ] ] } },
{ "type": "Feature", "properties": { "id": 1267.0, "temple": 0.0, "parking": 0.0, "junction": 1.0, "building": 0.0, "hotel": 1.0, "id_2": 9, "GHAT_NAME": "Ram Ghat", "n": 1, "distance": 745.56061435308357, "Demand": 6.0, "Class": "Low" }, "geometry": { "type": "MultiPolygon", "coordinates": [ [ [ [ 578791.462564746616408, 2563858.865538750775158 ], [ 578841.462564746616408, 2563858.865538750775158 ], [ 578841.462564746616408, 2563808.865538750775158 ], [ 578791.462564746616408, 2563808.865538750775158 ], [ 578791.462564746616408, 2563858.865538750775158 ] ] ] ] } },
{ "type": "Feature", "properties": { "id": 1268.0, "temple": 0.0, "parking": 0.0, "junction": 0.0, "building": 0.0, "hotel": 0.0, "id_2": 4, "GHAT_NAME": "Maharishi Sant Balinath Ghat", "n": 1, "distance": 773.26837519134426, "Demand": 2.0, "Class": "Very Low" }, "geometry": { "type": "MultiPolygon", "coordinates": [ [ [ [ 578791.462564746616408, 2563808.865538750775158 ], [ 578841.462564746616408, 2563808.865538750775158 ], [ 578841.462564746616408, 2563758.865538750775158 ], [ 578791.462564746616408, 2563758.865538750775158 ], [ 578791.462564746616408, 2563808.865538750775158 ] ] ] ] } },
{ "type": "Feature", "properties": { "id": 1269.0, "temple": 0.0, "parking": 0.0, "junction": 0.0, "building": 2.0, "hotel": 0.0, "id_2": 4, "GHAT_NAME": "Maharishi Sant Balinath Ghat", "n": 1, "distance": 802.31857981457506, "Demand": 4.0, "Class": "Very Low" }, "geometry": { "type": "MultiPolygon", "coordinates": [ [ [ [ 578791.462564746616408, 2563758.865538750775158 ], [ 578841.462564746616408, 2563758.865538750775158 ], [ 578841.462564746616408, 2563708.865538750775158 ], [ 578791.462564746616408, 2563708.865538750775158 ], [ 578791.462564746616408, 2563758.865538750775158 ] ] ] ] } },
{ "type": "Feature", "properties": { "id": 1270.0, "temple": 0.0, "parking": 0.0, "junction": 0.0, "building": 3.0, "hotel": 0.0, "id_2": 4, "GHAT_NAME": "Maharishi Sant Balinath Ghat", "n": 1, "distance": 833.3584024657647, "Demand": 5.0, "Class": "Very Low" }, "geometry": { "type": "MultiPolygon", "coordinates": [ [ [ [ 578791.462564746616408, 2563708.865538750775158 ], [ 578841.462564746616408, 2563708.865538750775158 ], [ 578841.462564746616408, 2563658.865538750775158 ], [ 578791.462564746616408, 2563658.865538750775158 ], [ 578791.462564746616408, 2563708.865538750775158 ] ] ] ] } },
{ "type": "Feature", "properties": { "id": 1271.0, "temple": 0.0, "parking": 0.0, "junction": 1.0, "building": 12.0, "hotel": 0.0, "id_2": 4, "GHAT_NAME": "Maharishi Sant Balinath Ghat", "n": 1, "distance": 866.17397236635225, "Demand": 16.0, "Class": "High" }, "geometry": { "type": "MultiPolygon", "coordinates": [ [ [ [ 578791.462564746616408, 2563658.865538750775158 ], [ 578841.462564746616408, 2563658.865538750775158 ], [ 578841.462564746616408, 2563608.865538750775158 ], [ 578791.462564746616408, 2563608.865538750775158 ], [ 578791.462564746616408, 2563658.865538750775158 ] ] ] ] } },
{ "type": "Feature", "properties": { "id": 1272.0, "temple": 0.0, "parking": 0.0, "junction": 0.0, "building": 15.0, "hotel": 0.0, "id_2": 4, "GHAT_NAME": "Maharishi Sant Balinath Ghat", "n": 1, "distance": 900.57119310442158, "Demand": 17.0, "Class": "High" }, "geometry": { "type": "MultiPolygon", "coordinates": [ [ [ [ 578791.462564746616408, 2563608.865538750775158 ], [ 578841.462564746616408, 2563608.865538750775158 ], [ 578841.462564746616408, 2563558.865538750775158 ], [ 578791.462564746616408, 2563558.865538750775158 ], [ 578791.462564746616408, 2563608.865538750775158 ] ] ] ] } },
{ "type": "Feature", "properties": { "id": 1273.0, "temple": 0.0, "parking": 0.0, "junction": 0.0, "building": 6.0, "hotel": 0.0, "id_2": 4, "GHAT_NAME": "Maharishi Sant Balinath Ghat", "n": 1, "distance": 935.23904246618179, "Demand": 8.0, "Class": "Low" }, "geometry": { "type": "MultiPolygon", "coordinates": [ [ [ [ 578791.462564746616408, 2563558.865538750775158 ], [ 578841.462564746616408, 2563558.865538750775158 ], [ 578841.462564746616408, 2563508.865538750775158 ], [ 578791.462564746616408, 2563508.865538750775158 ], [ 578791.462564746616408, 2563558.865538750775158 ] ] ] ] } },
{ "type": "Feature", "properties": { "id": 1274.0, "temple": 0.0, "parking": 0.0, "junction": 1.0, "building": 2.0, "hotel": 0.0, "id_2": 4, "GHAT_NAME": "Maharishi Sant Balinath Ghat", "n": 1, "distance": 969.70876988001919, "Demand": 6.0, "Class": "Low" }, "geometry": { "type": "MultiPolygon", "coordinates": [ [ [ [ 578791.462564746616408, 2563460.155861443839967 ], [ 578791.462564746616408, 2563508.865538750775158 ], [ 578841.462564746616408, 2563508.865538750775158 ], [ 578841.462564746616408, 2563488.058222934603691 ], [ 578791.462564746616408, 2563460.155861443839967 ] ] ] ] } },
{ "type": "Feature", "properties": { "id": 1279.0, "temple": 0.0, "parking": 0.0, "junction": 0.0, "building": 1.0, "hotel": 0.0, "id_2": 10, "GHAT_NAME": "Chakra Tirth Ghat", "n": 1, "distance": 713.17867014081912, "Demand": 3.0, "Class": "Very Low" }, "geometry": { "type": "MultiPolygon", "coordinates": [ [ [ [ 578891.462564746616408, 2565409.343035405967385 ], [ 578891.462564746616408, 2565408.865538750775158 ], [ 578841.462564746616408, 2565408.865538750775158 ], [ 578841.462564746616408, 2565436.558601204771549 ], [ 578891.462564746616408, 2565409.343035405967385 ] ] ] ] } },
{ "type": "Feature", "properties": { "id": 1280.0, "temple": 0.0, "parking": 0.0, "junction": 1.0, "building": 7.0, "hotel": 0.0, "id_2": 10, "GHAT_NAME": "Chakra Tirth Ghat", "n": 1, "distance": 699.97540932794686, "Demand": 11.0, "Class": "Moderate" }, "geometry": { "type": "MultiPolygon", "coordinates": [ [ [ [ 578841.462564746616408, 2565408.865538750775158 ], [ 578891.462564746616408, 2565408.865538750775158 ], [ 578891.462564746616408, 2565358.865538750775158 ], [ 578841.462564746616408, 2565358.865538750775158 ], [ 578841.462564746616408, 2565408.865538750775158 ] ] ] ] } },
{ "type": "Feature", "properties": { "id": 1281.0, "temple": 0.0, "parking": 0.0, "junction": 1.0, "building": 1.0, "hotel": 0.0, "id_2": 10, "GHAT_NAME": "Chakra Tirth Ghat", "n": 1, "distance": 688.39894073811092, "Demand": 5.0, "Class": "Very Low" }, "geometry": { "type": "MultiPolygon", "coordinates": [ [ [ [ 578841.462564746616408, 2565358.865538750775158 ], [ 578891.462564746616408, 2565358.865538750775158 ], [ 578891.462564746616408, 2565308.865538750775158 ], [ 578841.462564746616408, 2565308.865538750775158 ], [ 578841.462564746616408, 2565358.865538750775158 ] ] ] ] } },
{ "type": "Feature", "properties": { "id": 1282.0, "temple": 0.0, "parking": 0.0, "junction": 0.0, "building": 5.0, "hotel": 0.0, "id_2": 10, "GHAT_NAME": "Chakra Tirth Ghat", "n": 1, "distance": 674.83205382402105, "Demand": 7.0, "Class": "Low" }, "geometry": { "type": "MultiPolygon", "coordinates": [ [ [ [ 578841.462564746616408, 2565308.865538750775158 ], [ 578891.462564746616408, 2565308.865538750775158 ], [ 578891.462564746616408, 2565258.865538750775158 ], [ 578841.462564746616408, 2565258.865538750775158 ], [ 578841.462564746616408, 2565308.865538750775158 ] ] ] ] } },
{ "type": "Feature", "properties": { "id": 1283.0, "temple": 0.0, "parking": 0.0, "junction": 3.0, "building": 14.0, "hotel": 1.0, "id_2": 10, "GHAT_NAME": "Chakra Tirth Ghat", "n": 1, "distance": 662.60185405938853, "Demand": 24.0, "Class": "Very High" }, "geometry": { "type": "MultiPolygon", "coordinates": [ [ [ [ 578841.462564746616408, 2565258.865538750775158 ], [ 578891.462564746616408, 2565258.865538750775158 ], [ 578891.462564746616408, 2565208.865538750775158 ], [ 578841.462564746616408, 2565208.865538750775158 ], [ 578841.462564746616408, 2565258.865538750775158 ] ] ] ] } },
{ "type": "Feature", "properties": { "id": 1284.0, "temple": 0.0, "parking": 0.0, "junction": 2.0, "building": 11.0, "hotel": 0.0, "id_2": 10, "GHAT_NAME": "Chakra Tirth Ghat", "n": 1, "distance": 647.99854170074855, "Demand": 17.0, "Class": "High" }, "geometry": { "type": "MultiPolygon", "coordinates": [ [ [ [ 578841.462564746616408, 2565208.865538750775158 ], [ 578891.462564746616408, 2565208.865538750775158 ], [ 578891.462564746616408, 2565158.865538750775158 ], [ 578841.462564746616408, 2565158.865538750775158 ], [ 578841.462564746616408, 2565208.865538750775158 ] ] ] ] } },
{ "type": "Feature", "properties": { "id": 1285.0, "temple": 0.0, "parking": 0.0, "junction": 1.0, "building": 8.0, "hotel": 0.0, "id_2": 8, "GHAT_NAME": "Sumeru Ghat", "n": 1, "distance": 635.74981643122999, "Demand": 12.0, "Class": "Moderate" }, "geometry": { "type": "MultiPolygon", "coordinates": [ [ [ [ 578841.462564746616408, 2565158.865538750775158 ], [ 578891.462564746616408, 2565158.865538750775158 ], [ 578891.462564746616408, 2565108.865538750775158 ], [ 578841.462564746616408, 2565108.865538750775158 ], [ 578841.462564746616408, 2565158.865538750775158 ] ] ] ] } },
{ "type": "Feature", "properties": { "id": 1286.0, "temple": 0.0, "parking": 0.0, "junction": 1.0, "building": 7.0, "hotel": 0.0, "id_2": 8, "GHAT_NAME": "Sumeru Ghat", "n": 1, "distance": 621.72437193019471, "Demand": 11.0, "Class": "Moderate" }, "geometry": { "type": "MultiPolygon", "coordinates": [ [ [ [ 578841.462564746616408, 2565108.865538750775158 ], [ 578891.462564746616408, 2565108.865538750775158 ], [ 578891.462564746616408, 2565058.865538750775158 ], [ 578841.462564746616408, 2565058.865538750775158 ], [ 578841.462564746616408, 2565108.865538750775158 ] ] ] ] } },
{ "type": "Feature", "properties": { "id": 1287.0, "temple": 0.0, "parking": 0.0, "junction": 0.0, "building": 2.0, "hotel": 0.0, "id_2": 8, "GHAT_NAME": "Sumeru Ghat", "n": 1, "distance": 610.90363872488763, "Demand": 4.0, "Class": "Very Low" }, "geometry": { "type": "MultiPolygon", "coordinates": [ [ [ [ 578841.462564746616408, 2565058.865538750775158 ], [ 578891.462564746616408, 2565058.865538750775158 ], [ 578891.462564746616408, 2565008.865538750775158 ], [ 578841.462564746616408, 2565008.865538750775158 ], [ 578841.462564746616408, 2565058.865538750775158 ] ] ] ] } },
{ "type": "Feature", "properties": { "id": 1288.0, "temple": 0.0, "parking": 0.0, "junction": 0.0, "building": 2.0, "hotel": 1.0, "id_2": 8, "GHAT_NAME": "Sumeru Ghat", "n": 1, "distance": 598.35824999707017, "Demand": 6.0, "Class": "Low" }, "geometry": { "type": "MultiPolygon", "coordinates": [ [ [ [ 578841.462564746616408, 2565008.865538750775158 ], [ 578891.462564746616408, 2565008.865538750775158 ], [ 578891.462564746616408, 2564958.865538750775158 ], [ 578841.462564746616408, 2564958.865538750775158 ], [ 578841.462564746616408, 2565008.865538750775158 ] ] ] ] } },
{ "type": "Feature", "properties": { "id": 1289.0, "temple": 0.0, "parking": 0.0, "junction": 0.0, "building": 3.0, "hotel": 0.0, "id_2": 8, "GHAT_NAME": "Sumeru Ghat", "n": 1, "distance": 585.29939634222228, "Demand": 5.0, "Class": "Very Low" }, "geometry": { "type": "MultiPolygon", "coordinates": [ [ [ [ 578841.462564746616408, 2564958.865538750775158 ], [ 578891.462564746616408, 2564958.865538750775158 ], [ 578891.462564746616408, 2564908.865538750775158 ], [ 578841.462564746616408, 2564908.865538750775158 ], [ 578841.462564746616408, 2564958.865538750775158 ] ] ] ] } },
{ "type": "Feature", "properties": { "id": 1290.0, "temple": 0.0, "parking": 0.0, "junction": 0.0, "building": 7.0, "hotel": 0.0, "id_2": 8, "GHAT_NAME": "Sumeru Ghat", "n": 1, "distance": 575.92916735926792, "Demand": 9.0, "Class": "Low" }, "geometry": { "type": "MultiPolygon", "coordinates": [ [ [ [ 578841.462564746616408, 2564908.865538750775158 ], [ 578891.462564746616408, 2564908.865538750775158 ], [ 578891.462564746616408, 2564858.865538750775158 ], [ 578841.462564746616408, 2564858.865538750775158 ], [ 578841.462564746616408, 2564908.865538750775158 ] ] ] ] } },
{ "type": "Feature", "properties": { "id": 1291.0, "temple": 0.0, "parking": 0.0, "junction": 0.0, "building": 3.0, "hotel": 0.0, "id_2": 8, "GHAT_NAME": "Sumeru Ghat", "n": 1, "distance": 568.15995491234662, "Demand": 5.0, "Class": "Very Low" }, "geometry": { "type": "MultiPolygon", "coordinates": [ [ [ [ 578841.462564746616408, 2564858.865538750775158 ], [ 578891.462564746616408, 2564858.865538750775158 ], [ 578891.462564746616408, 2564808.865538750775158 ], [ 578841.462564746616408, 2564808.865538750775158 ], [ 578841.462564746616408, 2564858.865538750775158 ] ] ] ] } },
{ "type": "Feature", "properties": { "id": 1292.0, "temple": 0.0, "parking": 0.0, "junction": 0.0, "building": 4.0, "hotel": 0.0, "id_2": 9, "GHAT_NAME": "Ram Ghat", "n": 1, "distance": 560.28582296978891, "Demand": 6.0, "Class": "Low" }, "geometry": { "type": "MultiPolygon", "coordinates": [ [ [ [ 578841.462564746616408, 2564808.865538750775158 ], [ 578891.462564746616408, 2564808.865538750775158 ], [ 578891.462564746616408, 2564758.865538750775158 ], [ 578841.462564746616408, 2564758.865538750775158 ], [ 578841.462564746616408, 2564808.865538750775158 ] ] ] ] } },
{ "type": "Feature", "properties": { "id": 1293.0, "temple": 0.0, "parking": 0.0, "junction": 2.0, "building": 2.0, "hotel": 0.0, "id_2": 9, "GHAT_NAME": "Ram Ghat", "n": 1, "distance": 554.9813221289412, "Demand": 8.0, "Class": "Low" }, "geometry": { "type": "MultiPolygon", "coordinates": [ [ [ [ 578841.462564746616408, 2564758.865538750775158 ], [ 578891.462564746616408, 2564758.865538750775158 ], [ 578891.462564746616408, 2564708.865538750775158 ], [ 578841.462564746616408, 2564708.865538750775158 ], [ 578841.462564746616408, 2564758.865538750775158 ] ] ] ] } },
{ "type": "Feature", "properties": { "id": 1294.0, "temple": 0.0, "parking": 0.0, "junction": 0.0, "building": 4.0, "hotel": 0.0, "id_2": 9, "GHAT_NAME": "Ram Ghat", "n": 1, "distance": 551.32861400880802, "Demand": 6.0, "Class": "Low" }, "geometry": { "type": "MultiPolygon", "coordinates": [ [ [ [ 578841.462564746616408, 2564708.865538750775158 ], [ 578891.462564746616408, 2564708.865538750775158 ], [ 578891.462564746616408, 2564658.865538750775158 ], [ 578841.462564746616408, 2564658.865538750775158 ], [ 578841.462564746616408, 2564708.865538750775158 ] ] ] ] } },
{ "type": "Feature", "properties": { "id": 1295.0, "temple": 0.0, "parking": 0.0, "junction": 1.0, "building": 3.0, "hotel": 0.0, "id_2": 9, "GHAT_NAME": "Ram Ghat", "n": 1, "distance": 551.11320444615558, "Demand": 7.0, "Class": "Low" }, "geometry": { "type": "MultiPolygon", "coordinates": [ [ [ [ 578841.462564746616408, 2564658.865538750775158 ], [ 578891.462564746616408, 2564658.865538750775158 ], [ 578891.462564746616408, 2564608.865538750775158 ], [ 578841.462564746616408, 2564608.865538750775158 ], [ 578841.462564746616408, 2564658.865538750775158 ] ] ] ] } },
{ "type": "Feature", "properties": { "id": 1296.0, "temple": 1.0, "parking": 0.0, "junction": 0.0, "building": 3.0, "hotel": 0.0, "id_2": 9, "GHAT_NAME": "Ram Ghat", "n": 1, "distance": 552.19762163355858, "Demand": 10.0, "Class": "Low" }, "geometry": { "type": "MultiPolygon", "coordinates": [ [ [ [ 578841.462564746616408, 2564608.865538750775158 ], [ 578891.462564746616408, 2564608.865538750775158 ], [ 578891.462564746616408, 2564558.865538750775158 ], [ 578841.462564746616408, 2564558.865538750775158 ], [ 578841.462564746616408, 2564608.865538750775158 ] ] ] ] } },
{ "type": "Feature", "properties": { "id": 1297.0, "temple": 0.0, "parking": 0.0, "junction": 2.0, "building": 3.0, "hotel": 1.0, "id_2": 9, "GHAT_NAME": "Ram Ghat", "n": 1, "distance": 554.90856801868551, "Demand": 11.0, "Class": "Moderate" }, "geometry": { "type": "MultiPolygon", "coordinates": [ [ [ [ 578841.462564746616408, 2564558.865538750775158 ], [ 578891.462564746616408, 2564558.865538750775158 ], [ 578891.462564746616408, 2564508.865538750775158 ], [ 578841.462564746616408, 2564508.865538750775158 ], [ 578841.462564746616408, 2564558.865538750775158 ] ] ] ] } },
{ "type": "Feature", "properties": { "id": 1298.0, "temple": 0.0, "parking": 0.0, "junction": 2.0, "building": 1.0, "hotel": 2.0, "id_2": 9, "GHAT_NAME": "Ram Ghat", "n": 1, "distance": 561.32479765759854, "Demand": 11.0, "Class": "Moderate" }, "geometry": { "type": "MultiPolygon", "coordinates": [ [ [ [ 578841.462564746616408, 2564508.865538750775158 ], [ 578891.462564746616408, 2564508.865538750775158 ], [ 578891.462564746616408, 2564458.865538750775158 ], [ 578841.462564746616408, 2564458.865538750775158 ], [ 578841.462564746616408, 2564508.865538750775158 ] ] ] ] } },
{ "type": "Feature", "properties": { "id": 1299.0, "temple": 0.0, "parking": 0.0, "junction": 2.0, "building": 2.0, "hotel": 0.0, "id_2": 9, "GHAT_NAME": "Ram Ghat", "n": 1, "distance": 571.99491365188283, "Demand": 8.0, "Class": "Low" }, "geometry": { "type": "MultiPolygon", "coordinates": [ [ [ [ 578841.462564746616408, 2564458.865538750775158 ], [ 578891.462564746616408, 2564458.865538750775158 ], [ 578891.462564746616408, 2564408.865538750775158 ], [ 578841.462564746616408, 2564408.865538750775158 ], [ 578841.462564746616408, 2564458.865538750775158 ] ] ] ] } },
{ "type": "Feature", "properties": { "id": 1300.0, "temple": 0.0, "parking": 0.0, "junction": 0.0, "building": 2.0, "hotel": 0.0, "id_2": 9, "GHAT_NAME": "Ram Ghat", "n": 1, "distance": 582.54085809264689, "Demand": 4.0, "Class": "Very Low" }, "geometry": { "type": "MultiPolygon", "coordinates": [ [ [ [ 578841.462564746616408, 2564408.865538750775158 ], [ 578891.462564746616408, 2564408.865538750775158 ], [ 578891.462564746616408, 2564358.865538750775158 ], [ 578841.462564746616408, 2564358.865538750775158 ], [ 578841.462564746616408, 2564408.865538750775158 ] ] ] ] } },
{ "type": "Feature", "properties": { "id": 1301.0, "temple": 0.0, "parking": 0.0, "junction": 1.0, "building": 4.0, "hotel": 0.0, "id_2": 9, "GHAT_NAME": "Ram Ghat", "n": 1, "distance": 595.3285225308274, "Demand": 8.0, "Class": "Low" }, "geometry": { "type": "MultiPolygon", "coordinates": [ [ [ [ 578841.462564746616408, 2564358.865538750775158 ], [ 578891.462564746616408, 2564358.865538750775158 ], [ 578891.462564746616408, 2564308.865538750775158 ], [ 578841.462564746616408, 2564308.865538750775158 ], [ 578841.462564746616408, 2564358.865538750775158 ] ] ] ] } },
{ "type": "Feature", "properties": { "id": 1302.0, "temple": 0.0, "parking": 0.0, "junction": 0.0, "building": 1.0, "hotel": 4.0, "id_2": 9, "GHAT_NAME": "Ram Ghat", "n": 1, "distance": 609.0808485738894, "Demand": 11.0, "Class": "Moderate" }, "geometry": { "type": "MultiPolygon", "coordinates": [ [ [ [ 578841.462564746616408, 2564308.865538750775158 ], [ 578891.462564746616408, 2564308.865538750775158 ], [ 578891.462564746616408, 2564258.865538750775158 ], [ 578841.462564746616408, 2564258.865538750775158 ], [ 578841.462564746616408, 2564308.865538750775158 ] ] ] ] } },
{ "type": "Feature", "properties": { "id": 1303.0, "temple": 0.0, "parking": 0.0, "junction": 0.0, "building": 5.0, "hotel": 4.0, "id_2": 9, "GHAT_NAME": "Ram Ghat", "n": 1, "distance": 625.75595398298856, "Demand": 15.0, "Class": "Moderate" }, "geometry": { "type": "MultiPolygon", "coordinates": [ [ [ [ 578841.462564746616408, 2564258.865538750775158 ], [ 578891.462564746616408, 2564258.865538750775158 ], [ 578891.462564746616408, 2564208.865538750775158 ], [ 578841.462564746616408, 2564208.865538750775158 ], [ 578841.462564746616408, 2564258.865538750775158 ] ] ] ] } },
{ "type": "Feature", "properties": { "id": 1304.0, "temple": 0.0, "parking": 0.0, "junction": 0.0, "building": 2.0, "hotel": 2.0, "id_2": 9, "GHAT_NAME": "Ram Ghat", "n": 1, "distance": 636.05111419161358, "Demand": 8.0, "Class": "Low" }, "geometry": { "type": "MultiPolygon", "coordinates": [ [ [ [ 578841.462564746616408, 2564208.865538750775158 ], [ 578891.462564746616408, 2564208.865538750775158 ], [ 578891.462564746616408, 2564158.865538750775158 ], [ 578841.462564746616408, 2564158.865538750775158 ], [ 578841.462564746616408, 2564208.865538750775158 ] ] ] ] } },
{ "type": "Feature", "properties": { "id": 1305.0, "temple": 0.0, "parking": 0.0, "junction": 1.0, "building": 3.0, "hotel": 4.0, "id_2": 9, "GHAT_NAME": "Ram Ghat", "n": 1, "distance": 650.03963400982411, "Demand": 15.0, "Class": "Moderate" }, "geometry": { "type": "MultiPolygon", "coordinates": [ [ [ [ 578841.462564746616408, 2564158.865538750775158 ], [ 578891.462564746616408, 2564158.865538750775158 ], [ 578891.462564746616408, 2564108.865538750775158 ], [ 578841.462564746616408, 2564108.865538750775158 ], [ 578841.462564746616408, 2564158.865538750775158 ] ] ] ] } },
{ "type": "Feature", "properties": { "id": 1306.0, "temple": 0.0, "parking": 0.0, "junction": 1.0, "building": 2.0, "hotel": 5.0, "id_2": 9, "GHAT_NAME": "Ram Ghat", "n": 1, "distance": 665.66559550099055, "Demand": 16.0, "Class": "High" }, "geometry": { "type": "MultiPolygon", "coordinates": [ [ [ [ 578841.462564746616408, 2564108.865538750775158 ], [ 578891.462564746616408, 2564108.865538750775158 ], [ 578891.462564746616408, 2564058.865538750775158 ], [ 578841.462564746616408, 2564058.865538750775158 ], [ 578841.462564746616408, 2564108.865538750775158 ] ] ] ] } },
{ "type": "Feature", "properties": { "id": 1307.0, "temple": 0.0, "parking": 0.0, "junction": 2.0, "building": 0.0, "hotel": 0.0, "id_2": 9, "GHAT_NAME": "Ram Ghat", "n": 1, "distance": 683.89934657423908, "Demand": 6.0, "Class": "Low" }, "geometry": { "type": "MultiPolygon", "coordinates": [ [ [ [ 578841.462564746616408, 2564058.865538750775158 ], [ 578891.462564746616408, 2564058.865538750775158 ], [ 578891.462564746616408, 2564008.865538750775158 ], [ 578841.462564746616408, 2564008.865538750775158 ], [ 578841.462564746616408, 2564058.865538750775158 ] ] ] ] } },
{ "type": "Feature", "properties": { "id": 1308.0, "temple": 0.0, "parking": 0.0, "junction": 0.0, "building": 6.0, "hotel": 8.0, "id_2": 9, "GHAT_NAME": "Ram Ghat", "n": 1, "distance": 705.21340561255204, "Demand": 24.0, "Class": "Very High" }, "geometry": { "type": "MultiPolygon", "coordinates": [ [ [ [ 578841.462564746616408, 2564008.865538750775158 ], [ 578891.462564746616408, 2564008.865538750775158 ], [ 578891.462564746616408, 2563958.865538750775158 ], [ 578841.462564746616408, 2563958.865538750775158 ], [ 578841.462564746616408, 2564008.865538750775158 ] ] ] ] } },
{ "type": "Feature", "properties": { "id": 1309.0, "temple": 0.0, "parking": 0.0, "junction": 3.0, "building": 5.0, "hotel": 5.0, "id_2": 9, "GHAT_NAME": "Ram Ghat", "n": 1, "distance": 729.33776720161472, "Demand": 23.0, "Class": "Very High" }, "geometry": { "type": "MultiPolygon", "coordinates": [ [ [ [ 578841.462564746616408, 2563958.865538750775158 ], [ 578891.462564746616408, 2563958.865538750775158 ], [ 578891.462564746616408, 2563908.865538750775158 ], [ 578841.462564746616408, 2563908.865538750775158 ], [ 578841.462564746616408, 2563958.865538750775158 ] ] ] ] } },
{ "type": "Feature", "properties": { "id": 1310.0, "temple": 0.0, "parking": 0.0, "junction": 0.0, "building": 4.0, "hotel": 5.0, "id_2": 9, "GHAT_NAME": "Ram Ghat", "n": 1, "distance": 756.00344567840398, "Demand": 16.0, "Class": "High" }, "geometry": { "type": "MultiPolygon", "coordinates": [ [ [ [ 578841.462564746616408, 2563908.865538750775158 ], [ 578891.462564746616408, 2563908.865538750775158 ], [ 578891.462564746616408, 2563858.865538750775158 ], [ 578841.462564746616408, 2563858.865538750775158 ], [ 578841.462564746616408, 2563908.865538750775158 ] ] ] ] } },
{ "type": "Feature", "properties": { "id": 1311.0, "temple": 0.0, "parking": 0.0, "junction": 2.0, "building": 3.0, "hotel": 3.0, "id_2": 9, "GHAT_NAME": "Ram Ghat", "n": 1, "distance": 784.95148964034865, "Demand": 15.0, "Class": "Moderate" }, "geometry": { "type": "MultiPolygon", "coordinates": [ [ [ [ 578841.462564746616408, 2563858.865538750775158 ], [ 578891.462564746616408, 2563858.865538750775158 ], [ 578891.462564746616408, 2563808.865538750775158 ], [ 578841.462564746616408, 2563808.865538750775158 ], [ 578841.462564746616408, 2563858.865538750775158 ] ] ] ] } },
{ "type": "Feature", "properties": { "id": 1312.0, "temple": 0.0, "parking": 0.0, "junction": 0.0, "building": 2.0, "hotel": 0.0, "id_2": 4, "GHAT_NAME": "Maharishi Sant Balinath Ghat", "n": 1, "distance": 815.18724691196951, "Demand": 4.0, "Class": "Very Low" }, "geometry": { "type": "MultiPolygon", "coordinates": [ [ [ [ 578841.462564746616408, 2563808.865538750775158 ], [ 578891.462564746616408, 2563808.865538750775158 ], [ 578891.462564746616408, 2563758.865538750775158 ], [ 578841.462564746616408, 2563758.865538750775158 ], [ 578841.462564746616408, 2563808.865538750775158 ] ] ] ] } },
{ "type": "Feature", "properties": { "id": 1313.0, "temple": 0.0, "parking": 0.0, "junction": 0.0, "building": 1.0, "hotel": 0.0, "id_2": 4, "GHAT_NAME": "Maharishi Sant Balinath Ghat", "n": 1, "distance": 842.79378911601577, "Demand": 3.0, "Class": "Very Low" }, "geometry": { "type": "MultiPolygon", "coordinates": [ [ [ [ 578841.462564746616408, 2563758.865538750775158 ], [ 578891.462564746616408, 2563758.865538750775158 ], [ 578891.462564746616408, 2563708.865538750775158 ], [ 578841.462564746616408, 2563708.865538750775158 ], [ 578841.462564746616408, 2563758.865538750775158 ] ] ] ] } },
{ "type": "Feature", "properties": { "id": 1314.0, "temple": 0.0, "parking": 0.0, "junction": 4.0, "building": 1.0, "hotel": 0.0, "id_2": 4, "GHAT_NAME": "Maharishi Sant Balinath Ghat", "n": 1, "distance": 872.39468958559473, "Demand": 11.0, "Class": "Moderate" }, "geometry": { "type": "MultiPolygon", "coordinates": [ [ [ [ 578841.462564746616408, 2563708.865538750775158 ], [ 578891.462564746616408, 2563708.865538750775158 ], [ 578891.462564746616408, 2563658.865538750775158 ], [ 578841.462564746616408, 2563658.865538750775158 ], [ 578841.462564746616408, 2563708.865538750775158 ] ] ] ] } },
{ "type": "Feature", "properties": { "id": 1315.0, "temple": 0.0, "parking": 0.0, "junction": 0.0, "building": 4.0, "hotel": 0.0, "id_2": 4, "GHAT_NAME": "Maharishi Sant Balinath Ghat", "n": 1, "distance": 903.79401295967943, "Demand": 6.0, "Class": "Low" }, "geometry": { "type": "MultiPolygon", "coordinates": [ [ [ [ 578841.462564746616408, 2563658.865538750775158 ], [ 578891.462564746616408, 2563658.865538750775158 ], [ 578891.462564746616408, 2563608.865538750775158 ], [ 578841.462564746616408, 2563608.865538750775158 ], [ 578841.462564746616408, 2563658.865538750775158 ] ] ] ] } },
{ "type": "Feature", "properties": { "id": 1316.0, "temple": 0.0, "parking": 0.0, "junction": 1.0, "building": 8.0, "hotel": 0.0, "id_2": 4, "GHAT_NAME": "Maharishi Sant Balinath Ghat", "n": 1, "distance": 936.81094213633946, "Demand": 12.0, "Class": "Moderate" }, "geometry": { "type": "MultiPolygon", "coordinates": [ [ [ [ 578841.462564746616408, 2563608.865538750775158 ], [ 578891.462564746616408, 2563608.865538750775158 ], [ 578891.462564746616408, 2563558.865538750775158 ], [ 578841.462564746616408, 2563558.865538750775158 ], [ 578841.462564746616408, 2563608.865538750775158 ] ] ] ] } },
{ "type": "Feature", "properties": { "id": 1317.0, "temple": 0.0, "parking": 0.0, "junction": 0.0, "building": 3.0, "hotel": 0.0, "id_2": 4, "GHAT_NAME": "Maharishi Sant Balinath Ghat", "n": 1, "distance": 971.2805283495552, "Demand": 5.0, "Class": "Very Low" }, "geometry": { "type": "MultiPolygon", "coordinates": [ [ [ [ 578878.748505262192339, 2563508.865538750775158 ], [ 578841.462564746616408, 2563508.865538750775158 ], [ 578841.462564746616408, 2563558.865538750775158 ], [ 578891.462564746616408, 2563558.865538750775158 ], [ 578891.462564746616408, 2563515.960584425833076 ], [ 578878.748505262192339, 2563508.865538750775158 ] ] ] ] } },
{ "type": "Feature", "properties": { "id": 1318.0, "temple": 0.0, "parking": 0.0, "junction": 0.0, "building": 1.0, "hotel": 0.0, "id_2": 4, "GHAT_NAME": "Maharishi Sant Balinath Ghat", "n": 1, "distance": 1005.9457548575458, "Demand": 3.0, "Class": "Very Low" }, "geometry": { "type": "MultiPolygon", "coordinates": [ [ [ [ 578841.462564746616408, 2563488.058222934603691 ], [ 578841.462564746616408, 2563508.865538750775158 ], [ 578878.748505262192339, 2563508.865538750775158 ], [ 578841.462564746616408, 2563488.058222934603691 ] ] ] ] } },
{ "type": "Feature", "properties": { "id": 1323.0, "temple": 0.0, "parking": 0.0, "junction": 0.0, "building": 0.0, "hotel": 0.0, "id_2": 10, "GHAT_NAME": "Chakra Tirth Ghat", "n": 1, "distance": 761.91671313522261, "Demand": 2.0, "Class": "Very Low" }, "geometry": { "type": "MultiPolygon", "coordinates": [ [ [ [ 578892.339813925907947, 2565408.865538750775158 ], [ 578891.462564746616408, 2565408.865538750775158 ], [ 578891.462564746616408, 2565409.343035405967385 ], [ 578892.339813925907947, 2565408.865538750775158 ] ] ] ] } },
{ "type": "Feature", "properties": { "id": 1324.0, "temple": 0.0, "parking": 0.0, "junction": 2.0, "building": 5.0, "hotel": 0.0, "id_2": 10, "GHAT_NAME": "Chakra Tirth Ghat", "n": 1, "distance": 748.35125338454031, "Demand": 11.0, "Class": "Moderate" }, "geometry": { "type": "MultiPolygon", "coordinates": [ [ [ [ 578941.462564746616408, 2565382.127469607163221 ], [ 578941.462564746616408, 2565358.865538750775158 ], [ 578891.462564746616408, 2565358.865538750775158 ], [ 578891.462564746616408, 2565408.865538750775158 ], [ 578892.339813925907947, 2565408.865538750775158 ], [ 578941.462564746616408, 2565382.127469607163221 ] ] ] ] } },
{ "type": "Feature", "properties": { "id": 1325.0, "temple": 0.0, "parking": 0.0, "junction": 1.0, "building": 7.0, "hotel": 0.0, "id_2": 10, "GHAT_NAME": "Chakra Tirth Ghat", "n": 1, "distance": 737.21071611216371, "Demand": 11.0, "Class": "Moderate" }, "geometry": { "type": "MultiPolygon", "coordinates": [ [ [ [ 578891.462564746616408, 2565358.865538750775158 ], [ 578941.462564746616408, 2565358.865538750775158 ], [ 578941.462564746616408, 2565308.865538750775158 ], [ 578891.462564746616408, 2565308.865538750775158 ], [ 578891.462564746616408, 2565358.865538750775158 ] ] ] ] } },
{ "type": "Feature", "properties": { "id": 1326.0, "temple": 0.0, "parking": 0.0, "junction": 2.0, "building": 10.0, "hotel": 0.0, "id_2": 10, "GHAT_NAME": "Chakra Tirth Ghat", "n": 1, "distance": 723.10487516025796, "Demand": 16.0, "Class": "High" }, "geometry": { "type": "MultiPolygon", "coordinates": [ [ [ [ 578891.462564746616408, 2565308.865538750775158 ], [ 578941.462564746616408, 2565308.865538750775158 ], [ 578941.462564746616408, 2565258.865538750775158 ], [ 578891.462564746616408, 2565258.865538750775158 ], [ 578891.462564746616408, 2565308.865538750775158 ] ] ] ] } },
{ "type": "Feature", "properties": { "id": 1327.0, "temple": 0.0, "parking": 0.0, "junction": 1.0, "building": 4.0, "hotel": 0.0, "id_2": 10, "GHAT_NAME": "Chakra Tirth Ghat", "n": 1, "distance": 710.61025284041068, "Demand": 8.0, "Class": "Low" }, "geometry": { "type": "MultiPolygon", "coordinates": [ [ [ [ 578891.462564746616408, 2565258.865538750775158 ], [ 578941.462564746616408, 2565258.865538750775158 ], [ 578941.462564746616408, 2565208.865538750775158 ], [ 578891.462564746616408, 2565208.865538750775158 ], [ 578891.462564746616408, 2565258.865538750775158 ] ] ] ] } },
{ "type": "Feature", "properties": { "id": 1328.0, "temple": 0.0, "parking": 0.0, "junction": 1.0, "building": 6.0, "hotel": 0.0, "id_2": 10, "GHAT_NAME": "Chakra Tirth Ghat", "n": 1, "distance": 696.22277179109324, "Demand": 10.0, "Class": "Low" }, "geometry": { "type": "MultiPolygon", "coordinates": [ [ [ [ 578891.462564746616408, 2565208.865538750775158 ], [ 578941.462564746616408, 2565208.865538750775158 ], [ 578941.462564746616408, 2565158.865538750775158 ], [ 578891.462564746616408, 2565158.865538750775158 ], [ 578891.462564746616408, 2565208.865538750775158 ] ] ] ] } },
{ "type": "Feature", "properties": { "id": 1329.0, "temple": 0.0, "parking": 0.0, "junction": 2.0, "building": 10.0, "hotel": 0.0, "id_2": 8, "GHAT_NAME": "Sumeru Ghat", "n": 1, "distance": 683.35899982138187, "Demand": 16.0, "Class": "High" }, "geometry": { "type": "MultiPolygon", "coordinates": [ [ [ [ 578891.462564746616408, 2565158.865538750775158 ], [ 578941.462564746616408, 2565158.865538750775158 ], [ 578941.462564746616408, 2565108.865538750775158 ], [ 578891.462564746616408, 2565108.865538750775158 ], [ 578891.462564746616408, 2565158.865538750775158 ] ] ] ] } },
{ "type": "Feature", "properties": { "id": 1330.0, "temple": 0.0, "parking": 0.0, "junction": 3.0, "building": 6.0, "hotel": 0.0, "id_2": 8, "GHAT_NAME": "Sumeru Ghat", "n": 1, "distance": 670.33043209788104, "Demand": 14.0, "Class": "Moderate" }, "geometry": { "type": "MultiPolygon", "coordinates": [ [ [ [ 578891.462564746616408, 2565108.865538750775158 ], [ 578941.462564746616408, 2565108.865538750775158 ], [ 578941.462564746616408, 2565058.865538750775158 ], [ 578891.462564746616408, 2565058.865538750775158 ], [ 578891.462564746616408, 2565108.865538750775158 ] ] ] ] } },
{ "type": "Feature", "properties": { "id": 1331.0, "temple": 0.0, "parking": 0.0, "junction": 1.0, "building": 7.0, "hotel": 0.0, "id_2": 8, "GHAT_NAME": "Sumeru Ghat", "n": 1, "distance": 659.80660488180263, "Demand": 11.0, "Class": "Moderate" }, "geometry": { "type": "MultiPolygon", "coordinates": [ [ [ [ 578891.462564746616408, 2565058.865538750775158 ], [ 578941.462564746616408, 2565058.865538750775158 ], [ 578941.462564746616408, 2565008.865538750775158 ], [ 578891.462564746616408, 2565008.865538750775158 ], [ 578891.462564746616408, 2565058.865538750775158 ] ] ] ] } },
{ "type": "Feature", "properties": { "id": 1332.0, "temple": 0.0, "parking": 0.0, "junction": 0.0, "building": 2.0, "hotel": 0.0, "id_2": 8, "GHAT_NAME": "Sumeru Ghat", "n": 1, "distance": 646.37701719345682, "Demand": 4.0, "Class": "Very Low" }, "geometry": { "type": "MultiPolygon", "coordinates": [ [ [ [ 578891.462564746616408, 2565008.865538750775158 ], [ 578941.462564746616408, 2565008.865538750775158 ], [ 578941.462564746616408, 2564958.865538750775158 ], [ 578891.462564746616408, 2564958.865538750775158 ], [ 578891.462564746616408, 2565008.865538750775158 ] ] ] ] } },
{ "type": "Feature", "properties": { "id": 1333.0, "temple": 0.0, "parking": 0.0, "junction": 0.0, "building": 4.0, "hotel": 0.0, "id_2": 8, "GHAT_NAME": "Sumeru Ghat", "n": 1, "distance": 634.10913587058576, "Demand": 6.0, "Class": "Low" }, "geometry": { "type": "MultiPolygon", "coordinates": [ [ [ [ 578891.462564746616408, 2564958.865538750775158 ], [ 578941.462564746616408, 2564958.865538750775158 ], [ 578941.462564746616408, 2564908.865538750775158 ], [ 578891.462564746616408, 2564908.865538750775158 ], [ 578891.462564746616408, 2564958.865538750775158 ] ] ] ] } },
{ "type": "Feature", "properties": { "id": 1334.0, "temple": 0.0, "parking": 0.0, "junction": 0.0, "building": 7.0, "hotel": 0.0, "id_2": 8, "GHAT_NAME": "Sumeru Ghat", "n": 1, "distance": 625.24555407522701, "Demand": 9.0, "Class": "Low" }, "geometry": { "type": "MultiPolygon", "coordinates": [ [ [ [ 578891.462564746616408, 2564908.865538750775158 ], [ 578941.462564746616408, 2564908.865538750775158 ], [ 578941.462564746616408, 2564858.865538750775158 ], [ 578891.462564746616408, 2564858.865538750775158 ], [ 578891.462564746616408, 2564908.865538750775158 ] ] ] ] } },
{ "type": "Feature", "properties": { "id": 1335.0, "temple": 0.0, "parking": 0.0, "junction": 1.0, "building": 4.0, "hotel": 0.0, "id_2": 8, "GHAT_NAME": "Sumeru Ghat", "n": 1, "distance": 617.80215816741338, "Demand": 8.0, "Class": "Low" }, "geometry": { "type": "MultiPolygon", "coordinates": [ [ [ [ 578891.462564746616408, 2564858.865538750775158 ], [ 578941.462564746616408, 2564858.865538750775158 ], [ 578941.462564746616408, 2564808.865538750775158 ], [ 578891.462564746616408, 2564808.865538750775158 ], [ 578891.462564746616408, 2564858.865538750775158 ] ] ] ] } },
{ "type": "Feature", "properties": { "id": 1336.0, "temple": 0.0, "parking": 0.0, "junction": 0.0, "building": 3.0, "hotel": 0.0, "id_2": 9, "GHAT_NAME": "Ram Ghat", "n": 1, "distance": 609.83034196418282, "Demand": 5.0, "Class": "Very Low" }, "geometry": { "type": "MultiPolygon", "coordinates": [ [ [ [ 578891.462564746616408, 2564808.865538750775158 ], [ 578941.462564746616408, 2564808.865538750775158 ], [ 578941.462564746616408, 2564758.865538750775158 ], [ 578891.462564746616408, 2564758.865538750775158 ], [ 578891.462564746616408, 2564808.865538750775158 ] ] ] ] } },
{ "type": "Feature", "properties": { "id": 1337.0, "temple": 0.0, "parking": 0.0, "junction": 0.0, "building": 3.0, "hotel": 0.0, "id_2": 9, "GHAT_NAME": "Ram Ghat", "n": 1, "distance": 604.66154860103609, "Demand": 5.0, "Class": "Very Low" }, "geometry": { "type": "MultiPolygon", "coordinates": [ [ [ [ 578891.462564746616408, 2564758.865538750775158 ], [ 578941.462564746616408, 2564758.865538750775158 ], [ 578941.462564746616408, 2564708.865538750775158 ], [ 578891.462564746616408, 2564708.865538750775158 ], [ 578891.462564746616408, 2564758.865538750775158 ] ] ] ] } },
{ "type": "Feature", "properties": { "id": 1338.0, "temple": 0.0, "parking": 0.0, "junction": 2.0, "building": 3.0, "hotel": 0.0, "id_2": 9, "GHAT_NAME": "Ram Ghat", "n": 1, "distance": 601.3107026068044, "Demand": 9.0, "Class": "Low" }, "geometry": { "type": "MultiPolygon", "coordinates": [ [ [ [ 578891.462564746616408, 2564708.865538750775158 ], [ 578941.462564746616408, 2564708.865538750775158 ], [ 578941.462564746616408, 2564658.865538750775158 ], [ 578891.462564746616408, 2564658.865538750775158 ], [ 578891.462564746616408, 2564708.865538750775158 ] ] ] ] } },
{ "type": "Feature", "properties": { "id": 1339.0, "temple": 0.0, "parking": 0.0, "junction": 1.0, "building": 1.0, "hotel": 1.0, "id_2": 9, "GHAT_NAME": "Ram Ghat", "n": 1, "distance": 601.11320444615546, "Demand": 7.0, "Class": "Low" }, "geometry": { "type": "MultiPolygon", "coordinates": [ [ [ [ 578891.462564746616408, 2564658.865538750775158 ], [ 578941.462564746616408, 2564658.865538750775158 ], [ 578941.462564746616408, 2564608.865538750775158 ], [ 578891.462564746616408, 2564608.865538750775158 ], [ 578891.462564746616408, 2564658.865538750775158 ] ] ] ] } },
{ "type": "Feature", "properties": { "id": 1340.0, "temple": 0.0, "parking": 0.0, "junction": 0.0, "building": 1.0, "hotel": 0.0, "id_2": 9, "GHAT_NAME": "Ram Ghat", "n": 1, "distance": 602.10757658609009, "Demand": 3.0, "Class": "Very Low" }, "geometry": { "type": "MultiPolygon", "coordinates": [ [ [ [ 578891.462564746616408, 2564608.865538750775158 ], [ 578941.462564746616408, 2564608.865538750775158 ], [ 578941.462564746616408, 2564558.865538750775158 ], [ 578891.462564746616408, 2564558.865538750775158 ], [ 578891.462564746616408, 2564608.865538750775158 ] ] ] ] } },
{ "type": "Feature", "properties": { "id": 1341.0, "temple": 1.0, "parking": 0.0, "junction": 0.0, "building": 2.0, "hotel": 0.0, "id_2": 9, "GHAT_NAME": "Ram Ghat", "n": 1, "distance": 604.73289056932936, "Demand": 9.0, "Class": "Low" }, "geometry": { "type": "MultiPolygon", "coordinates": [ [ [ [ 578891.462564746616408, 2564558.865538750775158 ], [ 578941.462564746616408, 2564558.865538750775158 ], [ 578941.462564746616408, 2564508.865538750775158 ], [ 578891.462564746616408, 2564508.865538750775158 ], [ 578891.462564746616408, 2564558.865538750775158 ] ] ] ] } },
{ "type": "Feature", "properties": { "id": 1342.0, "temple": 0.0, "parking": 0.0, "junction": 0.0, "building": 2.0, "hotel": 0.0, "id_2": 9, "GHAT_NAME": "Ram Ghat", "n": 1, "distance": 610.64906105648402, "Demand": 4.0, "Class": "Very Low" }, "geometry": { "type": "MultiPolygon", "coordinates": [ [ [ [ 578891.462564746616408, 2564508.865538750775158 ], [ 578941.462564746616408, 2564508.865538750775158 ], [ 578941.462564746616408, 2564458.865538750775158 ], [ 578891.462564746616408, 2564458.865538750775158 ], [ 578891.462564746616408, 2564508.865538750775158 ] ] ] ] } },
{ "type": "Feature", "properties": { "id": 1343.0, "temple": 0.0, "parking": 0.0, "junction": 1.0, "building": 4.0, "hotel": 0.0, "id_2": 9, "GHAT_NAME": "Ram Ghat", "n": 1, "distance": 620.47153725811336, "Demand": 8.0, "Class": "Low" }, "geometry": { "type": "MultiPolygon", "coordinates": [ [ [ [ 578891.462564746616408, 2564458.865538750775158 ], [ 578941.462564746616408, 2564458.865538750775158 ], [ 578941.462564746616408, 2564408.865538750775158 ], [ 578891.462564746616408, 2564408.865538750775158 ], [ 578891.462564746616408, 2564458.865538750775158 ] ] ] ] } },
{ "type": "Feature", "properties": { "id": 1344.0, "temple": 0.0, "parking": 0.0, "junction": 1.0, "building": 4.0, "hotel": 3.0, "id_2": 9, "GHAT_NAME": "Ram Ghat", "n": 1, "distance": 631.45134495703928, "Demand": 14.0, "Class": "Moderate" }, "geometry": { "type": "MultiPolygon", "coordinates": [ [ [ [ 578891.462564746616408, 2564408.865538750775158 ], [ 578941.462564746616408, 2564408.865538750775158 ], [ 578941.462564746616408, 2564358.865538750775158 ], [ 578891.462564746616408, 2564358.865538750775158 ], [ 578891.462564746616408, 2564408.865538750775158 ] ] ] ] } },
{ "type": "Feature", "properties": { "id": 1345.0, "temple": 0.0, "parking": 0.0, "junction": 0.0, "building": 2.0, "hotel": 0.0, "id_2": 9, "GHAT_NAME": "Ram Ghat", "n": 1, "distance": 643.29037680000579, "Demand": 4.0, "Class": "Very Low" }, "geometry": { "type": "MultiPolygon", "coordinates": [ [ [ [ 578891.462564746616408, 2564358.865538750775158 ], [ 578941.462564746616408, 2564358.865538750775158 ], [ 578941.462564746616408, 2564308.865538750775158 ], [ 578891.462564746616408, 2564308.865538750775158 ], [ 578891.462564746616408, 2564358.865538750775158 ] ] ] ] } },
{ "type": "Feature", "properties": { "id": 1346.0, "temple": 0.0, "parking": 0.0, "junction": 0.0, "building": 2.0, "hotel": 0.0, "id_2": 9, "GHAT_NAME": "Ram Ghat", "n": 1, "distance": 656.7551962394034, "Demand": 4.0, "Class": "Very Low" }, "geometry": { "type": "MultiPolygon", "coordinates": [ [ [ [ 578891.462564746616408, 2564308.865538750775158 ], [ 578941.462564746616408, 2564308.865538750775158 ], [ 578941.462564746616408, 2564258.865538750775158 ], [ 578891.462564746616408, 2564258.865538750775158 ], [ 578891.462564746616408, 2564308.865538750775158 ] ] ] ] } },
{ "type": "Feature", "properties": { "id": 1347.0, "temple": 0.0, "parking": 0.0, "junction": 1.0, "building": 2.0, "hotel": 1.0, "id_2": 9, "GHAT_NAME": "Ram Ghat", "n": 1, "distance": 672.97163249888069, "Demand": 8.0, "Class": "Low" }, "geometry": { "type": "MultiPolygon", "coordinates": [ [ [ [ 578891.462564746616408, 2564258.865538750775158 ], [ 578941.462564746616408, 2564258.865538750775158 ], [ 578941.462564746616408, 2564208.865538750775158 ], [ 578891.462564746616408, 2564208.865538750775158 ], [ 578891.462564746616408, 2564258.865538750775158 ] ] ] ] } },
{ "type": "Feature", "properties": { "id": 1348.0, "temple": 0.0, "parking": 0.0, "junction": 3.0, "building": 5.0, "hotel": 0.0, "id_2": 9, "GHAT_NAME": "Ram Ghat", "n": 1, "distance": 684.6539317702991, "Demand": 13.0, "Class": "Moderate" }, "geometry": { "type": "MultiPolygon", "coordinates": [ [ [ [ 578891.462564746616408, 2564208.865538750775158 ], [ 578941.462564746616408, 2564208.865538750775158 ], [ 578941.462564746616408, 2564158.865538750775158 ], [ 578891.462564746616408, 2564158.865538750775158 ], [ 578891.462564746616408, 2564208.865538750775158 ] ] ] ] } },
{ "type": "Feature", "properties": { "id": 1349.0, "temple": 1.0, "parking": 0.0, "junction": 2.0, "building": 1.0, "hotel": 0.0, "id_2": 9, "GHAT_NAME": "Ram Ghat", "n": 1, "distance": 697.6686263605111, "Demand": 12.0, "Class": "Moderate" }, "geometry": { "type": "MultiPolygon", "coordinates": [ [ [ [ 578891.462564746616408, 2564158.865538750775158 ], [ 578941.462564746616408, 2564158.865538750775158 ], [ 578941.462564746616408, 2564108.865538750775158 ], [ 578891.462564746616408, 2564108.865538750775158 ], [ 578891.462564746616408, 2564158.865538750775158 ] ] ] ] } },
{ "type": "Feature", "properties": { "id": 1350.0, "temple": 0.0, "parking": 0.0, "junction": 2.0, "building": 2.0, "hotel": 5.0, "id_2": 9, "GHAT_NAME": "Ram Ghat", "n": 1, "distance": 713.02095248446824, "Demand": 18.0, "Class": "High" }, "geometry": { "type": "MultiPolygon", "coordinates": [ [ [ [ 578891.462564746616408, 2564108.865538750775158 ], [ 578941.462564746616408, 2564108.865538750775158 ], [ 578941.462564746616408, 2564058.865538750775158 ], [ 578891.462564746616408, 2564058.865538750775158 ], [ 578891.462564746616408, 2564108.865538750775158 ] ] ] ] } },
{ "type": "Feature", "properties": { "id": 1351.0, "temple": 0.0, "parking": 0.0, "junction": 2.0, "building": 2.0, "hotel": 1.0, "id_2": 9, "GHAT_NAME": "Ram Ghat", "n": 1, "distance": 730.0729605037609, "Demand": 10.0, "Class": "Low" }, "geometry": { "type": "MultiPolygon", "coordinates": [ [ [ [ 578891.462564746616408, 2564058.865538750775158 ], [ 578941.462564746616408, 2564058.865538750775158 ], [ 578941.462564746616408, 2564008.865538750775158 ], [ 578891.462564746616408, 2564008.865538750775158 ], [ 578891.462564746616408, 2564058.865538750775158 ] ] ] ] } },
{ "type": "Feature", "properties": { "id": 1352.0, "temple": 0.0, "parking": 0.0, "junction": 0.0, "building": 3.0, "hotel": 8.0, "id_2": 9, "GHAT_NAME": "Ram Ghat", "n": 1, "distance": 750.07610205212438, "Demand": 21.0, "Class": "High" }, "geometry": { "type": "MultiPolygon", "coordinates": [ [ [ [ 578891.462564746616408, 2564008.865538750775158 ], [ 578941.462564746616408, 2564008.865538750775158 ], [ 578941.462564746616408, 2563958.865538750775158 ], [ 578891.462564746616408, 2563958.865538750775158 ], [ 578891.462564746616408, 2564008.865538750775158 ] ] ] ] } },
{ "type": "Feature", "properties": { "id": 1353.0, "temple": 0.0, "parking": 0.0, "junction": 1.0, "building": 6.0, "hotel": 3.0, "id_2": 9, "GHAT_NAME": "Ram Ghat", "n": 1, "distance": 772.80126169714015, "Demand": 16.0, "Class": "High" }, "geometry": { "type": "MultiPolygon", "coordinates": [ [ [ [ 578891.462564746616408, 2563958.865538750775158 ], [ 578941.462564746616408, 2563958.865538750775158 ], [ 578941.462564746616408, 2563908.865538750775158 ], [ 578891.462564746616408, 2563908.865538750775158 ], [ 578891.462564746616408, 2563958.865538750775158 ] ] ] ] } },
{ "type": "Feature", "properties": { "id": 1354.0, "temple": 0.0, "parking": 0.0, "junction": 0.0, "building": 8.0, "hotel": 7.0, "id_2": 9, "GHAT_NAME": "Ram Ghat", "n": 1, "distance": 798.01592796865543, "Demand": 24.0, "Class": "Very High" }, "geometry": { "type": "MultiPolygon", "coordinates": [ [ [ [ 578891.462564746616408, 2563908.865538750775158 ], [ 578941.462564746616408, 2563908.865538750775158 ], [ 578941.462564746616408, 2563858.865538750775158 ], [ 578891.462564746616408, 2563858.865538750775158 ], [ 578891.462564746616408, 2563908.865538750775158 ] ] ] ] } },
{ "type": "Feature", "properties": { "id": 1355.0, "temple": 0.0, "parking": 0.0, "junction": 1.0, "building": 3.0, "hotel": 3.0, "id_2": 9, "GHAT_NAME": "Ram Ghat", "n": 1, "distance": 825.49200632268844, "Demand": 13.0, "Class": "Moderate" }, "geometry": { "type": "MultiPolygon", "coordinates": [ [ [ [ 578891.462564746616408, 2563858.865538750775158 ], [ 578941.462564746616408, 2563858.865538750775158 ], [ 578941.462564746616408, 2563808.865538750775158 ], [ 578891.462564746616408, 2563808.865538750775158 ], [ 578891.462564746616408, 2563858.865538750775158 ] ] ] ] } },
{ "type": "Feature", "properties": { "id": 1356.0, "temple": 0.0, "parking": 1.0, "junction": 1.0, "building": 2.0, "hotel": 0.0, "id_2": 9, "GHAT_NAME": "Ram Ghat", "n": 1, "distance": 855.0115108661638, "Demand": 9.0, "Class": "Low" }, "geometry": { "type": "MultiPolygon", "coordinates": [ [ [ [ 578891.462564746616408, 2563808.865538750775158 ], [ 578941.462564746616408, 2563808.865538750775158 ], [ 578941.462564746616408, 2563758.865538750775158 ], [ 578891.462564746616408, 2563758.865538750775158 ], [ 578891.462564746616408, 2563808.865538750775158 ] ] ] ] } },
{ "type": "Feature", "properties": { "id": 1357.0, "temple": 0.0, "parking": 0.0, "junction": 0.0, "building": 2.0, "hotel": 0.0, "id_2": 4, "GHAT_NAME": "Maharishi Sant Balinath Ghat", "n": 1, "distance": 884.24410567975292, "Demand": 4.0, "Class": "Very Low" }, "geometry": { "type": "MultiPolygon", "coordinates": [ [ [ [ 578891.462564746616408, 2563758.865538750775158 ], [ 578941.462564746616408, 2563758.865538750775158 ], [ 578941.462564746616408, 2563708.865538750775158 ], [ 578891.462564746616408, 2563708.865538750775158 ], [ 578891.462564746616408, 2563758.865538750775158 ] ] ] ] } },
{ "type": "Feature", "properties": { "id": 1358.0, "temple": 0.0, "parking": 0.0, "junction": 2.0, "building": 3.0, "hotel": 0.0, "id_2": 4, "GHAT_NAME": "Maharishi Sant Balinath Ghat", "n": 1, "distance": 912.50137636827753, "Demand": 9.0, "Class": "Low" }, "geometry": { "type": "MultiPolygon", "coordinates": [ [ [ [ 578891.462564746616408, 2563708.865538750775158 ], [ 578941.462564746616408, 2563708.865538750775158 ], [ 578941.462564746616408, 2563658.865538750775158 ], [ 578891.462564746616408, 2563658.865538750775158 ], [ 578891.462564746616408, 2563708.865538750775158 ] ] ] ] } },
{ "type": "Feature", "properties": { "id": 1359.0, "temple": 0.0, "parking": 0.0, "junction": 1.0, "building": 8.0, "hotel": 0.0, "id_2": 4, "GHAT_NAME": "Maharishi Sant Balinath Ghat", "n": 1, "distance": 942.56558674641622, "Demand": 12.0, "Class": "Moderate" }, "geometry": { "type": "MultiPolygon", "coordinates": [ [ [ [ 578891.462564746616408, 2563658.865538750775158 ], [ 578941.462564746616408, 2563658.865538750775158 ], [ 578941.462564746616408, 2563608.865538750775158 ], [ 578891.462564746616408, 2563608.865538750775158 ], [ 578891.462564746616408, 2563658.865538750775158 ] ] ] ] } },
{ "type": "Feature", "properties": { "id": 1360.0, "temple": 0.0, "parking": 0.0, "junction": 4.0, "building": 5.0, "hotel": 0.0, "id_2": 4, "GHAT_NAME": "Maharishi Sant Balinath Ghat", "n": 1, "distance": 974.26947440799506, "Demand": 15.0, "Class": "Moderate" }, "geometry": { "type": "MultiPolygon", "coordinates": [ [ [ [ 578891.462564746616408, 2563608.865538750775158 ], [ 578941.462564746616408, 2563608.865538750775158 ], [ 578941.462564746616408, 2563558.865538750775158 ], [ 578891.462564746616408, 2563558.865538750775158 ], [ 578891.462564746616408, 2563608.865538750775158 ] ] ] ] } },
{ "type": "Feature", "properties": { "id": 1361.0, "temple": 0.0, "parking": 0.0, "junction": 0.0, "building": 3.0, "hotel": 0.0, "id_2": 4, "GHAT_NAME": "Maharishi Sant Balinath Ghat", "n": 1, "distance": 1007.4582533325367, "Demand": 5.0, "Class": "Very Low" }, "geometry": { "type": "MultiPolygon", "coordinates": [ [ [ [ 578891.462564746616408, 2563515.960584425833076 ], [ 578891.462564746616408, 2563558.865538750775158 ], [ 578941.462564746616408, 2563558.865538750775158 ], [ 578941.462564746616408, 2563543.862945917062461 ], [ 578891.462564746616408, 2563515.960584425833076 ] ] ] ] } },
{ "type": "Feature", "properties": { "id": 1368.0, "temple": 0.0, "parking": 0.0, "junction": 0.0, "building": 3.0, "hotel": 0.0, "id_2": 10, "GHAT_NAME": "Chakra Tirth Ghat", "n": 1, "distance": 796.92761479358853, "Demand": 5.0, "Class": "Very Low" }, "geometry": { "type": "MultiPolygon", "coordinates": [ [ [ [ 578984.199010184383951, 2565358.865538750775158 ], [ 578941.462564746616408, 2565358.865538750775158 ], [ 578941.462564746616408, 2565382.127469607163221 ], [ 578984.199010184383951, 2565358.865538750775158 ] ] ] ] } },
{ "type": "Feature", "properties": { "id": 1369.0, "temple": 0.0, "parking": 0.0, "junction": 0.0, "building": 5.0, "hotel": 0.0, "id_2": 10, "GHAT_NAME": "Chakra Tirth Ghat", "n": 1, "distance": 784.89745040102866, "Demand": 7.0, "Class": "Low" }, "geometry": { "type": "MultiPolygon", "coordinates": [ [ [ [ 578991.462564746616408, 2565354.911903808359057 ], [ 578991.462564746616408, 2565308.865538750775158 ], [ 578941.462564746616408, 2565308.865538750775158 ], [ 578941.462564746616408, 2565358.865538750775158 ], [ 578984.199010184383951, 2565358.865538750775158 ], [ 578991.462564746616408, 2565354.911903808359057 ] ] ] ] } },
{ "type": "Feature", "properties": { "id": 1370.0, "temple": 0.0, "parking": 0.0, "junction": 0.0, "building": 9.0, "hotel": 0.0, "id_2": 10, "GHAT_NAME": "Chakra Tirth Ghat", "n": 1, "distance": 771.59770612199088, "Demand": 11.0, "Class": "Moderate" }, "geometry": { "type": "MultiPolygon", "coordinates": [ [ [ [ 578941.462564746616408, 2565308.865538750775158 ], [ 578991.462564746616408, 2565308.865538750775158 ], [ 578991.462564746616408, 2565258.865538750775158 ], [ 578941.462564746616408, 2565258.865538750775158 ], [ 578941.462564746616408, 2565308.865538750775158 ] ] ] ] } },
{ "type": "Feature", "properties": { "id": 1371.0, "temple": 0.0, "parking": 0.0, "junction": 0.0, "building": 11.0, "hotel": 0.0, "id_2": 10, "GHAT_NAME": "Chakra Tirth Ghat", "n": 1, "distance": 758.14970115148651, "Demand": 13.0, "Class": "Moderate" }, "geometry": { "type": "MultiPolygon", "coordinates": [ [ [ [ 578941.462564746616408, 2565258.865538750775158 ], [ 578991.462564746616408, 2565258.865538750775158 ], [ 578991.462564746616408, 2565208.865538750775158 ], [ 578941.462564746616408, 2565208.865538750775158 ], [ 578941.462564746616408, 2565258.865538750775158 ] ] ] ] } },
{ "type": "Feature", "properties": { "id": 1372.0, "temple": 0.0, "parking": 0.0, "junction": 3.0, "building": 14.0, "hotel": 0.0, "id_2": 10, "GHAT_NAME": "Chakra Tirth Ghat", "n": 1, "distance": 744.68126461906422, "Demand": 22.0, "Class": "Very High" }, "geometry": { "type": "MultiPolygon", "coordinates": [ [ [ [ 578941.462564746616408, 2565208.865538750775158 ], [ 578991.462564746616408, 2565208.865538750775158 ], [ 578991.462564746616408, 2565158.865538750775158 ], [ 578941.462564746616408, 2565158.865538750775158 ], [ 578941.462564746616408, 2565208.865538750775158 ] ] ] ] } },
{ "type": "Feature", "properties": { "id": 1373.0, "temple": 0.0, "parking": 0.0, "junction": 0.0, "building": 5.0, "hotel": 0.0, "id_2": 8, "GHAT_NAME": "Sumeru Ghat", "n": 1, "distance": 731.28736908373867, "Demand": 7.0, "Class": "Low" }, "geometry": { "type": "MultiPolygon", "coordinates": [ [ [ [ 578941.462564746616408, 2565158.865538750775158 ], [ 578991.462564746616408, 2565158.865538750775158 ], [ 578991.462564746616408, 2565108.865538750775158 ], [ 578941.462564746616408, 2565108.865538750775158 ], [ 578941.462564746616408, 2565158.865538750775158 ] ] ] ] } },
{ "type": "Feature", "properties": { "id": 1374.0, "temple": 0.0, "parking": 0.0, "junction": 1.0, "building": 7.0, "hotel": 0.0, "id_2": 8, "GHAT_NAME": "Sumeru Ghat", "n": 1, "distance": 719.12765330021125, "Demand": 11.0, "Class": "Moderate" }, "geometry": { "type": "MultiPolygon", "coordinates": [ [ [ [ 578941.462564746616408, 2565108.865538750775158 ], [ 578991.462564746616408, 2565108.865538750775158 ], [ 578991.462564746616408, 2565058.865538750775158 ], [ 578941.462564746616408, 2565058.865538750775158 ], [ 578941.462564746616408, 2565108.865538750775158 ] ] ] ] } },
{ "type": "Feature", "properties": { "id": 1375.0, "temple": 0.0, "parking": 0.0, "junction": 1.0, "building": 3.0, "hotel": 0.0, "id_2": 8, "GHAT_NAME": "Sumeru Ghat", "n": 1, "distance": 708.52507319029314, "Demand": 7.0, "Class": "Low" }, "geometry": { "type": "MultiPolygon", "coordinates": [ [ [ [ 578941.462564746616408, 2565058.865538750775158 ], [ 578991.462564746616408, 2565058.865538750775158 ], [ 578991.462564746616408, 2565008.865538750775158 ], [ 578941.462564746616408, 2565008.865538750775158 ], [ 578941.462564746616408, 2565058.865538750775158 ] ] ] ] } },
{ "type": "Feature", "properties": { "id": 1376.0, "temple": 0.0, "parking": 0.0, "junction": 1.0, "building": 1.0, "hotel": 0.0, "id_2": 8, "GHAT_NAME": "Sumeru Ghat", "n": 1, "distance": 694.49730663557443, "Demand": 5.0, "Class": "Very Low" }, "geometry": { "type": "MultiPolygon", "coordinates": [ [ [ [ 578941.462564746616408, 2565008.865538750775158 ], [ 578991.462564746616408, 2565008.865538750775158 ], [ 578991.462564746616408, 2564958.865538750775158 ], [ 578941.462564746616408, 2564958.865538750775158 ], [ 578941.462564746616408, 2565008.865538750775158 ] ] ] ] } },
{ "type": "Feature", "properties": { "id": 1377.0, "temple": 0.0, "parking": 0.0, "junction": 3.0, "building": 2.0, "hotel": 0.0, "id_2": 8, "GHAT_NAME": "Sumeru Ghat", "n": 1, "distance": 683.09106935350303, "Demand": 10.0, "Class": "Low" }, "geometry": { "type": "MultiPolygon", "coordinates": [ [ [ [ 578941.462564746616408, 2564958.865538750775158 ], [ 578991.462564746616408, 2564958.865538750775158 ], [ 578991.462564746616408, 2564908.865538750775158 ], [ 578941.462564746616408, 2564908.865538750775158 ], [ 578941.462564746616408, 2564958.865538750775158 ] ] ] ] } },
{ "type": "Feature", "properties": { "id": 1378.0, "temple": 0.0, "parking": 0.0, "junction": 0.0, "building": 3.0, "hotel": 0.0, "id_2": 8, "GHAT_NAME": "Sumeru Ghat", "n": 1, "distance": 674.56194079130069, "Demand": 5.0, "Class": "Very Low" }, "geometry": { "type": "MultiPolygon", "coordinates": [ [ [ [ 578941.462564746616408, 2564908.865538750775158 ], [ 578991.462564746616408, 2564908.865538750775158 ], [ 578991.462564746616408, 2564858.865538750775158 ], [ 578941.462564746616408, 2564858.865538750775158 ], [ 578941.462564746616408, 2564908.865538750775158 ] ] ] ] } },
{ "type": "Feature", "properties": { "id": 1379.0, "temple": 0.0, "parking": 0.0, "junction": 0.0, "building": 1.0, "hotel": 0.0, "id_2": 9, "GHAT_NAME": "Ram Ghat", "n": 1, "distance": 667.26136009202935, "Demand": 3.0, "Class": "Very Low" }, "geometry": { "type": "MultiPolygon", "coordinates": [ [ [ [ 578941.462564746616408, 2564858.865538750775158 ], [ 578991.462564746616408, 2564858.865538750775158 ], [ 578991.462564746616408, 2564808.865538750775158 ], [ 578941.462564746616408, 2564808.865538750775158 ], [ 578941.462564746616408, 2564858.865538750775158 ] ] ] ] } },
{ "type": "Feature", "properties": { "id": 1380.0, "temple": 0.0, "parking": 0.0, "junction": 1.0, "building": 2.0, "hotel": 0.0, "id_2": 9, "GHAT_NAME": "Ram Ghat", "n": 1, "distance": 659.44362044026968, "Demand": 6.0, "Class": "Low" }, "geometry": { "type": "MultiPolygon", "coordinates": [ [ [ [ 578941.462564746616408, 2564808.865538750775158 ], [ 578991.462564746616408, 2564808.865538750775158 ], [ 578991.462564746616408, 2564758.865538750775158 ], [ 578941.462564746616408, 2564758.865538750775158 ], [ 578941.462564746616408, 2564808.865538750775158 ] ] ] ] } },
{ "type": "Feature", "properties": { "id": 1381.0, "temple": 0.0, "parking": 0.0, "junction": 2.0, "building": 2.0, "hotel": 0.0, "id_2": 9, "GHAT_NAME": "Ram Ghat", "n": 1, "distance": 654.39048648434573, "Demand": 8.0, "Class": "Low" }, "geometry": { "type": "MultiPolygon", "coordinates": [ [ [ [ 578941.462564746616408, 2564758.865538750775158 ], [ 578991.462564746616408, 2564758.865538750775158 ], [ 578991.462564746616408, 2564708.865538750775158 ], [ 578941.462564746616408, 2564708.865538750775158 ], [ 578941.462564746616408, 2564758.865538750775158 ] ] ] ] } },
{ "type": "Feature", "properties": { "id": 1382.0, "temple": 0.0, "parking": 0.0, "junction": 0.0, "building": 3.0, "hotel": 1.0, "id_2": 9, "GHAT_NAME": "Ram Ghat", "n": 1, "distance": 651.295540836957, "Demand": 7.0, "Class": "Low" }, "geometry": { "type": "MultiPolygon", "coordinates": [ [ [ [ 578941.462564746616408, 2564708.865538750775158 ], [ 578991.462564746616408, 2564708.865538750775158 ], [ 578991.462564746616408, 2564658.865538750775158 ], [ 578941.462564746616408, 2564658.865538750775158 ], [ 578941.462564746616408, 2564708.865538750775158 ] ] ] ] } },
{ "type": "Feature", "properties": { "id": 1383.0, "temple": 0.0, "parking": 0.0, "junction": 1.0, "building": 1.0, "hotel": 0.0, "id_2": 9, "GHAT_NAME": "Ram Ghat", "n": 1, "distance": 651.11320444615546, "Demand": 5.0, "Class": "Very Low" }, "geometry": { "type": "MultiPolygon", "coordinates": [ [ [ [ 578941.462564746616408, 2564658.865538750775158 ], [ 578991.462564746616408, 2564658.865538750775158 ], [ 578991.462564746616408, 2564608.865538750775158 ], [ 578941.462564746616408, 2564608.865538750775158 ], [ 578941.462564746616408, 2564658.865538750775158 ] ] ] ] } },
{ "type": "Feature", "properties": { "id": 1384.0, "temple": 0.0, "parking": 0.0, "junction": 0.0, "building": 2.0, "hotel": 0.0, "id_2": 9, "GHAT_NAME": "Ram Ghat", "n": 1, "distance": 652.03132917597588, "Demand": 4.0, "Class": "Very Low" }, "geometry": { "type": "MultiPolygon", "coordinates": [ [ [ [ 578941.462564746616408, 2564608.865538750775158 ], [ 578991.462564746616408, 2564608.865538750775158 ], [ 578991.462564746616408, 2564558.865538750775158 ], [ 578941.462564746616408, 2564558.865538750775158 ], [ 578941.462564746616408, 2564608.865538750775158 ] ] ] ] } },
{ "type": "Feature", "properties": { "id": 1385.0, "temple": 0.0, "parking": 0.0, "junction": 1.0, "building": 1.0, "hotel": 0.0, "id_2": 9, "GHAT_NAME": "Ram Ghat", "n": 1, "distance": 654.5840045495496, "Demand": 5.0, "Class": "Very Low" }, "geometry": { "type": "MultiPolygon", "coordinates": [ [ [ [ 578941.462564746616408, 2564558.865538750775158 ], [ 578991.462564746616408, 2564558.865538750775158 ], [ 578991.462564746616408, 2564508.865538750775158 ], [ 578941.462564746616408, 2564508.865538750775158 ], [ 578941.462564746616408, 2564558.865538750775158 ] ] ] ] } },
{ "type": "Feature", "properties": { "id": 1386.0, "temple": 0.0, "parking": 0.0, "junction": 0.0, "building": 0.0, "hotel": 1.0, "id_2": 9, "GHAT_NAME": "Ram Ghat", "n": 1, "distance": 660.07501321667007, "Demand": 4.0, "Class": "Very Low" }, "geometry": { "type": "MultiPolygon", "coordinates": [ [ [ [ 578941.462564746616408, 2564508.865538750775158 ], [ 578991.462564746616408, 2564508.865538750775158 ], [ 578991.462564746616408, 2564458.865538750775158 ], [ 578941.462564746616408, 2564458.865538750775158 ], [ 578941.462564746616408, 2564508.865538750775158 ] ] ] ] } },
{ "type": "Feature", "properties": { "id": 1387.0, "temple": 0.0, "parking": 0.0, "junction": 3.0, "building": 2.0, "hotel": 0.0, "id_2": 9, "GHAT_NAME": "Ram Ghat", "n": 1, "distance": 669.17238126753864, "Demand": 10.0, "Class": "Low" }, "geometry": { "type": "MultiPolygon", "coordinates": [ [ [ [ 578941.462564746616408, 2564458.865538750775158 ], [ 578991.462564746616408, 2564458.865538750775158 ], [ 578991.462564746616408, 2564408.865538750775158 ], [ 578941.462564746616408, 2564408.865538750775158 ], [ 578941.462564746616408, 2564458.865538750775158 ] ] ] ] } },
{ "type": "Feature", "properties": { "id": 1388.0, "temple": 0.0, "parking": 0.0, "junction": 1.0, "building": 3.0, "hotel": 1.0, "id_2": 9, "GHAT_NAME": "Ram Ghat", "n": 1, "distance": 680.52020598127012, "Demand": 9.0, "Class": "Low" }, "geometry": { "type": "MultiPolygon", "coordinates": [ [ [ [ 578941.462564746616408, 2564408.865538750775158 ], [ 578991.462564746616408, 2564408.865538750775158 ], [ 578991.462564746616408, 2564358.865538750775158 ], [ 578941.462564746616408, 2564358.865538750775158 ], [ 578941.462564746616408, 2564408.865538750775158 ] ] ] ] } },
{ "type": "Feature", "properties": { "id": 1389.0, "temple": 0.0, "parking": 0.0, "junction": 4.0, "building": 1.0, "hotel": 2.0, "id_2": 9, "GHAT_NAME": "Ram Ghat", "n": 1, "distance": 691.51967331684057, "Demand": 15.0, "Class": "Moderate" }, "geometry": { "type": "MultiPolygon", "coordinates": [ [ [ [ 578941.462564746616408, 2564358.865538750775158 ], [ 578991.462564746616408, 2564358.865538750775158 ], [ 578991.462564746616408, 2564308.865538750775158 ], [ 578941.462564746616408, 2564308.865538750775158 ], [ 578941.462564746616408, 2564358.865538750775158 ] ] ] ] } },
{ "type": "Feature", "properties": { "id": 1390.0, "temple": 0.0, "parking": 0.0, "junction": 0.0, "building": 4.0, "hotel": 0.0, "id_2": 9, "GHAT_NAME": "Ram Ghat", "n": 1, "distance": 704.75193896535347, "Demand": 6.0, "Class": "Low" }, "geometry": { "type": "MultiPolygon", "coordinates": [ [ [ [ 578941.462564746616408, 2564308.865538750775158 ], [ 578991.462564746616408, 2564308.865538750775158 ], [ 578991.462564746616408, 2564258.865538750775158 ], [ 578941.462564746616408, 2564258.865538750775158 ], [ 578941.462564746616408, 2564308.865538750775158 ] ] ] ] } },
{ "type": "Feature", "properties": { "id": 1391.0, "temple": 0.0, "parking": 0.0, "junction": 3.0, "building": 3.0, "hotel": 1.0, "id_2": 9, "GHAT_NAME": "Ram Ghat", "n": 1, "distance": 719.88799534106454, "Demand": 13.0, "Class": "Moderate" }, "geometry": { "type": "MultiPolygon", "coordinates": [ [ [ [ 578941.462564746616408, 2564258.865538750775158 ], [ 578991.462564746616408, 2564258.865538750775158 ], [ 578991.462564746616408, 2564208.865538750775158 ], [ 578941.462564746616408, 2564208.865538750775158 ], [ 578941.462564746616408, 2564258.865538750775158 ] ] ] ] } },
{ "type": "Feature", "properties": { "id": 1392.0, "temple": 0.0, "parking": 0.0, "junction": 1.0, "building": 0.0, "hotel": 3.0, "id_2": 9, "GHAT_NAME": "Ram Ghat", "n": 1, "distance": 733.44460780120676, "Demand": 10.0, "Class": "Low" }, "geometry": { "type": "MultiPolygon", "coordinates": [ [ [ [ 578941.462564746616408, 2564208.865538750775158 ], [ 578991.462564746616408, 2564208.865538750775158 ], [ 578991.462564746616408, 2564158.865538750775158 ], [ 578941.462564746616408, 2564158.865538750775158 ], [ 578941.462564746616408, 2564208.865538750775158 ] ] ] ] } },
{ "type": "Feature", "properties": { "id": 1393.0, "temple": 0.0, "parking": 0.0, "junction": 0.0, "building": 4.0, "hotel": 1.0, "id_2": 9, "GHAT_NAME": "Ram Ghat", "n": 1, "distance": 745.6081401325356, "Demand": 8.0, "Class": "Low" }, "geometry": { "type": "MultiPolygon", "coordinates": [ [ [ [ 578941.462564746616408, 2564158.865538750775158 ], [ 578991.462564746616408, 2564158.865538750775158 ], [ 578991.462564746616408, 2564108.865538750775158 ], [ 578941.462564746616408, 2564108.865538750775158 ], [ 578941.462564746616408, 2564158.865538750775158 ] ] ] ] } },
{ "type": "Feature", "properties": { "id": 1394.0, "temple": 0.0, "parking": 0.0, "junction": 2.0, "building": 5.0, "hotel": 2.0, "id_2": 9, "GHAT_NAME": "Ram Ghat", "n": 1, "distance": 760.58756271225946, "Demand": 15.0, "Class": "Moderate" }, "geometry": { "type": "MultiPolygon", "coordinates": [ [ [ [ 578941.462564746616408, 2564108.865538750775158 ], [ 578991.462564746616408, 2564108.865538750775158 ], [ 578991.462564746616408, 2564058.865538750775158 ], [ 578941.462564746616408, 2564058.865538750775158 ], [ 578941.462564746616408, 2564108.865538750775158 ] ] ] ] } },
{ "type": "Feature", "properties": { "id": 1395.0, "temple": 0.0, "parking": 0.0, "junction": 1.0, "building": 2.0, "hotel": 4.0, "id_2": 9, "GHAT_NAME": "Ram Ghat", "n": 1, "distance": 776.72050254437158, "Demand": 14.0, "Class": "Moderate" }, "geometry": { "type": "MultiPolygon", "coordinates": [ [ [ [ 578941.462564746616408, 2564058.865538750775158 ], [ 578991.462564746616408, 2564058.865538750775158 ], [ 578991.462564746616408, 2564008.865538750775158 ], [ 578941.462564746616408, 2564008.865538750775158 ], [ 578941.462564746616408, 2564058.865538750775158 ] ] ] ] } },
{ "type": "Feature", "properties": { "id": 1396.0, "temple": 0.0, "parking": 0.0, "junction": 0.0, "building": 2.0, "hotel": 5.0, "id_2": 9, "GHAT_NAME": "Ram Ghat", "n": 1, "distance": 795.55161384021073, "Demand": 14.0, "Class": "Moderate" }, "geometry": { "type": "MultiPolygon", "coordinates": [ [ [ [ 578941.462564746616408, 2564008.865538750775158 ], [ 578991.462564746616408, 2564008.865538750775158 ], [ 578991.462564746616408, 2563958.865538750775158 ], [ 578941.462564746616408, 2563958.865538750775158 ], [ 578941.462564746616408, 2564008.865538750775158 ] ] ] ] } },
{ "type": "Feature", "properties": { "id": 1397.0, "temple": 0.0, "parking": 0.0, "junction": 0.0, "building": 2.0, "hotel": 11.0, "id_2": 9, "GHAT_NAME": "Ram Ghat", "n": 1, "distance": 817.01285271086567, "Demand": 26.0, "Class": "Very High" }, "geometry": { "type": "MultiPolygon", "coordinates": [ [ [ [ 578941.462564746616408, 2563958.865538750775158 ], [ 578991.462564746616408, 2563958.865538750775158 ], [ 578991.462564746616408, 2563908.865538750775158 ], [ 578941.462564746616408, 2563908.865538750775158 ], [ 578941.462564746616408, 2563958.865538750775158 ] ] ] ] } },
{ "type": "Feature", "properties": { "id": 1398.0, "temple": 0.0, "parking": 0.0, "junction": 0.0, "building": 5.0, "hotel": 9.0, "id_2": 9, "GHAT_NAME": "Ram Ghat", "n": 1, "distance": 840.90286758086961, "Demand": 25.0, "Class": "Very High" }, "geometry": { "type": "MultiPolygon", "coordinates": [ [ [ [ 578941.462564746616408, 2563908.865538750775158 ], [ 578991.462564746616408, 2563908.865538750775158 ], [ 578991.462564746616408, 2563858.865538750775158 ], [ 578941.462564746616408, 2563858.865538750775158 ], [ 578941.462564746616408, 2563908.865538750775158 ] ] ] ] } },
{ "type": "Feature", "properties": { "id": 1399.0, "temple": 0.0, "parking": 0.0, "junction": 0.0, "building": 3.0, "hotel": 3.0, "id_2": 9, "GHAT_NAME": "Ram Ghat", "n": 1, "distance": 867.02091319455053, "Demand": 11.0, "Class": "Moderate" }, "geometry": { "type": "MultiPolygon", "coordinates": [ [ [ [ 578941.462564746616408, 2563858.865538750775158 ], [ 578991.462564746616408, 2563858.865538750775158 ], [ 578991.462564746616408, 2563808.865538750775158 ], [ 578941.462564746616408, 2563808.865538750775158 ], [ 578941.462564746616408, 2563858.865538750775158 ] ] ] ] } },
{ "type": "Feature", "properties": { "id": 1400.0, "temple": 0.0, "parking": 0.0, "junction": 0.0, "building": 2.0, "hotel": 6.0, "id_2": 9, "GHAT_NAME": "Ram Ghat", "n": 1, "distance": 895.17199192540374, "Demand": 16.0, "Class": "High" }, "geometry": { "type": "MultiPolygon", "coordinates": [ [ [ [ 578941.462564746616408, 2563808.865538750775158 ], [ 578991.462564746616408, 2563808.865538750775158 ], [ 578991.462564746616408, 2563758.865538750775158 ], [ 578941.462564746616408, 2563758.865538750775158 ], [ 578941.462564746616408, 2563808.865538750775158 ] ] ] ] } },
{ "type": "Feature", "properties": { "id": 1401.0, "temple": 0.0, "parking": 0.0, "junction": 0.0, "building": 1.0, "hotel": 0.0, "id_2": 9, "GHAT_NAME": "Ram Ghat", "n": 1, "distance": 925.17053905681507, "Demand": 3.0, "Class": "Very Low" }, "geometry": { "type": "MultiPolygon", "coordinates": [ [ [ [ 578941.462564746616408, 2563758.865538750775158 ], [ 578991.462564746616408, 2563758.865538750775158 ], [ 578991.462564746616408, 2563708.865538750775158 ], [ 578941.462564746616408, 2563708.865538750775158 ], [ 578941.462564746616408, 2563758.865538750775158 ] ] ] ] } },
{ "type": "Feature", "properties": { "id": 1402.0, "temple": 0.0, "parking": 0.0, "junction": 2.0, "building": 4.0, "hotel": 0.0, "id_2": 4, "GHAT_NAME": "Maharishi Sant Balinath Ghat", "n": 1, "distance": 953.54340715609567, "Demand": 10.0, "Class": "Low" }, "geometry": { "type": "MultiPolygon", "coordinates": [ [ [ [ 578941.462564746616408, 2563708.865538750775158 ], [ 578991.462564746616408, 2563708.865538750775158 ], [ 578991.462564746616408, 2563658.865538750775158 ], [ 578941.462564746616408, 2563658.865538750775158 ], [ 578941.462564746616408, 2563708.865538750775158 ] ] ] ] } },
{ "type": "Feature", "properties": { "id": 1403.0, "temple": 0.0, "parking": 0.0, "junction": 1.0, "building": 8.0, "hotel": 0.0, "id_2": 4, "GHAT_NAME": "Maharishi Sant Balinath Ghat", "n": 1, "distance": 982.35235673126499, "Demand": 12.0, "Class": "Moderate" }, "geometry": { "type": "MultiPolygon", "coordinates": [ [ [ [ 578941.462564746616408, 2563658.865538750775158 ], [ 578991.462564746616408, 2563658.865538750775158 ], [ 578991.462564746616408, 2563608.865538750775158 ], [ 578941.462564746616408, 2563608.865538750775158 ], [ 578941.462564746616408, 2563658.865538750775158 ] ] ] ] } },
{ "type": "Feature", "properties": { "id": 1404.0, "temple": 0.0, "parking": 0.0, "junction": 2.0, "building": 9.0, "hotel": 0.0, "id_2": 4, "GHAT_NAME": "Maharishi Sant Balinath Ghat", "n": 1, "distance": 1012.8115699477793, "Demand": 15.0, "Class": "Moderate" }, "geometry": { "type": "MultiPolygon", "coordinates": [ [ [ [ 578968.346656329231337, 2563558.865538750775158 ], [ 578941.462564746616408, 2563558.865538750775158 ], [ 578941.462564746616408, 2563608.865538750775158 ], [ 578991.462564746616408, 2563608.865538750775158 ], [ 578991.462564746616408, 2563571.765307407826185 ], [ 578968.346656329231337, 2563558.865538750775158 ] ] ] ] } },
{ "type": "Feature", "properties": { "id": 1405.0, "temple": 0.0, "parking": 0.0, "junction": 0.0, "building": 1.0, "hotel": 0.0, "id_2": 4, "GHAT_NAME": "Maharishi Sant Balinath Ghat", "n": 1, "distance": 1044.7767223979965, "Demand": 3.0, "Class": "Very Low" }, "geometry": { "type": "MultiPolygon", "coordinates": [ [ [ [ 578941.462564746616408, 2563543.862945917062461 ], [ 578941.462564746616408, 2563558.865538750775158 ], [ 578968.346656329231337, 2563558.865538750775158 ], [ 578941.462564746616408, 2563543.862945917062461 ] ] ] ] } },
{ "type": "Feature", "properties": { "id": 1413.0, "temple": 0.0, "parking": 0.0, "junction": 0.0, "building": 4.0, "hotel": 0.0, "id_2": 10, "GHAT_NAME": "Chakra Tirth Ghat", "n": 1, "distance": 832.79431269565066, "Demand": 6.0, "Class": "Low" }, "geometry": { "type": "MultiPolygon", "coordinates": [ [ [ [ 578995.540445187361911, 2565352.692267339210957 ], [ 579036.488307893625461, 2565308.865538750775158 ], [ 578991.462564746616408, 2565308.865538750775158 ], [ 578991.462564746616408, 2565354.911903808359057 ], [ 578995.540445187361911, 2565352.692267339210957 ] ] ] ] } },
{ "type": "Feature", "properties": { "id": 1414.0, "temple": 0.0, "parking": 0.0, "junction": 0.0, "building": 8.0, "hotel": 0.0, "id_2": 10, "GHAT_NAME": "Chakra Tirth Ghat", "n": 1, "distance": 820.06860052187301, "Demand": 10.0, "Class": "Low" }, "geometry": { "type": "MultiPolygon", "coordinates": [ [ [ [ 579041.462564746616408, 2565303.541563563514501 ], [ 579041.462564746616408, 2565258.865538750775158 ], [ 578991.462564746616408, 2565258.865538750775158 ], [ 578991.462564746616408, 2565308.865538750775158 ], [ 579036.488307893625461, 2565308.865538750775158 ], [ 579041.462564746616408, 2565303.541563563514501 ] ] ] ] } },
{ "type": "Feature", "properties": { "id": 1415.0, "temple": 0.0, "parking": 0.0, "junction": 2.0, "building": 5.0, "hotel": 0.0, "id_2": 10, "GHAT_NAME": "Chakra Tirth Ghat", "n": 1, "distance": 805.98697710959595, "Demand": 11.0, "Class": "Moderate" }, "geometry": { "type": "MultiPolygon", "coordinates": [ [ [ [ 578991.462564746616408, 2565258.865538750775158 ], [ 579041.462564746616408, 2565258.865538750775158 ], [ 579041.462564746616408, 2565208.865538750775158 ], [ 578991.462564746616408, 2565208.865538750775158 ], [ 578991.462564746616408, 2565258.865538750775158 ] ] ] ] } },
{ "type": "Feature", "properties": { "id": 1416.0, "temple": 0.0, "parking": 0.0, "junction": 0.0, "building": 4.0, "hotel": 0.0, "id_2": 10, "GHAT_NAME": "Chakra Tirth Ghat", "n": 1, "distance": 793.33109342116734, "Demand": 6.0, "Class": "Low" }, "geometry": { "type": "MultiPolygon", "coordinates": [ [ [ [ 578991.462564746616408, 2565208.865538750775158 ], [ 579041.462564746616408, 2565208.865538750775158 ], [ 579041.462564746616408, 2565158.865538750775158 ], [ 578991.462564746616408, 2565158.865538750775158 ], [ 578991.462564746616408, 2565208.865538750775158 ] ] ] ] } },
{ "type": "Feature", "properties": { "id": 1417.0, "temple": 0.0, "parking": 0.0, "junction": 0.0, "building": 4.0, "hotel": 0.0, "id_2": 8, "GHAT_NAME": "Sumeru Ghat", "n": 1, "distance": 779.47604820542949, "Demand": 6.0, "Class": "Low" }, "geometry": { "type": "MultiPolygon", "coordinates": [ [ [ [ 578991.462564746616408, 2565158.865538750775158 ], [ 579041.462564746616408, 2565158.865538750775158 ], [ 579041.462564746616408, 2565108.865538750775158 ], [ 578991.462564746616408, 2565108.865538750775158 ], [ 578991.462564746616408, 2565158.865538750775158 ] ] ] ] } },
{ "type": "Feature", "properties": { "id": 1418.0, "temple": 0.0, "parking": 0.0, "junction": 0.0, "building": 14.0, "hotel": 0.0, "id_2": 8, "GHAT_NAME": "Sumeru Ghat", "n": 1, "distance": 768.0288657740299, "Demand": 16.0, "Class": "High" }, "geometry": { "type": "MultiPolygon", "coordinates": [ [ [ [ 578991.462564746616408, 2565108.865538750775158 ], [ 579041.462564746616408, 2565108.865538750775158 ], [ 579041.462564746616408, 2565058.865538750775158 ], [ 578991.462564746616408, 2565058.865538750775158 ], [ 578991.462564746616408, 2565108.865538750775158 ] ] ] ] } },
{ "type": "Feature", "properties": { "id": 1419.0, "temple": 0.0, "parking": 0.0, "junction": 2.0, "building": 5.0, "hotel": 0.0, "id_2": 8, "GHAT_NAME": "Sumeru Ghat", "n": 1, "distance": 756.35463544880929, "Demand": 11.0, "Class": "Moderate" }, "geometry": { "type": "MultiPolygon", "coordinates": [ [ [ [ 578991.462564746616408, 2565058.865538750775158 ], [ 579041.462564746616408, 2565058.865538750775158 ], [ 579041.462564746616408, 2565008.865538750775158 ], [ 578991.462564746616408, 2565008.865538750775158 ], [ 578991.462564746616408, 2565058.865538750775158 ] ] ] ] } },
{ "type": "Feature", "properties": { "id": 1420.0, "temple": 0.0, "parking": 0.0, "junction": 1.0, "building": 9.0, "hotel": 0.0, "id_2": 8, "GHAT_NAME": "Sumeru Ghat", "n": 1, "distance": 742.86305720505322, "Demand": 13.0, "Class": "Moderate" }, "geometry": { "type": "MultiPolygon", "coordinates": [ [ [ [ 578991.462564746616408, 2565008.865538750775158 ], [ 579041.462564746616408, 2565008.865538750775158 ], [ 579041.462564746616408, 2564958.865538750775158 ], [ 578991.462564746616408, 2564958.865538750775158 ], [ 578991.462564746616408, 2565008.865538750775158 ] ] ] ] } },
{ "type": "Feature", "properties": { "id": 1421.0, "temple": 0.0, "parking": 0.0, "junction": 2.0, "building": 3.0, "hotel": 0.0, "id_2": 8, "GHAT_NAME": "Sumeru Ghat", "n": 1, "distance": 732.2106403668846, "Demand": 9.0, "Class": "Low" }, "geometry": { "type": "MultiPolygon", "coordinates": [ [ [ [ 578991.462564746616408, 2564958.865538750775158 ], [ 579041.462564746616408, 2564958.865538750775158 ], [ 579041.462564746616408, 2564908.865538750775158 ], [ 578991.462564746616408, 2564908.865538750775158 ], [ 578991.462564746616408, 2564958.865538750775158 ] ] ] ] } },
{ "type": "Feature", "properties": { "id": 1422.0, "temple": 0.0, "parking": 0.0, "junction": 0.0, "building": 9.0, "hotel": 0.0, "id_2": 8, "GHAT_NAME": "Sumeru Ghat", "n": 1, "distance": 723.87832750733662, "Demand": 11.0, "Class": "Moderate" }, "geometry": { "type": "MultiPolygon", "coordinates": [ [ [ [ 578991.462564746616408, 2564908.865538750775158 ], [ 579041.462564746616408, 2564908.865538750775158 ], [ 579041.462564746616408, 2564858.865538750775158 ], [ 578991.462564746616408, 2564858.865538750775158 ], [ 578991.462564746616408, 2564908.865538750775158 ] ] ] ] } },
{ "type": "Feature", "properties": { "id": 1423.0, "temple": 0.0, "parking": 0.0, "junction": 0.0, "building": 4.0, "hotel": 0.0, "id_2": 9, "GHAT_NAME": "Ram Ghat", "n": 1, "distance": 716.38716154819758, "Demand": 6.0, "Class": "Low" }, "geometry": { "type": "MultiPolygon", "coordinates": [ [ [ [ 578991.462564746616408, 2564858.865538750775158 ], [ 579041.462564746616408, 2564858.865538750775158 ], [ 579041.462564746616408, 2564808.865538750775158 ], [ 578991.462564746616408, 2564808.865538750775158 ], [ 578991.462564746616408, 2564858.865538750775158 ] ] ] ] } },
{ "type": "Feature", "properties": { "id": 1424.0, "temple": 0.0, "parking": 0.0, "junction": 0.0, "building": 4.0, "hotel": 0.0, "id_2": 9, "GHAT_NAME": "Ram Ghat", "n": 1, "distance": 709.11122618288084, "Demand": 6.0, "Class": "Low" }, "geometry": { "type": "MultiPolygon", "coordinates": [ [ [ [ 578991.462564746616408, 2564808.865538750775158 ], [ 579041.462564746616408, 2564808.865538750775158 ], [ 579041.462564746616408, 2564758.865538750775158 ], [ 578991.462564746616408, 2564758.865538750775158 ], [ 578991.462564746616408, 2564808.865538750775158 ] ] ] ] } },
{ "type": "Feature", "properties": { "id": 1425.0, "temple": 0.0, "parking": 0.0, "junction": 0.0, "building": 6.0, "hotel": 0.0, "id_2": 9, "GHAT_NAME": "Ram Ghat", "n": 1, "distance": 704.15781558244055, "Demand": 8.0, "Class": "Low" }, "geometry": { "type": "MultiPolygon", "coordinates": [ [ [ [ 578991.462564746616408, 2564758.865538750775158 ], [ 579041.462564746616408, 2564758.865538750775158 ], [ 579041.462564746616408, 2564708.865538750775158 ], [ 578991.462564746616408, 2564708.865538750775158 ], [ 578991.462564746616408, 2564758.865538750775158 ] ] ] ] } },
{ "type": "Feature", "properties": { "id": 1426.0, "temple": 0.0, "parking": 0.0, "junction": 0.0, "building": 5.0, "hotel": 2.0, "id_2": 9, "GHAT_NAME": "Ram Ghat", "n": 1, "distance": 701.28254074853442, "Demand": 11.0, "Class": "Moderate" }, "geometry": { "type": "MultiPolygon", "coordinates": [ [ [ [ 578991.462564746616408, 2564708.865538750775158 ], [ 579041.462564746616408, 2564708.865538750775158 ], [ 579041.462564746616408, 2564658.865538750775158 ], [ 578991.462564746616408, 2564658.865538750775158 ], [ 578991.462564746616408, 2564708.865538750775158 ] ] ] ] } },
{ "type": "Feature", "properties": { "id": 1427.0, "temple": 0.0, "parking": 0.0, "junction": 3.0, "building": 4.0, "hotel": 0.0, "id_2": 9, "GHAT_NAME": "Ram Ghat", "n": 1, "distance": 701.11320444615546, "Demand": 12.0, "Class": "Moderate" }, "geometry": { "type": "MultiPolygon", "coordinates": [ [ [ [ 578991.462564746616408, 2564658.865538750775158 ], [ 579041.462564746616408, 2564658.865538750775158 ], [ 579041.462564746616408, 2564608.865538750775158 ], [ 578991.462564746616408, 2564608.865538750775158 ], [ 578991.462564746616408, 2564658.865538750775158 ] ] ] ] } },
{ "type": "Feature", "properties": { "id": 1428.0, "temple": 0.0, "parking": 0.0, "junction": 0.0, "building": 2.0, "hotel": 1.0, "id_2": 9, "GHAT_NAME": "Ram Ghat", "n": 1, "distance": 701.96593554930109, "Demand": 6.0, "Class": "Low" }, "geometry": { "type": "MultiPolygon", "coordinates": [ [ [ [ 578991.462564746616408, 2564608.865538750775158 ], [ 579041.462564746616408, 2564608.865538750775158 ], [ 579041.462564746616408, 2564558.865538750775158 ], [ 578991.462564746616408, 2564558.865538750775158 ], [ 578991.462564746616408, 2564608.865538750775158 ] ] ] ] } },
{ "type": "Feature", "properties": { "id": 1429.0, "temple": 0.0, "parking": 0.0, "junction": 1.0, "building": 2.0, "hotel": 0.0, "id_2": 9, "GHAT_NAME": "Ram Ghat", "n": 1, "distance": 704.45622226502712, "Demand": 6.0, "Class": "Low" }, "geometry": { "type": "MultiPolygon", "coordinates": [ [ [ [ 578991.462564746616408, 2564558.865538750775158 ], [ 579041.462564746616408, 2564558.865538750775158 ], [ 579041.462564746616408, 2564508.865538750775158 ], [ 578991.462564746616408, 2564508.865538750775158 ], [ 578991.462564746616408, 2564558.865538750775158 ] ] ] ] } },
{ "type": "Feature", "properties": { "id": 1430.0, "temple": 0.0, "parking": 0.0, "junction": 0.0, "building": 2.0, "hotel": 0.0, "id_2": 9, "GHAT_NAME": "Ram Ghat", "n": 1, "distance": 709.58140503877974, "Demand": 4.0, "Class": "Very Low" }, "geometry": { "type": "MultiPolygon", "coordinates": [ [ [ [ 578991.462564746616408, 2564508.865538750775158 ], [ 579041.462564746616408, 2564508.865538750775158 ], [ 579041.462564746616408, 2564458.865538750775158 ], [ 578991.462564746616408, 2564458.865538750775158 ], [ 578991.462564746616408, 2564508.865538750775158 ] ] ] ] } },
{ "type": "Feature", "properties": { "id": 1431.0, "temple": 0.0, "parking": 0.0, "junction": 0.0, "building": 5.0, "hotel": 0.0, "id_2": 9, "GHAT_NAME": "Ram Ghat", "n": 1, "distance": 718.05182483932833, "Demand": 7.0, "Class": "Low" }, "geometry": { "type": "MultiPolygon", "coordinates": [ [ [ [ 578991.462564746616408, 2564458.865538750775158 ], [ 579041.462564746616408, 2564458.865538750775158 ], [ 579041.462564746616408, 2564408.865538750775158 ], [ 578991.462564746616408, 2564408.865538750775158 ], [ 578991.462564746616408, 2564458.865538750775158 ] ] ] ] } },
{ "type": "Feature", "properties": { "id": 1432.0, "temple": 0.0, "parking": 0.0, "junction": 0.0, "building": 6.0, "hotel": 0.0, "id_2": 9, "GHAT_NAME": "Ram Ghat", "n": 1, "distance": 729.71549281177147, "Demand": 8.0, "Class": "Low" }, "geometry": { "type": "MultiPolygon", "coordinates": [ [ [ [ 578991.462564746616408, 2564408.865538750775158 ], [ 579041.462564746616408, 2564408.865538750775158 ], [ 579041.462564746616408, 2564358.865538750775158 ], [ 578991.462564746616408, 2564358.865538750775158 ], [ 578991.462564746616408, 2564408.865538750775158 ] ] ] ] } },
{ "type": "Feature", "properties": { "id": 1433.0, "temple": 0.0, "parking": 0.0, "junction": 1.0, "building": 2.0, "hotel": 0.0, "id_2": 9, "GHAT_NAME": "Ram Ghat", "n": 1, "distance": 739.98405948031495, "Demand": 6.0, "Class": "Low" }, "geometry": { "type": "MultiPolygon", "coordinates": [ [ [ [ 578991.462564746616408, 2564358.865538750775158 ], [ 579041.462564746616408, 2564358.865538750775158 ], [ 579041.462564746616408, 2564308.865538750775158 ], [ 578991.462564746616408, 2564308.865538750775158 ], [ 578991.462564746616408, 2564358.865538750775158 ] ] ] ] } },
{ "type": "Feature", "properties": { "id": 1434.0, "temple": 0.0, "parking": 0.0, "junction": 1.0, "building": 2.0, "hotel": 0.0, "id_2": 9, "GHAT_NAME": "Ram Ghat", "n": 1, "distance": 753.00943099233052, "Demand": 6.0, "Class": "Low" }, "geometry": { "type": "MultiPolygon", "coordinates": [ [ [ [ 578991.462564746616408, 2564308.865538750775158 ], [ 579041.462564746616408, 2564308.865538750775158 ], [ 579041.462564746616408, 2564258.865538750775158 ], [ 578991.462564746616408, 2564258.865538750775158 ], [ 578991.462564746616408, 2564308.865538750775158 ] ] ] ] } },
{ "type": "Feature", "properties": { "id": 1435.0, "temple": 0.0, "parking": 0.0, "junction": 0.0, "building": 4.0, "hotel": 0.0, "id_2": 9, "GHAT_NAME": "Ram Ghat", "n": 1, "distance": 767.193999927101, "Demand": 6.0, "Class": "Low" }, "geometry": { "type": "MultiPolygon", "coordinates": [ [ [ [ 578991.462564746616408, 2564258.865538750775158 ], [ 579041.462564746616408, 2564258.865538750775158 ], [ 579041.462564746616408, 2564208.865538750775158 ], [ 578991.462564746616408, 2564208.865538750775158 ], [ 578991.462564746616408, 2564258.865538750775158 ] ] ] ] } },
{ "type": "Feature", "properties": { "id": 1436.0, "temple": 0.0, "parking": 0.0, "junction": 0.0, "building": 2.0, "hotel": 0.0, "id_2": 9, "GHAT_NAME": "Ram Ghat", "n": 1, "distance": 782.38799782256524, "Demand": 4.0, "Class": "Very Low" }, "geometry": { "type": "MultiPolygon", "coordinates": [ [ [ [ 578991.462564746616408, 2564208.865538750775158 ], [ 579041.462564746616408, 2564208.865538750775158 ], [ 579041.462564746616408, 2564158.865538750775158 ], [ 578991.462564746616408, 2564158.865538750775158 ], [ 578991.462564746616408, 2564208.865538750775158 ] ] ] ] } },
{ "type": "Feature", "properties": { "id": 1437.0, "temple": 0.0, "parking": 0.0, "junction": 0.0, "building": 7.0, "hotel": 0.0, "id_2": 9, "GHAT_NAME": "Ram Ghat", "n": 1, "distance": 793.80191802239642, "Demand": 9.0, "Class": "Low" }, "geometry": { "type": "MultiPolygon", "coordinates": [ [ [ [ 578991.462564746616408, 2564158.865538750775158 ], [ 579041.462564746616408, 2564158.865538750775158 ], [ 579041.462564746616408, 2564108.865538750775158 ], [ 578991.462564746616408, 2564108.865538750775158 ], [ 578991.462564746616408, 2564158.865538750775158 ] ] ] ] } },
{ "type": "Feature", "properties": { "id": 1438.0, "temple": 0.0, "parking": 0.0, "junction": 0.0, "building": 5.0, "hotel": 0.0, "id_2": 9, "GHAT_NAME": "Ram Ghat", "n": 1, "distance": 808.15344519173345, "Demand": 7.0, "Class": "Low" }, "geometry": { "type": "MultiPolygon", "coordinates": [ [ [ [ 578991.462564746616408, 2564108.865538750775158 ], [ 579041.462564746616408, 2564108.865538750775158 ], [ 579041.462564746616408, 2564058.865538750775158 ], [ 578991.462564746616408, 2564058.865538750775158 ], [ 578991.462564746616408, 2564108.865538750775158 ] ] ] ] } },
{ "type": "Feature", "properties": { "id": 1439.0, "temple": 0.0, "parking": 0.0, "junction": 0.0, "building": 3.0, "hotel": 4.0, "id_2": 9, "GHAT_NAME": "Ram Ghat", "n": 1, "distance": 823.76146455562969, "Demand": 13.0, "Class": "Moderate" }, "geometry": { "type": "MultiPolygon", "coordinates": [ [ [ [ 578991.462564746616408, 2564058.865538750775158 ], [ 579041.462564746616408, 2564058.865538750775158 ], [ 579041.462564746616408, 2564008.865538750775158 ], [ 578991.462564746616408, 2564008.865538750775158 ], [ 578991.462564746616408, 2564058.865538750775158 ] ] ] ] } },
{ "type": "Feature", "properties": { "id": 1440.0, "temple": 0.0, "parking": 0.0, "junction": 2.0, "building": 3.0, "hotel": 1.0, "id_2": 9, "GHAT_NAME": "Ram Ghat", "n": 1, "distance": 841.54060014821573, "Demand": 11.0, "Class": "Moderate" }, "geometry": { "type": "MultiPolygon", "coordinates": [ [ [ [ 578991.462564746616408, 2564008.865538750775158 ], [ 579041.462564746616408, 2564008.865538750775158 ], [ 579041.462564746616408, 2563958.865538750775158 ], [ 578991.462564746616408, 2563958.865538750775158 ], [ 578991.462564746616408, 2564008.865538750775158 ] ] ] ] } },
{ "type": "Feature", "properties": { "id": 1441.0, "temple": 0.0, "parking": 0.0, "junction": 0.0, "building": 2.0, "hotel": 1.0, "id_2": 9, "GHAT_NAME": "Ram Ghat", "n": 1, "distance": 861.85742028992343, "Demand": 6.0, "Class": "Low" }, "geometry": { "type": "MultiPolygon", "coordinates": [ [ [ [ 578991.462564746616408, 2563958.865538750775158 ], [ 579041.462564746616408, 2563958.865538750775158 ], [ 579041.462564746616408, 2563908.865538750775158 ], [ 578991.462564746616408, 2563908.865538750775158 ], [ 578991.462564746616408, 2563958.865538750775158 ] ] ] ] } },
{ "type": "Feature", "properties": { "id": 1442.0, "temple": 0.0, "parking": 0.0, "junction": 1.0, "building": 3.0, "hotel": 1.0, "id_2": 9, "GHAT_NAME": "Ram Ghat", "n": 1, "distance": 884.53707899657002, "Demand": 9.0, "Class": "Low" }, "geometry": { "type": "MultiPolygon", "coordinates": [ [ [ [ 578991.462564746616408, 2563908.865538750775158 ], [ 579041.462564746616408, 2563908.865538750775158 ], [ 579041.462564746616408, 2563858.865538750775158 ], [ 578991.462564746616408, 2563858.865538750775158 ], [ 578991.462564746616408, 2563908.865538750775158 ] ] ] ] } },
{ "type": "Feature", "properties": { "id": 1443.0, "temple": 0.0, "parking": 0.0, "junction": 1.0, "building": 3.0, "hotel": 4.0, "id_2": 9, "GHAT_NAME": "Ram Ghat", "n": 1, "distance": 909.40281247133123, "Demand": 15.0, "Class": "Moderate" }, "geometry": { "type": "MultiPolygon", "coordinates": [ [ [ [ 578991.462564746616408, 2563858.865538750775158 ], [ 579041.462564746616408, 2563858.865538750775158 ], [ 579041.462564746616408, 2563808.865538750775158 ], [ 578991.462564746616408, 2563808.865538750775158 ], [ 578991.462564746616408, 2563858.865538750775158 ] ] ] ] } },
{ "type": "Feature", "properties": { "id": 1444.0, "temple": 0.0, "parking": 0.0, "junction": 0.0, "building": 2.0, "hotel": 10.0, "id_2": 9, "GHAT_NAME": "Ram Ghat", "n": 1, "distance": 936.28046361213262, "Demand": 24.0, "Class": "Very High" }, "geometry": { "type": "MultiPolygon", "coordinates": [ [ [ [ 578991.462564746616408, 2563808.865538750775158 ], [ 579041.462564746616408, 2563808.865538750775158 ], [ 579041.462564746616408, 2563758.865538750775158 ], [ 578991.462564746616408, 2563758.865538750775158 ], [ 578991.462564746616408, 2563808.865538750775158 ] ] ] ] } },
{ "type": "Feature", "properties": { "id": 1445.0, "temple": 0.0, "parking": 0.0, "junction": 1.0, "building": 1.0, "hotel": 8.0, "id_2": 9, "GHAT_NAME": "Ram Ghat", "n": 1, "distance": 965.00193665750373, "Demand": 21.0, "Class": "High" }, "geometry": { "type": "MultiPolygon", "coordinates": [ [ [ [ 578991.462564746616408, 2563758.865538750775158 ], [ 579041.462564746616408, 2563758.865538750775158 ], [ 579041.462564746616408, 2563708.865538750775158 ], [ 578991.462564746616408, 2563708.865538750775158 ], [ 578991.462564746616408, 2563758.865538750775158 ] ] ] ] } },
{ "type": "Feature", "properties": { "id": 1446.0, "temple": 0.0, "parking": 0.0, "junction": 2.0, "building": 5.0, "hotel": 4.0, "id_2": 4, "GHAT_NAME": "Maharishi Sant Balinath Ghat", "n": 1, "distance": 995.40509180318656, "Demand": 19.0, "Class": "High" }, "geometry": { "type": "MultiPolygon", "coordinates": [ [ [ [ 578991.462564746616408, 2563708.865538750775158 ], [ 579041.462564746616408, 2563708.865538750775158 ], [ 579041.462564746616408, 2563658.865538750775158 ], [ 578991.462564746616408, 2563658.865538750775158 ], [ 578991.462564746616408, 2563708.865538750775158 ] ] ] ] } },
{ "type": "Feature", "properties": { "id": 1447.0, "temple": 0.0, "parking": 0.0, "junction": 0.0, "building": 5.0, "hotel": 4.0, "id_2": 4, "GHAT_NAME": "Maharishi Sant Balinath Ghat", "n": 1, "distance": 1023.035884137172, "Demand": 15.0, "Class": "Moderate" }, "geometry": { "type": "MultiPolygon", "coordinates": [ [ [ [ 579032.00028038455639, 2563608.865538750775158 ], [ 578991.462564746616408, 2563608.865538750775158 ], [ 578991.462564746616408, 2563658.865538750775158 ], [ 579041.462564746616408, 2563658.865538750775158 ], [ 579041.462564746616408, 2563619.21018937882036 ], [ 579032.00028038455639, 2563608.865538750775158 ] ] ] ] } },
{ "type": "Feature", "properties": { "id": 1448.0, "temple": 0.0, "parking": 0.0, "junction": 0.0, "building": 2.0, "hotel": 0.0, "id_2": 4, "GHAT_NAME": "Maharishi Sant Balinath Ghat", "n": 1, "distance": 1052.3181760650816, "Demand": 4.0, "Class": "Very Low" }, "geometry": { "type": "MultiPolygon", "coordinates": [ [ [ [ 579004.948387810843997, 2563579.291033610701561 ], [ 578991.462564746616408, 2563571.765307407826185 ], [ 578991.462564746616408, 2563608.865538750775158 ], [ 579032.00028038455639, 2563608.865538750775158 ], [ 579004.948387810843997, 2563579.291033610701561 ] ] ] ] } },
{ "type": "Feature", "properties": { "id": 1458.0, "temple": 0.0, "parking": 0.0, "junction": 0.0, "building": 1.0, "hotel": 0.0, "id_2": 10, "GHAT_NAME": "Chakra Tirth Ghat", "n": 1, "distance": 868.71206555592039, "Demand": 3.0, "Class": "Very Low" }, "geometry": { "type": "MultiPolygon", "coordinates": [ [ [ [ 579083.203935576952063, 2565258.865538750775158 ], [ 579041.462564746616408, 2565258.865538750775158 ], [ 579041.462564746616408, 2565303.541563563514501 ], [ 579083.203935576952063, 2565258.865538750775158 ] ] ] ] } },
{ "type": "Feature", "properties": { "id": 1459.0, "temple": 0.0, "parking": 0.0, "junction": 0.0, "building": 5.0, "hotel": 0.0, "id_2": 10, "GHAT_NAME": "Chakra Tirth Ghat", "n": 1, "distance": 854.0720374678242, "Demand": 7.0, "Class": "Low" }, "geometry": { "type": "MultiPolygon", "coordinates": [ [ [ [ 579091.462564746616408, 2565250.02628133399412 ], [ 579091.462564746616408, 2565208.865538750775158 ], [ 579041.462564746616408, 2565208.865538750775158 ], [ 579041.462564746616408, 2565258.865538750775158 ], [ 579083.203935576952063, 2565258.865538750775158 ], [ 579091.462564746616408, 2565250.02628133399412 ] ] ] ] } },
{ "type": "Feature", "properties": { "id": 1460.0, "temple": 0.0, "parking": 0.0, "junction": 2.0, "building": 10.0, "hotel": 0.0, "id_2": 8, "GHAT_NAME": "Sumeru Ghat", "n": 1, "distance": 841.43997867396183, "Demand": 16.0, "Class": "High" }, "geometry": { "type": "MultiPolygon", "coordinates": [ [ [ [ 579041.462564746616408, 2565208.865538750775158 ], [ 579091.462564746616408, 2565208.865538750775158 ], [ 579091.462564746616408, 2565158.865538750775158 ], [ 579041.462564746616408, 2565158.865538750775158 ], [ 579041.462564746616408, 2565208.865538750775158 ] ] ] ] } },
{ "type": "Feature", "properties": { "id": 1461.0, "temple": 0.0, "parking": 0.0, "junction": 0.0, "building": 7.0, "hotel": 0.0, "id_2": 8, "GHAT_NAME": "Sumeru Ghat", "n": 1, "distance": 827.87958259066261, "Demand": 9.0, "Class": "Low" }, "geometry": { "type": "MultiPolygon", "coordinates": [ [ [ [ 579041.462564746616408, 2565158.865538750775158 ], [ 579091.462564746616408, 2565158.865538750775158 ], [ 579091.462564746616408, 2565108.865538750775158 ], [ 579041.462564746616408, 2565108.865538750775158 ], [ 579041.462564746616408, 2565158.865538750775158 ] ] ] ] } },
{ "type": "Feature", "properties": { "id": 1462.0, "temple": 0.0, "parking": 0.0, "junction": 0.0, "building": 9.0, "hotel": 0.0, "id_2": 8, "GHAT_NAME": "Sumeru Ghat", "n": 1, "distance": 816.9318319310587, "Demand": 11.0, "Class": "Moderate" }, "geometry": { "type": "MultiPolygon", "coordinates": [ [ [ [ 579041.462564746616408, 2565108.865538750775158 ], [ 579091.462564746616408, 2565108.865538750775158 ], [ 579091.462564746616408, 2565058.865538750775158 ], [ 579041.462564746616408, 2565058.865538750775158 ], [ 579041.462564746616408, 2565108.865538750775158 ] ] ] ] } },
{ "type": "Feature", "properties": { "id": 1463.0, "temple": 0.0, "parking": 0.0, "junction": 3.0, "building": 6.0, "hotel": 0.0, "id_2": 8, "GHAT_NAME": "Sumeru Ghat", "n": 1, "distance": 804.36881292298017, "Demand": 14.0, "Class": "Moderate" }, "geometry": { "type": "MultiPolygon", "coordinates": [ [ [ [ 579041.462564746616408, 2565058.865538750775158 ], [ 579091.462564746616408, 2565058.865538750775158 ], [ 579091.462564746616408, 2565008.865538750775158 ], [ 579041.462564746616408, 2565008.865538750775158 ], [ 579041.462564746616408, 2565058.865538750775158 ] ] ] ] } },
{ "type": "Feature", "properties": { "id": 1464.0, "temple": 0.0, "parking": 0.0, "junction": 0.0, "building": 11.0, "hotel": 0.0, "id_2": 8, "GHAT_NAME": "Sumeru Ghat", "n": 1, "distance": 791.43195196808256, "Demand": 13.0, "Class": "Moderate" }, "geometry": { "type": "MultiPolygon", "coordinates": [ [ [ [ 579041.462564746616408, 2565008.865538750775158 ], [ 579091.462564746616408, 2565008.865538750775158 ], [ 579091.462564746616408, 2564958.865538750775158 ], [ 579041.462564746616408, 2564958.865538750775158 ], [ 579041.462564746616408, 2565008.865538750775158 ] ] ] ] } },
{ "type": "Feature", "properties": { "id": 1465.0, "temple": 0.0, "parking": 0.0, "junction": 1.0, "building": 3.0, "hotel": 0.0, "id_2": 8, "GHAT_NAME": "Sumeru Ghat", "n": 1, "distance": 781.44189464249644, "Demand": 7.0, "Class": "Low" }, "geometry": { "type": "MultiPolygon", "coordinates": [ [ [ [ 579041.462564746616408, 2564958.865538750775158 ], [ 579091.462564746616408, 2564958.865538750775158 ], [ 579091.462564746616408, 2564908.865538750775158 ], [ 579041.462564746616408, 2564908.865538750775158 ], [ 579041.462564746616408, 2564958.865538750775158 ] ] ] ] } },
{ "type": "Feature", "properties": { "id": 1466.0, "temple": 0.0, "parking": 0.0, "junction": 1.0, "building": 3.0, "hotel": 0.0, "id_2": 8, "GHAT_NAME": "Sumeru Ghat", "n": 1, "distance": 773.22428145477772, "Demand": 7.0, "Class": "Low" }, "geometry": { "type": "MultiPolygon", "coordinates": [ [ [ [ 579041.462564746616408, 2564908.865538750775158 ], [ 579091.462564746616408, 2564908.865538750775158 ], [ 579091.462564746616408, 2564858.865538750775158 ], [ 579041.462564746616408, 2564858.865538750775158 ], [ 579041.462564746616408, 2564908.865538750775158 ] ] ] ] } },
{ "type": "Feature", "properties": { "id": 1467.0, "temple": 0.0, "parking": 0.0, "junction": 2.0, "building": 1.0, "hotel": 0.0, "id_2": 9, "GHAT_NAME": "Ram Ghat", "n": 1, "distance": 765.62615406626617, "Demand": 7.0, "Class": "Low" }, "geometry": { "type": "MultiPolygon", "coordinates": [ [ [ [ 579041.462564746616408, 2564858.865538750775158 ], [ 579091.462564746616408, 2564858.865538750775158 ], [ 579091.462564746616408, 2564808.865538750775158 ], [ 579041.462564746616408, 2564808.865538750775158 ], [ 579041.462564746616408, 2564858.865538750775158 ] ] ] ] } },
{ "type": "Feature", "properties": { "id": 1468.0, "temple": 0.0, "parking": 0.0, "junction": 0.0, "building": 3.0, "hotel": 0.0, "id_2": 9, "GHAT_NAME": "Ram Ghat", "n": 1, "distance": 758.82249153396037, "Demand": 5.0, "Class": "Very Low" }, "geometry": { "type": "MultiPolygon", "coordinates": [ [ [ [ 579041.462564746616408, 2564808.865538750775158 ], [ 579091.462564746616408, 2564808.865538750775158 ], [ 579091.462564746616408, 2564758.865538750775158 ], [ 579041.462564746616408, 2564758.865538750775158 ], [ 579041.462564746616408, 2564808.865538750775158 ] ] ] ] } },
{ "type": "Feature", "properties": { "id": 1469.0, "temple": 0.0, "parking": 0.0, "junction": 1.0, "building": 1.0, "hotel": 0.0, "id_2": 9, "GHAT_NAME": "Ram Ghat", "n": 1, "distance": 753.95593352028857, "Demand": 5.0, "Class": "Very Low" }, "geometry": { "type": "MultiPolygon", "coordinates": [ [ [ [ 579041.462564746616408, 2564758.865538750775158 ], [ 579091.462564746616408, 2564758.865538750775158 ], [ 579091.462564746616408, 2564708.865538750775158 ], [ 579041.462564746616408, 2564708.865538750775158 ], [ 579041.462564746616408, 2564758.865538750775158 ] ] ] ] } },
{ "type": "Feature", "properties": { "id": 1470.0, "temple": 0.0, "parking": 0.0, "junction": 0.0, "building": 3.0, "hotel": 0.0, "id_2": 9, "GHAT_NAME": "Ram Ghat", "n": 1, "distance": 751.27127084917561, "Demand": 5.0, "Class": "Very Low" }, "geometry": { "type": "MultiPolygon", "coordinates": [ [ [ [ 579041.462564746616408, 2564708.865538750775158 ], [ 579091.462564746616408, 2564708.865538750775158 ], [ 579091.462564746616408, 2564658.865538750775158 ], [ 579041.462564746616408, 2564658.865538750775158 ], [ 579041.462564746616408, 2564708.865538750775158 ] ] ] ] } },
{ "type": "Feature", "properties": { "id": 1471.0, "temple": 0.0, "parking": 0.0, "junction": 1.0, "building": 2.0, "hotel": 0.0, "id_2": 9, "GHAT_NAME": "Ram Ghat", "n": 1, "distance": 751.11320444615546, "Demand": 6.0, "Class": "Low" }, "geometry": { "type": "MultiPolygon", "coordinates": [ [ [ [ 579041.462564746616408, 2564658.865538750775158 ], [ 579091.462564746616408, 2564658.865538750775158 ], [ 579091.462564746616408, 2564608.865538750775158 ], [ 579041.462564746616408, 2564608.865538750775158 ], [ 579041.462564746616408, 2564658.865538750775158 ] ] ] ] } },
{ "type": "Feature", "properties": { "id": 1472.0, "temple": 0.0, "parking": 0.0, "junction": 4.0, "building": 1.0, "hotel": 0.0, "id_2": 9, "GHAT_NAME": "Ram Ghat", "n": 1, "distance": 751.90923329629425, "Demand": 11.0, "Class": "Moderate" }, "geometry": { "type": "MultiPolygon", "coordinates": [ [ [ [ 579041.462564746616408, 2564608.865538750775158 ], [ 579091.462564746616408, 2564608.865538750775158 ], [ 579091.462564746616408, 2564558.865538750775158 ], [ 579041.462564746616408, 2564558.865538750775158 ], [ 579041.462564746616408, 2564608.865538750775158 ] ] ] ] } },
{ "type": "Feature", "properties": { "id": 1473.0, "temple": 0.0, "parking": 0.0, "junction": 1.0, "building": 1.0, "hotel": 0.0, "id_2": 9, "GHAT_NAME": "Ram Ghat", "n": 1, "distance": 754.34535801826303, "Demand": 5.0, "Class": "Very Low" }, "geometry": { "type": "MultiPolygon", "coordinates": [ [ [ [ 579041.462564746616408, 2564558.865538750775158 ], [ 579091.462564746616408, 2564558.865538750775158 ], [ 579091.462564746616408, 2564508.865538750775158 ], [ 579041.462564746616408, 2564508.865538750775158 ], [ 579041.462564746616408, 2564558.865538750775158 ] ] ] ] } },
{ "type": "Feature", "properties": { "id": 1474.0, "temple": 0.0, "parking": 0.0, "junction": 0.0, "building": 4.0, "hotel": 0.0, "id_2": 9, "GHAT_NAME": "Ram Ghat", "n": 1, "distance": 759.15249962088012, "Demand": 6.0, "Class": "Low" }, "geometry": { "type": "MultiPolygon", "coordinates": [ [ [ [ 579041.462564746616408, 2564508.865538750775158 ], [ 579091.462564746616408, 2564508.865538750775158 ], [ 579091.462564746616408, 2564458.865538750775158 ], [ 579041.462564746616408, 2564458.865538750775158 ], [ 579041.462564746616408, 2564508.865538750775158 ] ] ] ] } },
{ "type": "Feature", "properties": { "id": 1475.0, "temple": 0.0, "parking": 0.0, "junction": 0.0, "building": 1.0, "hotel": 0.0, "id_2": 9, "GHAT_NAME": "Ram Ghat", "n": 1, "distance": 767.07572667821478, "Demand": 3.0, "Class": "Very Low" }, "geometry": { "type": "MultiPolygon", "coordinates": [ [ [ [ 579041.462564746616408, 2564458.865538750775158 ], [ 579091.462564746616408, 2564458.865538750775158 ], [ 579091.462564746616408, 2564408.865538750775158 ], [ 579041.462564746616408, 2564408.865538750775158 ], [ 579041.462564746616408, 2564458.865538750775158 ] ] ] ] } },
{ "type": "Feature", "properties": { "id": 1476.0, "temple": 0.0, "parking": 0.0, "junction": 3.0, "building": 4.0, "hotel": 0.0, "id_2": 9, "GHAT_NAME": "Ram Ghat", "n": 1, "distance": 778.13740639889068, "Demand": 12.0, "Class": "Moderate" }, "geometry": { "type": "MultiPolygon", "coordinates": [ [ [ [ 579041.462564746616408, 2564408.865538750775158 ], [ 579091.462564746616408, 2564408.865538750775158 ], [ 579091.462564746616408, 2564358.865538750775158 ], [ 579041.462564746616408, 2564358.865538750775158 ], [ 579041.462564746616408, 2564408.865538750775158 ] ] ] ] } },
{ "type": "Feature", "properties": { "id": 1477.0, "temple": 0.0, "parking": 0.0, "junction": 2.0, "building": 3.0, "hotel": 0.0, "id_2": 9, "GHAT_NAME": "Ram Ghat", "n": 1, "distance": 788.64019551738716, "Demand": 9.0, "Class": "Low" }, "geometry": { "type": "MultiPolygon", "coordinates": [ [ [ [ 579041.462564746616408, 2564358.865538750775158 ], [ 579091.462564746616408, 2564358.865538750775158 ], [ 579091.462564746616408, 2564308.865538750775158 ], [ 579041.462564746616408, 2564308.865538750775158 ], [ 579041.462564746616408, 2564358.865538750775158 ] ] ] ] } },
{ "type": "Feature", "properties": { "id": 1478.0, "temple": 0.0, "parking": 0.0, "junction": 1.0, "building": 1.0, "hotel": 0.0, "id_2": 9, "GHAT_NAME": "Ram Ghat", "n": 1, "distance": 801.27714669840816, "Demand": 5.0, "Class": "Very Low" }, "geometry": { "type": "MultiPolygon", "coordinates": [ [ [ [ 579041.462564746616408, 2564308.865538750775158 ], [ 579091.462564746616408, 2564308.865538750775158 ], [ 579091.462564746616408, 2564258.865538750775158 ], [ 579041.462564746616408, 2564258.865538750775158 ], [ 579041.462564746616408, 2564308.865538750775158 ] ] ] ] } },
{ "type": "Feature", "properties": { "id": 1479.0, "temple": 0.0, "parking": 0.0, "junction": 4.0, "building": 1.0, "hotel": 0.0, "id_2": 9, "GHAT_NAME": "Ram Ghat", "n": 1, "distance": 814.8217849395736, "Demand": 11.0, "Class": "Moderate" }, "geometry": { "type": "MultiPolygon", "coordinates": [ [ [ [ 579041.462564746616408, 2564258.865538750775158 ], [ 579091.462564746616408, 2564258.865538750775158 ], [ 579091.462564746616408, 2564208.865538750775158 ], [ 579041.462564746616408, 2564208.865538750775158 ], [ 579041.462564746616408, 2564258.865538750775158 ] ] ] ] } },
{ "type": "Feature", "properties": { "id": 1480.0, "temple": 0.0, "parking": 0.0, "junction": 0.0, "building": 2.0, "hotel": 0.0, "id_2": 9, "GHAT_NAME": "Ram Ghat", "n": 1, "distance": 830.96207589327685, "Demand": 4.0, "Class": "Very Low" }, "geometry": { "type": "MultiPolygon", "coordinates": [ [ [ [ 579041.462564746616408, 2564208.865538750775158 ], [ 579091.462564746616408, 2564208.865538750775158 ], [ 579091.462564746616408, 2564158.865538750775158 ], [ 579041.462564746616408, 2564158.865538750775158 ], [ 579041.462564746616408, 2564208.865538750775158 ] ] ] ] } },
{ "type": "Feature", "properties": { "id": 1481.0, "temple": 0.0, "parking": 0.0, "junction": 2.0, "building": 2.0, "hotel": 1.0, "id_2": 9, "GHAT_NAME": "Ram Ghat", "n": 1, "distance": 842.20631170763124, "Demand": 10.0, "Class": "Low" }, "geometry": { "type": "MultiPolygon", "coordinates": [ [ [ [ 579041.462564746616408, 2564158.865538750775158 ], [ 579091.462564746616408, 2564158.865538750775158 ], [ 579091.462564746616408, 2564108.865538750775158 ], [ 579041.462564746616408, 2564108.865538750775158 ], [ 579041.462564746616408, 2564158.865538750775158 ] ] ] ] } },
{ "type": "Feature", "properties": { "id": 1482.0, "temple": 0.0, "parking": 0.0, "junction": 0.0, "building": 4.0, "hotel": 5.0, "id_2": 9, "GHAT_NAME": "Ram Ghat", "n": 1, "distance": 855.74644457304328, "Demand": 16.0, "Class": "High" }, "geometry": { "type": "MultiPolygon", "coordinates": [ [ [ [ 579041.462564746616408, 2564108.865538750775158 ], [ 579091.462564746616408, 2564108.865538750775158 ], [ 579091.462564746616408, 2564058.865538750775158 ], [ 579041.462564746616408, 2564058.865538750775158 ], [ 579041.462564746616408, 2564108.865538750775158 ] ] ] ] } },
{ "type": "Feature", "properties": { "id": 1483.0, "temple": 0.0, "parking": 0.0, "junction": 3.0, "building": 5.0, "hotel": 3.0, "id_2": 9, "GHAT_NAME": "Ram Ghat", "n": 1, "distance": 871.13211506687719, "Demand": 19.0, "Class": "High" }, "geometry": { "type": "MultiPolygon", "coordinates": [ [ [ [ 579041.462564746616408, 2564058.865538750775158 ], [ 579091.462564746616408, 2564058.865538750775158 ], [ 579091.462564746616408, 2564008.865538750775158 ], [ 579041.462564746616408, 2564008.865538750775158 ], [ 579041.462564746616408, 2564058.865538750775158 ] ] ] ] } },
{ "type": "Feature", "properties": { "id": 1484.0, "temple": 0.0, "parking": 0.0, "junction": 1.0, "building": 3.0, "hotel": 0.0, "id_2": 9, "GHAT_NAME": "Ram Ghat", "n": 1, "distance": 887.96328365077898, "Demand": 7.0, "Class": "Low" }, "geometry": { "type": "MultiPolygon", "coordinates": [ [ [ [ 579041.462564746616408, 2564008.865538750775158 ], [ 579091.462564746616408, 2564008.865538750775158 ], [ 579091.462564746616408, 2563958.865538750775158 ], [ 579041.462564746616408, 2563958.865538750775158 ], [ 579041.462564746616408, 2564008.865538750775158 ] ] ] ] } },
{ "type": "Feature", "properties": { "id": 1485.0, "temple": 0.0, "parking": 0.0, "junction": 1.0, "building": 2.0, "hotel": 2.0, "id_2": 9, "GHAT_NAME": "Ram Ghat", "n": 1, "distance": 907.24110594860974, "Demand": 10.0, "Class": "Low" }, "geometry": { "type": "MultiPolygon", "coordinates": [ [ [ [ 579041.462564746616408, 2563958.865538750775158 ], [ 579091.462564746616408, 2563958.865538750775158 ], [ 579091.462564746616408, 2563908.865538750775158 ], [ 579041.462564746616408, 2563908.865538750775158 ], [ 579041.462564746616408, 2563958.865538750775158 ] ] ] ] } },
{ "type": "Feature", "properties": { "id": 1486.0, "temple": 0.0, "parking": 0.0, "junction": 0.0, "building": 3.0, "hotel": 1.0, "id_2": 9, "GHAT_NAME": "Ram Ghat", "n": 1, "distance": 928.81325116184655, "Demand": 7.0, "Class": "Low" }, "geometry": { "type": "MultiPolygon", "coordinates": [ [ [ [ 579041.462564746616408, 2563908.865538750775158 ], [ 579091.462564746616408, 2563908.865538750775158 ], [ 579091.462564746616408, 2563858.865538750775158 ], [ 579041.462564746616408, 2563858.865538750775158 ], [ 579041.462564746616408, 2563908.865538750775158 ] ] ] ] } },
{ "type": "Feature", "properties": { "id": 1487.0, "temple": 0.0, "parking": 0.0, "junction": 1.0, "building": 1.0, "hotel": 0.0, "id_2": 9, "GHAT_NAME": "Ram Ghat", "n": 1, "distance": 952.5238510109981, "Demand": 5.0, "Class": "Very Low" }, "geometry": { "type": "MultiPolygon", "coordinates": [ [ [ [ 579041.462564746616408, 2563858.865538750775158 ], [ 579091.462564746616408, 2563858.865538750775158 ], [ 579091.462564746616408, 2563808.865538750775158 ], [ 579041.462564746616408, 2563808.865538750775158 ], [ 579041.462564746616408, 2563858.865538750775158 ] ] ] ] } },
{ "type": "Feature", "properties": { "id": 1488.0, "temple": 0.0, "parking": 0.0, "junction": 0.0, "building": 4.0, "hotel": 1.0, "id_2": 9, "GHAT_NAME": "Ram Ghat", "n": 1, "distance": 978.2174185506027, "Demand": 8.0, "Class": "Low" }, "geometry": { "type": "MultiPolygon", "coordinates": [ [ [ [ 579041.462564746616408, 2563808.865538750775158 ], [ 579091.462564746616408, 2563808.865538750775158 ], [ 579091.462564746616408, 2563758.865538750775158 ], [ 579041.462564746616408, 2563758.865538750775158 ], [ 579041.462564746616408, 2563808.865538750775158 ] ] ] ] } },
{ "type": "Feature", "properties": { "id": 1489.0, "temple": 0.0, "parking": 0.0, "junction": 1.0, "building": 3.0, "hotel": 3.0, "id_2": 9, "GHAT_NAME": "Ram Ghat", "n": 1, "distance": 1005.7419893624744, "Demand": 13.0, "Class": "Moderate" }, "geometry": { "type": "MultiPolygon", "coordinates": [ [ [ [ 579041.462564746616408, 2563758.865538750775158 ], [ 579091.462564746616408, 2563758.865538750775158 ], [ 579091.462564746616408, 2563708.865538750775158 ], [ 579041.462564746616408, 2563708.865538750775158 ], [ 579041.462564746616408, 2563758.865538750775158 ] ] ] ] } },
{ "type": "Feature", "properties": { "id": 1490.0, "temple": 0.0, "parking": 0.0, "junction": 0.0, "building": 7.0, "hotel": 2.0, "id_2": 9, "GHAT_NAME": "Ram Ghat", "n": 1, "distance": 1034.9514869682398, "Demand": 13.0, "Class": "Moderate" }, "geometry": { "type": "MultiPolygon", "coordinates": [ [ [ [ 579077.73543714475818, 2563658.865538750775158 ], [ 579041.462564746616408, 2563658.865538750775158 ], [ 579041.462564746616408, 2563708.865538750775158 ], [ 579091.462564746616408, 2563708.865538750775158 ], [ 579091.462564746616408, 2563673.872732969000936 ], [ 579077.73543714475818, 2563658.865538750775158 ] ] ] ] } },
{ "type": "Feature", "properties": { "id": 1491.0, "temple": 0.0, "parking": 0.0, "junction": 0.0, "building": 2.0, "hotel": 0.0, "id_2": 4, "GHAT_NAME": "Maharishi Sant Balinath Ghat", "n": 1, "distance": 1064.5133572150139, "Demand": 4.0, "Class": "Very Low" }, "geometry": { "type": "MultiPolygon", "coordinates": [ [ [ [ 579041.462564746616408, 2563619.21018937882036 ], [ 579041.462564746616408, 2563658.865538750775158 ], [ 579077.73543714475818, 2563658.865538750775158 ], [ 579041.462564746616408, 2563619.21018937882036 ] ] ] ] } },
{ "type": "Feature", "properties": { "id": 1503.0, "temple": 0.0, "parking": 0.0, "junction": 0.0, "building": 0.0, "hotel": 0.0, "id_2": 10, "GHAT_NAME": "Chakra Tirth Ghat", "n": 1, "distance": 902.36527143868761, "Demand": 2.0, "Class": "Very Low" }, "geometry": { "type": "MultiPolygon", "coordinates": [ [ [ [ 579129.919563260162249, 2565208.865538750775158 ], [ 579091.462564746616408, 2565208.865538750775158 ], [ 579091.462564746616408, 2565250.02628133399412 ], [ 579129.919563260162249, 2565208.865538750775158 ] ] ] ] } },
{ "type": "Feature", "properties": { "id": 1504.0, "temple": 0.0, "parking": 0.0, "junction": 4.0, "building": 5.0, "hotel": 0.0, "id_2": 8, "GHAT_NAME": "Sumeru Ghat", "n": 1, "distance": 889.2822562355409, "Demand": 15.0, "Class": "Moderate" }, "geometry": { "type": "MultiPolygon", "coordinates": [ [ [ [ 579141.462564746616408, 2565196.51099910447374 ], [ 579141.462564746616408, 2565158.865538750775158 ], [ 579091.462564746616408, 2565158.865538750775158 ], [ 579091.462564746616408, 2565208.865538750775158 ], [ 579129.919563260162249, 2565208.865538750775158 ], [ 579141.462564746616408, 2565196.51099910447374 ] ] ] ] } },
{ "type": "Feature", "properties": { "id": 1505.0, "temple": 0.0, "parking": 0.0, "junction": 1.0, "building": 2.0, "hotel": 0.0, "id_2": 8, "GHAT_NAME": "Sumeru Ghat", "n": 1, "distance": 876.46237615486177, "Demand": 6.0, "Class": "Low" }, "geometry": { "type": "MultiPolygon", "coordinates": [ [ [ [ 579091.462564746616408, 2565158.865538750775158 ], [ 579141.462564746616408, 2565158.865538750775158 ], [ 579141.462564746616408, 2565108.865538750775158 ], [ 579091.462564746616408, 2565108.865538750775158 ], [ 579091.462564746616408, 2565158.865538750775158 ] ] ] ] } },
{ "type": "Feature", "properties": { "id": 1506.0, "temple": 0.0, "parking": 0.0, "junction": 0.0, "building": 1.0, "hotel": 0.0, "id_2": 8, "GHAT_NAME": "Sumeru Ghat", "n": 1, "distance": 865.83479808797358, "Demand": 3.0, "Class": "Very Low" }, "geometry": { "type": "MultiPolygon", "coordinates": [ [ [ [ 579091.462564746616408, 2565108.865538750775158 ], [ 579141.462564746616408, 2565108.865538750775158 ], [ 579141.462564746616408, 2565058.865538750775158 ], [ 579091.462564746616408, 2565058.865538750775158 ], [ 579091.462564746616408, 2565108.865538750775158 ] ] ] ] } },
{ "type": "Feature", "properties": { "id": 1507.0, "temple": 0.0, "parking": 0.0, "junction": 4.0, "building": 1.0, "hotel": 0.0, "id_2": 8, "GHAT_NAME": "Sumeru Ghat", "n": 1, "distance": 852.40638625337351, "Demand": 11.0, "Class": "Moderate" }, "geometry": { "type": "MultiPolygon", "coordinates": [ [ [ [ 579091.462564746616408, 2565058.865538750775158 ], [ 579141.462564746616408, 2565058.865538750775158 ], [ 579141.462564746616408, 2565008.865538750775158 ], [ 579091.462564746616408, 2565008.865538750775158 ], [ 579091.462564746616408, 2565058.865538750775158 ] ] ] ] } },
{ "type": "Feature", "properties": { "id": 1508.0, "temple": 0.0, "parking": 0.0, "junction": 2.0, "building": 1.0, "hotel": 0.0, "id_2": 8, "GHAT_NAME": "Sumeru Ghat", "n": 1, "distance": 840.16876128072056, "Demand": 7.0, "Class": "Low" }, "geometry": { "type": "MultiPolygon", "coordinates": [ [ [ [ 579091.462564746616408, 2565008.865538750775158 ], [ 579141.462564746616408, 2565008.865538750775158 ], [ 579141.462564746616408, 2564958.865538750775158 ], [ 579091.462564746616408, 2564958.865538750775158 ], [ 579091.462564746616408, 2565008.865538750775158 ] ] ] ] } },
{ "type": "Feature", "properties": { "id": 1509.0, "temple": 0.0, "parking": 0.0, "junction": 0.0, "building": 1.0, "hotel": 0.0, "id_2": 8, "GHAT_NAME": "Sumeru Ghat", "n": 1, "distance": 830.75088256718732, "Demand": 3.0, "Class": "Very Low" }, "geometry": { "type": "MultiPolygon", "coordinates": [ [ [ [ 579091.462564746616408, 2564958.865538750775158 ], [ 579141.462564746616408, 2564958.865538750775158 ], [ 579141.462564746616408, 2564908.865538750775158 ], [ 579091.462564746616408, 2564908.865538750775158 ], [ 579091.462564746616408, 2564958.865538750775158 ] ] ] ] } },
{ "type": "Feature", "properties": { "id": 1510.0, "temple": 0.0, "parking": 0.0, "junction": 0.0, "building": 3.0, "hotel": 0.0, "id_2": 8, "GHAT_NAME": "Sumeru Ghat", "n": 1, "distance": 822.64789655208574, "Demand": 5.0, "Class": "Very Low" }, "geometry": { "type": "MultiPolygon", "coordinates": [ [ [ [ 579091.462564746616408, 2564908.865538750775158 ], [ 579141.462564746616408, 2564908.865538750775158 ], [ 579141.462564746616408, 2564858.865538750775158 ], [ 579091.462564746616408, 2564858.865538750775158 ], [ 579091.462564746616408, 2564908.865538750775158 ] ] ] ] } },
{ "type": "Feature", "properties": { "id": 1511.0, "temple": 0.0, "parking": 0.0, "junction": 0.0, "building": 4.0, "hotel": 0.0, "id_2": 9, "GHAT_NAME": "Ram Ghat", "n": 1, "distance": 814.95782120887714, "Demand": 6.0, "Class": "Low" }, "geometry": { "type": "MultiPolygon", "coordinates": [ [ [ [ 579091.462564746616408, 2564858.865538750775158 ], [ 579141.462564746616408, 2564858.865538750775158 ], [ 579141.462564746616408, 2564808.865538750775158 ], [ 579091.462564746616408, 2564808.865538750775158 ], [ 579091.462564746616408, 2564858.865538750775158 ] ] ] ] } },
{ "type": "Feature", "properties": { "id": 1512.0, "temple": 0.0, "parking": 0.0, "junction": 0.0, "building": 4.0, "hotel": 0.0, "id_2": 9, "GHAT_NAME": "Ram Ghat", "n": 1, "distance": 808.56936388724603, "Demand": 6.0, "Class": "Low" }, "geometry": { "type": "MultiPolygon", "coordinates": [ [ [ [ 579091.462564746616408, 2564808.865538750775158 ], [ 579141.462564746616408, 2564808.865538750775158 ], [ 579141.462564746616408, 2564758.865538750775158 ], [ 579091.462564746616408, 2564758.865538750775158 ], [ 579091.462564746616408, 2564808.865538750775158 ] ] ] ] } },
{ "type": "Feature", "properties": { "id": 1513.0, "temple": 0.0, "parking": 0.0, "junction": 0.0, "building": 1.0, "hotel": 0.0, "id_2": 9, "GHAT_NAME": "Ram Ghat", "n": 1, "distance": 803.77911775254859, "Demand": 3.0, "Class": "Very Low" }, "geometry": { "type": "MultiPolygon", "coordinates": [ [ [ [ 579091.462564746616408, 2564758.865538750775158 ], [ 579141.462564746616408, 2564758.865538750775158 ], [ 579141.462564746616408, 2564708.865538750775158 ], [ 579091.462564746616408, 2564708.865538750775158 ], [ 579091.462564746616408, 2564758.865538750775158 ] ] ] ] } },
{ "type": "Feature", "properties": { "id": 1514.0, "temple": 0.0, "parking": 0.0, "junction": 0.0, "building": 2.0, "hotel": 0.0, "id_2": 9, "GHAT_NAME": "Ram Ghat", "n": 1, "distance": 801.26140731221483, "Demand": 4.0, "Class": "Very Low" }, "geometry": { "type": "MultiPolygon", "coordinates": [ [ [ [ 579091.462564746616408, 2564708.865538750775158 ], [ 579141.462564746616408, 2564708.865538750775158 ], [ 579141.462564746616408, 2564658.865538750775158 ], [ 579091.462564746616408, 2564658.865538750775158 ], [ 579091.462564746616408, 2564708.865538750775158 ] ] ] ] } },
{ "type": "Feature", "properties": { "id": 1515.0, "temple": 0.0, "parking": 0.0, "junction": 1.0, "building": 1.0, "hotel": 0.0, "id_2": 9, "GHAT_NAME": "Ram Ghat", "n": 1, "distance": 801.11320444615546, "Demand": 5.0, "Class": "Very Low" }, "geometry": { "type": "MultiPolygon", "coordinates": [ [ [ [ 579091.462564746616408, 2564658.865538750775158 ], [ 579141.462564746616408, 2564658.865538750775158 ], [ 579141.462564746616408, 2564608.865538750775158 ], [ 579091.462564746616408, 2564608.865538750775158 ], [ 579091.462564746616408, 2564658.865538750775158 ] ] ] ] } },
{ "type": "Feature", "properties": { "id": 1516.0, "temple": 0.0, "parking": 0.0, "junction": 2.0, "building": 1.0, "hotel": 1.0, "id_2": 9, "GHAT_NAME": "Ram Ghat", "n": 1, "distance": 801.85959840912085, "Demand": 9.0, "Class": "Low" }, "geometry": { "type": "MultiPolygon", "coordinates": [ [ [ [ 579091.462564746616408, 2564608.865538750775158 ], [ 579141.462564746616408, 2564608.865538750775158 ], [ 579141.462564746616408, 2564558.865538750775158 ], [ 579091.462564746616408, 2564558.865538750775158 ], [ 579091.462564746616408, 2564608.865538750775158 ] ] ] ] } },
{ "type": "Feature", "properties": { "id": 1517.0, "temple": 0.0, "parking": 0.0, "junction": 2.0, "building": 0.0, "hotel": 0.0, "id_2": 9, "GHAT_NAME": "Ram Ghat", "n": 1, "distance": 804.24826343579366, "Demand": 6.0, "Class": "Low" }, "geometry": { "type": "MultiPolygon", "coordinates": [ [ [ [ 579091.462564746616408, 2564558.865538750775158 ], [ 579141.462564746616408, 2564558.865538750775158 ], [ 579141.462564746616408, 2564508.865538750775158 ], [ 579091.462564746616408, 2564508.865538750775158 ], [ 579091.462564746616408, 2564558.865538750775158 ] ] ] ] } },
{ "type": "Feature", "properties": { "id": 1518.0, "temple": 0.0, "parking": 0.0, "junction": 0.0, "building": 3.0, "hotel": 2.0, "id_2": 9, "GHAT_NAME": "Ram Ghat", "n": 1, "distance": 808.7763998686238, "Demand": 9.0, "Class": "Low" }, "geometry": { "type": "MultiPolygon", "coordinates": [ [ [ [ 579091.462564746616408, 2564508.865538750775158 ], [ 579141.462564746616408, 2564508.865538750775158 ], [ 579141.462564746616408, 2564458.865538750775158 ], [ 579091.462564746616408, 2564458.865538750775158 ], [ 579091.462564746616408, 2564508.865538750775158 ] ] ] ] } },
{ "type": "Feature", "properties": { "id": 1519.0, "temple": 0.0, "parking": 0.0, "junction": 1.0, "building": 3.0, "hotel": 1.0, "id_2": 9, "GHAT_NAME": "Ram Ghat", "n": 1, "distance": 816.21805772889695, "Demand": 9.0, "Class": "Low" }, "geometry": { "type": "MultiPolygon", "coordinates": [ [ [ [ 579091.462564746616408, 2564458.865538750775158 ], [ 579141.462564746616408, 2564458.865538750775158 ], [ 579141.462564746616408, 2564408.865538750775158 ], [ 579091.462564746616408, 2564408.865538750775158 ], [ 579091.462564746616408, 2564458.865538750775158 ] ] ] ] } },
{ "type": "Feature", "properties": { "id": 1520.0, "temple": 0.0, "parking": 0.0, "junction": 1.0, "building": 1.0, "hotel": 0.0, "id_2": 9, "GHAT_NAME": "Ram Ghat", "n": 1, "distance": 826.62238691013795, "Demand": 5.0, "Class": "Very Low" }, "geometry": { "type": "MultiPolygon", "coordinates": [ [ [ [ 579091.462564746616408, 2564408.865538750775158 ], [ 579141.462564746616408, 2564408.865538750775158 ], [ 579141.462564746616408, 2564358.865538750775158 ], [ 579091.462564746616408, 2564358.865538750775158 ], [ 579091.462564746616408, 2564408.865538750775158 ] ] ] ] } },
{ "type": "Feature", "properties": { "id": 1521.0, "temple": 0.0, "parking": 0.0, "junction": 0.0, "building": 3.0, "hotel": 0.0, "id_2": 9, "GHAT_NAME": "Ram Ghat", "n": 1, "distance": 837.45466007804816, "Demand": 5.0, "Class": "Very Low" }, "geometry": { "type": "MultiPolygon", "coordinates": [ [ [ [ 579091.462564746616408, 2564358.865538750775158 ], [ 579141.462564746616408, 2564358.865538750775158 ], [ 579141.462564746616408, 2564308.865538750775158 ], [ 579091.462564746616408, 2564308.865538750775158 ], [ 579091.462564746616408, 2564358.865538750775158 ] ] ] ] } },
{ "type": "Feature", "properties": { "id": 1522.0, "temple": 0.0, "parking": 0.0, "junction": 1.0, "building": 3.0, "hotel": 0.0, "id_2": 9, "GHAT_NAME": "Ram Ghat", "n": 1, "distance": 849.36565478118951, "Demand": 7.0, "Class": "Low" }, "geometry": { "type": "MultiPolygon", "coordinates": [ [ [ [ 579091.462564746616408, 2564308.865538750775158 ], [ 579141.462564746616408, 2564308.865538750775158 ], [ 579141.462564746616408, 2564258.865538750775158 ], [ 579091.462564746616408, 2564258.865538750775158 ], [ 579091.462564746616408, 2564308.865538750775158 ] ] ] ] } },
{ "type": "Feature", "properties": { "id": 1523.0, "temple": 0.0, "parking": 0.0, "junction": 1.0, "building": 3.0, "hotel": 0.0, "id_2": 9, "GHAT_NAME": "Ram Ghat", "n": 1, "distance": 862.71805875389032, "Demand": 7.0, "Class": "Low" }, "geometry": { "type": "MultiPolygon", "coordinates": [ [ [ [ 579091.462564746616408, 2564258.865538750775158 ], [ 579141.462564746616408, 2564258.865538750775158 ], [ 579141.462564746616408, 2564208.865538750775158 ], [ 579091.462564746616408, 2564208.865538750775158 ], [ 579091.462564746616408, 2564258.865538750775158 ] ] ] ] } },
{ "type": "Feature", "properties": { "id": 1524.0, "temple": 0.0, "parking": 0.0, "junction": 1.0, "building": 1.0, "hotel": 1.0, "id_2": 9, "GHAT_NAME": "Ram Ghat", "n": 1, "distance": 877.97829088242952, "Demand": 7.0, "Class": "Low" }, "geometry": { "type": "MultiPolygon", "coordinates": [ [ [ [ 579091.462564746616408, 2564208.865538750775158 ], [ 579141.462564746616408, 2564208.865538750775158 ], [ 579141.462564746616408, 2564158.865538750775158 ], [ 579091.462564746616408, 2564158.865538750775158 ], [ 579091.462564746616408, 2564208.865538750775158 ] ] ] ] } },
{ "type": "Feature", "properties": { "id": 1525.0, "temple": 0.0, "parking": 0.0, "junction": 0.0, "building": 4.0, "hotel": 0.0, "id_2": 9, "GHAT_NAME": "Ram Ghat", "n": 1, "distance": 890.78698795183811, "Demand": 6.0, "Class": "Low" }, "geometry": { "type": "MultiPolygon", "coordinates": [ [ [ [ 579091.462564746616408, 2564158.865538750775158 ], [ 579141.462564746616408, 2564158.865538750775158 ], [ 579141.462564746616408, 2564108.865538750775158 ], [ 579091.462564746616408, 2564108.865538750775158 ], [ 579091.462564746616408, 2564158.865538750775158 ] ] ] ] } },
{ "type": "Feature", "properties": { "id": 1526.0, "temple": 0.0, "parking": 0.0, "junction": 1.0, "building": 1.0, "hotel": 4.0, "id_2": 9, "GHAT_NAME": "Ram Ghat", "n": 1, "distance": 903.59944877337159, "Demand": 13.0, "Class": "Moderate" }, "geometry": { "type": "MultiPolygon", "coordinates": [ [ [ [ 579091.462564746616408, 2564108.865538750775158 ], [ 579141.462564746616408, 2564108.865538750775158 ], [ 579141.462564746616408, 2564058.865538750775158 ], [ 579091.462564746616408, 2564058.865538750775158 ], [ 579091.462564746616408, 2564108.865538750775158 ] ] ] ] } },
{ "type": "Feature", "properties": { "id": 1527.0, "temple": 0.0, "parking": 0.0, "junction": 0.0, "building": 1.0, "hotel": 1.0, "id_2": 9, "GHAT_NAME": "Ram Ghat", "n": 1, "distance": 918.68529169415956, "Demand": 5.0, "Class": "Very Low" }, "geometry": { "type": "MultiPolygon", "coordinates": [ [ [ [ 579091.462564746616408, 2564058.865538750775158 ], [ 579141.462564746616408, 2564058.865538750775158 ], [ 579141.462564746616408, 2564008.865538750775158 ], [ 579091.462564746616408, 2564008.865538750775158 ], [ 579091.462564746616408, 2564058.865538750775158 ] ] ] ] } },
{ "type": "Feature", "properties": { "id": 1528.0, "temple": 0.0, "parking": 0.0, "junction": 0.0, "building": 3.0, "hotel": 1.0, "id_2": 9, "GHAT_NAME": "Ram Ghat", "n": 1, "distance": 934.75505054849998, "Demand": 7.0, "Class": "Low" }, "geometry": { "type": "MultiPolygon", "coordinates": [ [ [ [ 579091.462564746616408, 2564008.865538750775158 ], [ 579141.462564746616408, 2564008.865538750775158 ], [ 579141.462564746616408, 2563958.865538750775158 ], [ 579091.462564746616408, 2563958.865538750775158 ], [ 579091.462564746616408, 2564008.865538750775158 ] ] ] ] } },
{ "type": "Feature", "properties": { "id": 1529.0, "temple": 0.0, "parking": 0.0, "junction": 0.0, "building": 1.0, "hotel": 1.0, "id_2": 9, "GHAT_NAME": "Ram Ghat", "n": 1, "distance": 953.08689831353342, "Demand": 5.0, "Class": "Very Low" }, "geometry": { "type": "MultiPolygon", "coordinates": [ [ [ [ 579091.462564746616408, 2563958.865538750775158 ], [ 579141.462564746616408, 2563958.865538750775158 ], [ 579141.462564746616408, 2563908.865538750775158 ], [ 579091.462564746616408, 2563908.865538750775158 ], [ 579091.462564746616408, 2563958.865538750775158 ] ] ] ] } },
{ "type": "Feature", "properties": { "id": 1530.0, "temple": 0.0, "parking": 0.0, "junction": 2.0, "building": 4.0, "hotel": 4.0, "id_2": 9, "GHAT_NAME": "Ram Ghat", "n": 1, "distance": 973.64380907388011, "Demand": 18.0, "Class": "High" }, "geometry": { "type": "MultiPolygon", "coordinates": [ [ [ [ 579091.462564746616408, 2563908.865538750775158 ], [ 579141.462564746616408, 2563908.865538750775158 ], [ 579141.462564746616408, 2563858.865538750775158 ], [ 579091.462564746616408, 2563858.865538750775158 ], [ 579091.462564746616408, 2563908.865538750775158 ] ] ] ] } },
{ "type": "Feature", "properties": { "id": 1531.0, "temple": 0.0, "parking": 0.0, "junction": 0.0, "building": 5.0, "hotel": 0.0, "id_2": 9, "GHAT_NAME": "Ram Ghat", "n": 1, "distance": 996.28805982952395, "Demand": 7.0, "Class": "Low" }, "geometry": { "type": "MultiPolygon", "coordinates": [ [ [ [ 579091.462564746616408, 2563858.865538750775158 ], [ 579141.462564746616408, 2563858.865538750775158 ], [ 579141.462564746616408, 2563808.865538750775158 ], [ 579091.462564746616408, 2563808.865538750775158 ], [ 579091.462564746616408, 2563858.865538750775158 ] ] ] ] } },
{ "type": "Feature", "properties": { "id": 1532.0, "temple": 0.0, "parking": 0.0, "junction": 2.0, "building": 3.0, "hotel": 4.0, "id_2": 9, "GHAT_NAME": "Ram Ghat", "n": 1, "distance": 1020.8807615827913, "Demand": 17.0, "Class": "High" }, "geometry": { "type": "MultiPolygon", "coordinates": [ [ [ [ 579091.462564746616408, 2563808.865538750775158 ], [ 579141.462564746616408, 2563808.865538750775158 ], [ 579141.462564746616408, 2563758.865538750775158 ], [ 579091.462564746616408, 2563758.865538750775158 ], [ 579091.462564746616408, 2563808.865538750775158 ] ] ] ] } },
{ "type": "Feature", "properties": { "id": 1533.0, "temple": 0.0, "parking": 0.0, "junction": 1.0, "building": 6.0, "hotel": 1.0, "id_2": 9, "GHAT_NAME": "Ram Ghat", "n": 1, "distance": 1047.2846607206861, "Demand": 12.0, "Class": "Moderate" }, "geometry": { "type": "MultiPolygon", "coordinates": [ [ [ [ 579123.470593904959969, 2563708.865538750775158 ], [ 579091.462564746616408, 2563708.865538750775158 ], [ 579091.462564746616408, 2563758.865538750775158 ], [ 579141.462564746616408, 2563758.865538750775158 ], [ 579141.462564746616408, 2563728.53527655871585 ], [ 579123.470593904959969, 2563708.865538750775158 ] ] ] ] } },
{ "type": "Feature", "properties": { "id": 1534.0, "temple": 0.0, "parking": 0.0, "junction": 0.0, "building": 1.0, "hotel": 1.0, "id_2": 9, "GHAT_NAME": "Ram Ghat", "n": 1, "distance": 1075.3663523617547, "Demand": 5.0, "Class": "Very Low" }, "geometry": { "type": "MultiPolygon", "coordinates": [ [ [ [ 579091.462564746616408, 2563673.872732969000936 ], [ 579091.462564746616408, 2563708.865538750775158 ], [ 579123.470593904959969, 2563708.865538750775158 ], [ 579091.462564746616408, 2563673.872732969000936 ] ] ] ] } },
{ "type": "Feature", "properties": { "id": 1548.0, "temple": 0.0, "parking": 0.0, "junction": 0.0, "building": 2.0, "hotel": 0.0, "id_2": 8, "GHAT_NAME": "Sumeru Ghat", "n": 1, "distance": 937.34978785931935, "Demand": 4.0, "Class": "Very Low" }, "geometry": { "type": "MultiPolygon", "coordinates": [ [ [ [ 579176.635190943488851, 2565158.865538750775158 ], [ 579141.462564746616408, 2565158.865538750775158 ], [ 579141.462564746616408, 2565196.51099910447374 ], [ 579176.635190943488851, 2565158.865538750775158 ] ] ] ] } },
{ "type": "Feature", "properties": { "id": 1549.0, "temple": 0.0, "parking": 0.0, "junction": 3.0, "building": 2.0, "hotel": 0.0, "id_2": 8, "GHAT_NAME": "Sumeru Ghat", "n": 1, "distance": 925.19619019944287, "Demand": 10.0, "Class": "Low" }, "geometry": { "type": "MultiPolygon", "coordinates": [ [ [ [ 579191.462564746616408, 2565142.995716874953359 ], [ 579191.462564746616408, 2565108.865538750775158 ], [ 579141.462564746616408, 2565108.865538750775158 ], [ 579141.462564746616408, 2565158.865538750775158 ], [ 579176.635190943488851, 2565158.865538750775158 ], [ 579191.462564746616408, 2565142.995716874953359 ] ] ] ] } },
{ "type": "Feature", "properties": { "id": 1550.0, "temple": 0.0, "parking": 0.0, "junction": 0.0, "building": 2.0, "hotel": 0.0, "id_2": 8, "GHAT_NAME": "Sumeru Ghat", "n": 1, "distance": 914.38464355791848, "Demand": 4.0, "Class": "Very Low" }, "geometry": { "type": "MultiPolygon", "coordinates": [ [ [ [ 579141.462564746616408, 2565108.865538750775158 ], [ 579191.462564746616408, 2565108.865538750775158 ], [ 579191.462564746616408, 2565058.865538750775158 ], [ 579141.462564746616408, 2565058.865538750775158 ], [ 579141.462564746616408, 2565108.865538750775158 ] ] ] ] } },
{ "type": "Feature", "properties": { "id": 1551.0, "temple": 0.0, "parking": 0.0, "junction": 0.0, "building": 2.0, "hotel": 0.0, "id_2": 8, "GHAT_NAME": "Sumeru Ghat", "n": 1, "distance": 900.61959792217851, "Demand": 4.0, "Class": "Very Low" }, "geometry": { "type": "MultiPolygon", "coordinates": [ [ [ [ 579141.462564746616408, 2565058.865538750775158 ], [ 579191.462564746616408, 2565058.865538750775158 ], [ 579191.462564746616408, 2565008.865538750775158 ], [ 579141.462564746616408, 2565008.865538750775158 ], [ 579141.462564746616408, 2565058.865538750775158 ] ] ] ] } },
{ "type": "Feature", "properties": { "id": 1552.0, "temple": 0.0, "parking": 0.0, "junction": 1.0, "building": 2.0, "hotel": 1.0, "id_2": 8, "GHAT_NAME": "Sumeru Ghat", "n": 1, "distance": 889.04587073331118, "Demand": 8.0, "Class": "Low" }, "geometry": { "type": "MultiPolygon", "coordinates": [ [ [ [ 579141.462564746616408, 2565008.865538750775158 ], [ 579191.462564746616408, 2565008.865538750775158 ], [ 579191.462564746616408, 2564958.865538750775158 ], [ 579141.462564746616408, 2564958.865538750775158 ], [ 579141.462564746616408, 2565008.865538750775158 ] ] ] ] } },
{ "type": "Feature", "properties": { "id": 1553.0, "temple": 0.0, "parking": 0.0, "junction": 2.0, "building": 0.0, "hotel": 0.0, "id_2": 8, "GHAT_NAME": "Sumeru Ghat", "n": 1, "distance": 880.06726928333785, "Demand": 6.0, "Class": "Low" }, "geometry": { "type": "MultiPolygon", "coordinates": [ [ [ [ 579141.462564746616408, 2564958.865538750775158 ], [ 579191.462564746616408, 2564958.865538750775158 ], [ 579191.462564746616408, 2564908.865538750775158 ], [ 579141.462564746616408, 2564908.865538750775158 ], [ 579141.462564746616408, 2564958.865538750775158 ] ] ] ] } },
{ "type": "Feature", "properties": { "id": 1554.0, "temple": 0.0, "parking": 0.0, "junction": 1.0, "building": 2.0, "hotel": 0.0, "id_2": 8, "GHAT_NAME": "Sumeru Ghat", "n": 1, "distance": 872.13722198509868, "Demand": 6.0, "Class": "Low" }, "geometry": { "type": "MultiPolygon", "coordinates": [ [ [ [ 579141.462564746616408, 2564908.865538750775158 ], [ 579191.462564746616408, 2564908.865538750775158 ], [ 579191.462564746616408, 2564858.865538750775158 ], [ 579141.462564746616408, 2564858.865538750775158 ], [ 579141.462564746616408, 2564908.865538750775158 ] ] ] ] } },
{ "type": "Feature", "properties": { "id": 1555.0, "temple": 0.0, "parking": 0.0, "junction": 0.0, "building": 2.0, "hotel": 0.0, "id_2": 9, "GHAT_NAME": "Ram Ghat", "n": 1, "distance": 864.36629556498701, "Demand": 4.0, "Class": "Very Low" }, "geometry": { "type": "MultiPolygon", "coordinates": [ [ [ [ 579141.462564746616408, 2564858.865538750775158 ], [ 579191.462564746616408, 2564858.865538750775158 ], [ 579191.462564746616408, 2564808.865538750775158 ], [ 579141.462564746616408, 2564808.865538750775158 ], [ 579141.462564746616408, 2564858.865538750775158 ] ] ] ] } },
{ "type": "Feature", "properties": { "id": 1556.0, "temple": 0.0, "parking": 0.0, "junction": 2.0, "building": 6.0, "hotel": 0.0, "id_2": 9, "GHAT_NAME": "Ram Ghat", "n": 1, "distance": 858.34565227316443, "Demand": 12.0, "Class": "Moderate" }, "geometry": { "type": "MultiPolygon", "coordinates": [ [ [ [ 579141.462564746616408, 2564808.865538750775158 ], [ 579191.462564746616408, 2564808.865538750775158 ], [ 579191.462564746616408, 2564758.865538750775158 ], [ 579141.462564746616408, 2564758.865538750775158 ], [ 579141.462564746616408, 2564808.865538750775158 ] ] ] ] } },
{ "type": "Feature", "properties": { "id": 1557.0, "temple": 0.0, "parking": 0.0, "junction": 0.0, "building": 4.0, "hotel": 0.0, "id_2": 9, "GHAT_NAME": "Ram Ghat", "n": 1, "distance": 853.62297917738897, "Demand": 6.0, "Class": "Low" }, "geometry": { "type": "MultiPolygon", "coordinates": [ [ [ [ 579141.462564746616408, 2564758.865538750775158 ], [ 579191.462564746616408, 2564758.865538750775158 ], [ 579191.462564746616408, 2564708.865538750775158 ], [ 579141.462564746616408, 2564708.865538750775158 ], [ 579141.462564746616408, 2564758.865538750775158 ] ] ] ] } },
{ "type": "Feature", "properties": { "id": 1558.0, "temple": 0.0, "parking": 0.0, "junction": 0.0, "building": 2.0, "hotel": 0.0, "id_2": 9, "GHAT_NAME": "Ram Ghat", "n": 1, "distance": 851.25270237019902, "Demand": 4.0, "Class": "Very Low" }, "geometry": { "type": "MultiPolygon", "coordinates": [ [ [ [ 579141.462564746616408, 2564708.865538750775158 ], [ 579191.462564746616408, 2564708.865538750775158 ], [ 579191.462564746616408, 2564658.865538750775158 ], [ 579141.462564746616408, 2564658.865538750775158 ], [ 579141.462564746616408, 2564708.865538750775158 ] ] ] ] } },
{ "type": "Feature", "properties": { "id": 1559.0, "temple": 0.0, "parking": 0.0, "junction": 0.0, "building": 3.0, "hotel": 2.0, "id_2": 9, "GHAT_NAME": "Ram Ghat", "n": 1, "distance": 851.11320444615546, "Demand": 9.0, "Class": "Low" }, "geometry": { "type": "MultiPolygon", "coordinates": [ [ [ [ 579141.462564746616408, 2564658.865538750775158 ], [ 579191.462564746616408, 2564658.865538750775158 ], [ 579191.462564746616408, 2564608.865538750775158 ], [ 579141.462564746616408, 2564608.865538750775158 ], [ 579141.462564746616408, 2564658.865538750775158 ] ] ] ] } },
{ "type": "Feature", "properties": { "id": 1560.0, "temple": 0.0, "parking": 0.0, "junction": 1.0, "building": 2.0, "hotel": 0.0, "id_2": 9, "GHAT_NAME": "Ram Ghat", "n": 1, "distance": 851.81578760049536, "Demand": 6.0, "Class": "Low" }, "geometry": { "type": "MultiPolygon", "coordinates": [ [ [ [ 579141.462564746616408, 2564608.865538750775158 ], [ 579191.462564746616408, 2564608.865538750775158 ], [ 579191.462564746616408, 2564558.865538750775158 ], [ 579141.462564746616408, 2564558.865538750775158 ], [ 579141.462564746616408, 2564608.865538750775158 ] ] ] ] } },
{ "type": "Feature", "properties": { "id": 1561.0, "temple": 0.0, "parking": 0.0, "junction": 1.0, "building": 0.0, "hotel": 0.0, "id_2": 9, "GHAT_NAME": "Ram Ghat", "n": 1, "distance": 854.16252511760206, "Demand": 4.0, "Class": "Very Low" }, "geometry": { "type": "MultiPolygon", "coordinates": [ [ [ [ 579141.462564746616408, 2564558.865538750775158 ], [ 579191.462564746616408, 2564558.865538750775158 ], [ 579191.462564746616408, 2564508.865538750775158 ], [ 579141.462564746616408, 2564508.865538750775158 ], [ 579141.462564746616408, 2564558.865538750775158 ] ] ] ] } },
{ "type": "Feature", "properties": { "id": 1562.0, "temple": 0.0, "parking": 0.0, "junction": 0.0, "building": 2.0, "hotel": 0.0, "id_2": 9, "GHAT_NAME": "Ram Ghat", "n": 1, "distance": 858.44394825071345, "Demand": 4.0, "Class": "Very Low" }, "geometry": { "type": "MultiPolygon", "coordinates": [ [ [ [ 579141.462564746616408, 2564508.865538750775158 ], [ 579191.462564746616408, 2564508.865538750775158 ], [ 579191.462564746616408, 2564458.865538750775158 ], [ 579141.462564746616408, 2564458.865538750775158 ], [ 579141.462564746616408, 2564508.865538750775158 ] ] ] ] } },
{ "type": "Feature", "properties": { "id": 1563.0, "temple": 0.0, "parking": 0.0, "junction": 2.0, "building": 1.0, "hotel": 0.0, "id_2": 9, "GHAT_NAME": "Ram Ghat", "n": 1, "distance": 865.45864434215139, "Demand": 7.0, "Class": "Low" }, "geometry": { "type": "MultiPolygon", "coordinates": [ [ [ [ 579141.462564746616408, 2564458.865538750775158 ], [ 579191.462564746616408, 2564458.865538750775158 ], [ 579191.462564746616408, 2564408.865538750775158 ], [ 579141.462564746616408, 2564408.865538750775158 ], [ 579141.462564746616408, 2564458.865538750775158 ] ] ] ] } },
{ "type": "Feature", "properties": { "id": 1564.0, "temple": 0.0, "parking": 0.0, "junction": 1.0, "building": 1.0, "hotel": 0.0, "id_2": 9, "GHAT_NAME": "Ram Ghat", "n": 1, "distance": 875.27785179612272, "Demand": 5.0, "Class": "Very Low" }, "geometry": { "type": "MultiPolygon", "coordinates": [ [ [ [ 579141.462564746616408, 2564408.865538750775158 ], [ 579191.462564746616408, 2564408.865538750775158 ], [ 579191.462564746616408, 2564358.865538750775158 ], [ 579141.462564746616408, 2564358.865538750775158 ], [ 579141.462564746616408, 2564408.865538750775158 ] ] ] ] } },
{ "type": "Feature", "properties": { "id": 1565.0, "temple": 0.0, "parking": 0.0, "junction": 1.0, "building": 1.0, "hotel": 0.0, "id_2": 9, "GHAT_NAME": "Ram Ghat", "n": 1, "distance": 886.40129590788365, "Demand": 5.0, "Class": "Very Low" }, "geometry": { "type": "MultiPolygon", "coordinates": [ [ [ [ 579141.462564746616408, 2564358.865538750775158 ], [ 579191.462564746616408, 2564358.865538750775158 ], [ 579191.462564746616408, 2564308.865538750775158 ], [ 579141.462564746616408, 2564308.865538750775158 ], [ 579141.462564746616408, 2564358.865538750775158 ] ] ] ] } },
{ "type": "Feature", "properties": { "id": 1566.0, "temple": 0.0, "parking": 0.0, "junction": 1.0, "building": 3.0, "hotel": 0.0, "id_2": 9, "GHAT_NAME": "Ram Ghat", "n": 1, "distance": 897.66305773525914, "Demand": 7.0, "Class": "Low" }, "geometry": { "type": "MultiPolygon", "coordinates": [ [ [ [ 579141.462564746616408, 2564308.865538750775158 ], [ 579191.462564746616408, 2564308.865538750775158 ], [ 579191.462564746616408, 2564258.865538750775158 ], [ 579141.462564746616408, 2564258.865538750775158 ], [ 579141.462564746616408, 2564308.865538750775158 ] ] ] ] } },
{ "type": "Feature", "properties": { "id": 1567.0, "temple": 0.0, "parking": 0.0, "junction": 3.0, "building": 1.0, "hotel": 0.0, "id_2": 9, "GHAT_NAME": "Ram Ghat", "n": 1, "distance": 910.84046714452086, "Demand": 9.0, "Class": "Low" }, "geometry": { "type": "MultiPolygon", "coordinates": [ [ [ [ 579141.462564746616408, 2564258.865538750775158 ], [ 579191.462564746616408, 2564258.865538750775158 ], [ 579191.462564746616408, 2564208.865538750775158 ], [ 579141.462564746616408, 2564208.865538750775158 ], [ 579141.462564746616408, 2564258.865538750775158 ] ] ] ] } },
{ "type": "Feature", "properties": { "id": 1568.0, "temple": 0.0, "parking": 0.0, "junction": 1.0, "building": 2.0, "hotel": 0.0, "id_2": 9, "GHAT_NAME": "Ram Ghat", "n": 1, "distance": 925.30740132606763, "Demand": 6.0, "Class": "Low" }, "geometry": { "type": "MultiPolygon", "coordinates": [ [ [ [ 579141.462564746616408, 2564208.865538750775158 ], [ 579191.462564746616408, 2564208.865538750775158 ], [ 579191.462564746616408, 2564158.865538750775158 ], [ 579141.462564746616408, 2564158.865538750775158 ], [ 579141.462564746616408, 2564208.865538750775158 ] ] ] ] } },
{ "type": "Feature", "properties": { "id": 1569.0, "temple": 0.0, "parking": 0.0, "junction": 0.0, "building": 2.0, "hotel": 0.0, "id_2": 9, "GHAT_NAME": "Ram Ghat", "n": 1, "distance": 939.51660141183493, "Demand": 4.0, "Class": "Very Low" }, "geometry": { "type": "MultiPolygon", "coordinates": [ [ [ [ 579141.462564746616408, 2564158.865538750775158 ], [ 579191.462564746616408, 2564158.865538750775158 ], [ 579191.462564746616408, 2564108.865538750775158 ], [ 579141.462564746616408, 2564108.865538750775158 ], [ 579141.462564746616408, 2564158.865538750775158 ] ] ] ] } },
{ "type": "Feature", "properties": { "id": 1570.0, "temple": 0.0, "parking": 0.0, "junction": 1.0, "building": 3.0, "hotel": 0.0, "id_2": 9, "GHAT_NAME": "Ram Ghat", "n": 1, "distance": 951.67323711853828, "Demand": 7.0, "Class": "Low" }, "geometry": { "type": "MultiPolygon", "coordinates": [ [ [ [ 579141.462564746616408, 2564108.865538750775158 ], [ 579191.462564746616408, 2564108.865538750775158 ], [ 579191.462564746616408, 2564058.865538750775158 ], [ 579141.462564746616408, 2564058.865538750775158 ], [ 579141.462564746616408, 2564108.865538750775158 ] ] ] ] } },
{ "type": "Feature", "properties": { "id": 1571.0, "temple": 0.0, "parking": 0.0, "junction": 1.0, "building": 2.0, "hotel": 1.0, "id_2": 9, "GHAT_NAME": "Ram Ghat", "n": 1, "distance": 966.26727988011191, "Demand": 8.0, "Class": "Low" }, "geometry": { "type": "MultiPolygon", "coordinates": [ [ [ [ 579141.462564746616408, 2564058.865538750775158 ], [ 579191.462564746616408, 2564058.865538750775158 ], [ 579191.462564746616408, 2564008.865538750775158 ], [ 579141.462564746616408, 2564008.865538750775158 ], [ 579141.462564746616408, 2564058.865538750775158 ] ] ] ] } },
{ "type": "Feature", "properties": { "id": 1572.0, "temple": 1.0, "parking": 0.0, "junction": 3.0, "building": 1.0, "hotel": 4.0, "id_2": 9, "GHAT_NAME": "Ram Ghat", "n": 1, "distance": 981.86313503460542, "Demand": 22.0, "Class": "Very High" }, "geometry": { "type": "MultiPolygon", "coordinates": [ [ [ [ 579141.462564746616408, 2564008.865538750775158 ], [ 579191.462564746616408, 2564008.865538750775158 ], [ 579191.462564746616408, 2563958.865538750775158 ], [ 579141.462564746616408, 2563958.865538750775158 ], [ 579141.462564746616408, 2564008.865538750775158 ] ] ] ] } },
{ "type": "Feature", "properties": { "id": 1573.0, "temple": 0.0, "parking": 0.0, "junction": 0.0, "building": 4.0, "hotel": 4.0, "id_2": 9, "GHAT_NAME": "Ram Ghat", "n": 1, "distance": 999.33119992871559, "Demand": 14.0, "Class": "Moderate" }, "geometry": { "type": "MultiPolygon", "coordinates": [ [ [ [ 579141.462564746616408, 2563958.865538750775158 ], [ 579191.462564746616408, 2563958.865538750775158 ], [ 579191.462564746616408, 2563908.865538750775158 ], [ 579141.462564746616408, 2563908.865538750775158 ], [ 579141.462564746616408, 2563958.865538750775158 ] ] ] ] } },
{ "type": "Feature", "properties": { "id": 1574.0, "temple": 0.0, "parking": 0.0, "junction": 1.0, "building": 4.0, "hotel": 4.0, "id_2": 9, "GHAT_NAME": "Ram Ghat", "n": 1, "distance": 1018.9555821339561, "Demand": 16.0, "Class": "High" }, "geometry": { "type": "MultiPolygon", "coordinates": [ [ [ [ 579141.462564746616408, 2563908.865538750775158 ], [ 579191.462564746616408, 2563908.865538750775158 ], [ 579191.462564746616408, 2563858.865538750775158 ], [ 579141.462564746616408, 2563858.865538750775158 ], [ 579141.462564746616408, 2563908.865538750775158 ] ] ] ] } },
{ "type": "Feature", "properties": { "id": 1575.0, "temple": 0.0, "parking": 0.0, "junction": 1.0, "building": 4.0, "hotel": 2.0, "id_2": 9, "GHAT_NAME": "Ram Ghat", "n": 1, "distance": 1040.6142943343284, "Demand": 12.0, "Class": "Moderate" }, "geometry": { "type": "MultiPolygon", "coordinates": [ [ [ [ 579141.462564746616408, 2563858.865538750775158 ], [ 579191.462564746616408, 2563858.865538750775158 ], [ 579191.462564746616408, 2563808.865538750775158 ], [ 579141.462564746616408, 2563808.865538750775158 ], [ 579141.462564746616408, 2563858.865538750775158 ] ] ] ] } },
{ "type": "Feature", "properties": { "id": 1576.0, "temple": 0.0, "parking": 0.0, "junction": 2.0, "building": 4.0, "hotel": 1.0, "id_2": 9, "GHAT_NAME": "Ram Ghat", "n": 1, "distance": 1064.1831331044084, "Demand": 12.0, "Class": "Moderate" }, "geometry": { "type": "MultiPolygon", "coordinates": [ [ [ [ 579169.205750665278174, 2563758.865538750775158 ], [ 579141.462564746616408, 2563758.865538750775158 ], [ 579141.462564746616408, 2563808.865538750775158 ], [ 579191.462564746616408, 2563808.865538750775158 ], [ 579191.462564746616408, 2563783.197820148896426 ], [ 579169.205750665278174, 2563758.865538750775158 ] ] ] ] } },
{ "type": "Feature", "properties": { "id": 1577.0, "temple": 0.0, "parking": 0.0, "junction": 0.0, "building": 0.0, "hotel": 0.0, "id_2": 9, "GHAT_NAME": "Ram Ghat", "n": 1, "distance": 1089.5381461862166, "Demand": 2.0, "Class": "Very Low" }, "geometry": { "type": "MultiPolygon", "coordinates": [ [ [ [ 579141.462564746616408, 2563728.53527655871585 ], [ 579141.462564746616408, 2563758.865538750775158 ], [ 579169.205750665278174, 2563758.865538750775158 ], [ 579141.462564746616408, 2563728.53527655871585 ] ] ] ] } },
{ "type": "Feature", "properties": { "id": 1593.0, "temple": 0.0, "parking": 0.0, "junction": 0.0, "building": 0.0, "hotel": 0.0, "id_2": 8, "GHAT_NAME": "Sumeru Ghat", "n": 1, "distance": 974.05705898020085, "Demand": 2.0, "Class": "Very Low" }, "geometry": { "type": "MultiPolygon", "coordinates": [ [ [ [ 579220.975150233600289, 2565111.40823004161939 ], [ 579222.189393321867101, 2565108.865538750775158 ], [ 579191.462564746616408, 2565108.865538750775158 ], [ 579191.462564746616408, 2565142.995716874953359 ], [ 579220.975150233600289, 2565111.40823004161939 ] ] ] ] } },
{ "type": "Feature", "properties": { "id": 1594.0, "temple": 0.0, "parking": 0.0, "junction": 0.0, "building": 5.0, "hotel": 0.0, "id_2": 8, "GHAT_NAME": "Sumeru Ghat", "n": 1, "distance": 962.36060865274544, "Demand": 7.0, "Class": "Low" }, "geometry": { "type": "MultiPolygon", "coordinates": [ [ [ [ 579241.462564746616408, 2565068.50646600779146 ], [ 579241.462564746616408, 2565058.865538750775158 ], [ 579191.462564746616408, 2565058.865538750775158 ], [ 579191.462564746616408, 2565108.865538750775158 ], [ 579222.189393321867101, 2565108.865538750775158 ], [ 579241.462564746616408, 2565068.50646600779146 ] ] ] ] } },
{ "type": "Feature", "properties": { "id": 1595.0, "temple": 0.0, "parking": 0.0, "junction": 2.0, "building": 1.0, "hotel": 0.0, "id_2": 8, "GHAT_NAME": "Sumeru Ghat", "n": 1, "distance": 949.01774113947818, "Demand": 7.0, "Class": "Low" }, "geometry": { "type": "MultiPolygon", "coordinates": [ [ [ [ 579191.462564746616408, 2565058.865538750775158 ], [ 579241.462564746616408, 2565058.865538750775158 ], [ 579241.462564746616408, 2565008.865538750775158 ], [ 579191.462564746616408, 2565008.865538750775158 ], [ 579191.462564746616408, 2565058.865538750775158 ] ] ] ] } },
{ "type": "Feature", "properties": { "id": 1596.0, "temple": 0.0, "parking": 0.0, "junction": 1.0, "building": 2.0, "hotel": 0.0, "id_2": 8, "GHAT_NAME": "Sumeru Ghat", "n": 1, "distance": 938.04134935722448, "Demand": 6.0, "Class": "Low" }, "geometry": { "type": "MultiPolygon", "coordinates": [ [ [ [ 579191.462564746616408, 2565008.865538750775158 ], [ 579241.462564746616408, 2565008.865538750775158 ], [ 579241.462564746616408, 2564958.865538750775158 ], [ 579191.462564746616408, 2564958.865538750775158 ], [ 579191.462564746616408, 2565008.865538750775158 ] ] ] ] } },
{ "type": "Feature", "properties": { "id": 1597.0, "temple": 0.0, "parking": 0.0, "junction": 0.0, "building": 1.0, "hotel": 0.0, "id_2": 8, "GHAT_NAME": "Sumeru Ghat", "n": 1, "distance": 929.38365599929693, "Demand": 3.0, "Class": "Very Low" }, "geometry": { "type": "MultiPolygon", "coordinates": [ [ [ [ 579191.462564746616408, 2564958.865538750775158 ], [ 579241.462564746616408, 2564958.865538750775158 ], [ 579241.462564746616408, 2564908.865538750775158 ], [ 579191.462564746616408, 2564908.865538750775158 ], [ 579191.462564746616408, 2564958.865538750775158 ] ] ] ] } },
{ "type": "Feature", "properties": { "id": 1598.0, "temple": 0.0, "parking": 0.0, "junction": 0.0, "building": 2.0, "hotel": 0.0, "id_2": 8, "GHAT_NAME": "Sumeru Ghat", "n": 1, "distance": 921.68167294473153, "Demand": 4.0, "Class": "Very Low" }, "geometry": { "type": "MultiPolygon", "coordinates": [ [ [ [ 579191.462564746616408, 2564908.865538750775158 ], [ 579241.462564746616408, 2564908.865538750775158 ], [ 579241.462564746616408, 2564858.865538750775158 ], [ 579191.462564746616408, 2564858.865538750775158 ], [ 579191.462564746616408, 2564908.865538750775158 ] ] ] ] } },
{ "type": "Feature", "properties": { "id": 1599.0, "temple": 0.0, "parking": 0.0, "junction": 1.0, "building": 2.0, "hotel": 0.0, "id_2": 9, "GHAT_NAME": "Ram Ghat", "n": 1, "distance": 913.83911902914122, "Demand": 6.0, "Class": "Low" }, "geometry": { "type": "MultiPolygon", "coordinates": [ [ [ [ 579191.462564746616408, 2564858.865538750775158 ], [ 579241.462564746616408, 2564858.865538750775158 ], [ 579241.462564746616408, 2564808.865538750775158 ], [ 579191.462564746616408, 2564808.865538750775158 ], [ 579191.462564746616408, 2564858.865538750775158 ] ] ] ] } },
{ "type": "Feature", "properties": { "id": 1600.0, "temple": 0.0, "parking": 0.0, "junction": 0.0, "building": 4.0, "hotel": 0.0, "id_2": 9, "GHAT_NAME": "Ram Ghat", "n": 1, "distance": 908.14651975078482, "Demand": 6.0, "Class": "Low" }, "geometry": { "type": "MultiPolygon", "coordinates": [ [ [ [ 579191.462564746616408, 2564808.865538750775158 ], [ 579241.462564746616408, 2564808.865538750775158 ], [ 579241.462564746616408, 2564758.865538750775158 ], [ 579191.462564746616408, 2564758.865538750775158 ], [ 579191.462564746616408, 2564808.865538750775158 ] ] ] ] } },
{ "type": "Feature", "properties": { "id": 1601.0, "temple": 0.0, "parking": 0.0, "junction": 0.0, "building": 4.0, "hotel": 0.0, "id_2": 9, "GHAT_NAME": "Ram Ghat", "n": 1, "distance": 903.48409561225617, "Demand": 6.0, "Class": "Low" }, "geometry": { "type": "MultiPolygon", "coordinates": [ [ [ [ 579191.462564746616408, 2564758.865538750775158 ], [ 579241.462564746616408, 2564758.865538750775158 ], [ 579241.462564746616408, 2564708.865538750775158 ], [ 579191.462564746616408, 2564708.865538750775158 ], [ 579191.462564746616408, 2564758.865538750775158 ] ] ] ] } },
{ "type": "Feature", "properties": { "id": 1602.0, "temple": 0.0, "parking": 0.0, "junction": 0.0, "building": 5.0, "hotel": 0.0, "id_2": 9, "GHAT_NAME": "Ram Ghat", "n": 1, "distance": 901.24496322430684, "Demand": 7.0, "Class": "Low" }, "geometry": { "type": "MultiPolygon", "coordinates": [ [ [ [ 579191.462564746616408, 2564708.865538750775158 ], [ 579241.462564746616408, 2564708.865538750775158 ], [ 579241.462564746616408, 2564658.865538750775158 ], [ 579191.462564746616408, 2564658.865538750775158 ], [ 579191.462564746616408, 2564708.865538750775158 ] ] ] ] } },
{ "type": "Feature", "properties": { "id": 1603.0, "temple": 0.0, "parking": 0.0, "junction": 0.0, "building": 2.0, "hotel": 1.0, "id_2": 9, "GHAT_NAME": "Ram Ghat", "n": 1, "distance": 901.11320444615546, "Demand": 6.0, "Class": "Low" }, "geometry": { "type": "MultiPolygon", "coordinates": [ [ [ [ 579191.462564746616408, 2564658.865538750775158 ], [ 579241.462564746616408, 2564658.865538750775158 ], [ 579241.462564746616408, 2564608.865538750775158 ], [ 579191.462564746616408, 2564608.865538750775158 ], [ 579191.462564746616408, 2564658.865538750775158 ] ] ] ] } },
{ "type": "Feature", "properties": { "id": 1604.0, "temple": 0.0, "parking": 0.0, "junction": 0.0, "building": 1.0, "hotel": 1.0, "id_2": 9, "GHAT_NAME": "Ram Ghat", "n": 1, "distance": 901.77683295262568, "Demand": 5.0, "Class": "Very Low" }, "geometry": { "type": "MultiPolygon", "coordinates": [ [ [ [ 579191.462564746616408, 2564608.865538750775158 ], [ 579241.462564746616408, 2564608.865538750775158 ], [ 579241.462564746616408, 2564558.865538750775158 ], [ 579191.462564746616408, 2564558.865538750775158 ], [ 579191.462564746616408, 2564608.865538750775158 ] ] ] ] } },
{ "type": "Feature", "properties": { "id": 1605.0, "temple": 0.0, "parking": 0.0, "junction": 1.0, "building": 1.0, "hotel": 0.0, "id_2": 9, "GHAT_NAME": "Ram Ghat", "n": 1, "distance": 904.0862621404367, "Demand": 5.0, "Class": "Very Low" }, "geometry": { "type": "MultiPolygon", "coordinates": [ [ [ [ 579191.462564746616408, 2564558.865538750775158 ], [ 579241.462564746616408, 2564558.865538750775158 ], [ 579241.462564746616408, 2564508.865538750775158 ], [ 579191.462564746616408, 2564508.865538750775158 ], [ 579191.462564746616408, 2564558.865538750775158 ] ] ] ] } },
{ "type": "Feature", "properties": { "id": 1606.0, "temple": 0.0, "parking": 0.0, "junction": 1.0, "building": 3.0, "hotel": 0.0, "id_2": 9, "GHAT_NAME": "Ram Ghat", "n": 1, "distance": 908.14299033251837, "Demand": 7.0, "Class": "Low" }, "geometry": { "type": "MultiPolygon", "coordinates": [ [ [ [ 579191.462564746616408, 2564508.865538750775158 ], [ 579241.462564746616408, 2564508.865538750775158 ], [ 579241.462564746616408, 2564458.865538750775158 ], [ 579191.462564746616408, 2564458.865538750775158 ], [ 579191.462564746616408, 2564508.865538750775158 ] ] ] ] } },
{ "type": "Feature", "properties": { "id": 1607.0, "temple": 0.0, "parking": 0.0, "junction": 1.0, "building": 4.0, "hotel": 1.0, "id_2": 9, "GHAT_NAME": "Ram Ghat", "n": 1, "distance": 914.78162004402782, "Demand": 10.0, "Class": "Low" }, "geometry": { "type": "MultiPolygon", "coordinates": [ [ [ [ 579191.462564746616408, 2564458.865538750775158 ], [ 579241.462564746616408, 2564458.865538750775158 ], [ 579241.462564746616408, 2564408.865538750775158 ], [ 579191.462564746616408, 2564408.865538750775158 ], [ 579191.462564746616408, 2564458.865538750775158 ] ] ] ] } },
{ "type": "Feature", "properties": { "id": 1608.0, "temple": 0.0, "parking": 0.0, "junction": 2.0, "building": 2.0, "hotel": 1.0, "id_2": 9, "GHAT_NAME": "Ram Ghat", "n": 1, "distance": 924.07687188277635, "Demand": 10.0, "Class": "Low" }, "geometry": { "type": "MultiPolygon", "coordinates": [ [ [ [ 579191.462564746616408, 2564408.865538750775158 ], [ 579241.462564746616408, 2564408.865538750775158 ], [ 579241.462564746616408, 2564358.865538750775158 ], [ 579191.462564746616408, 2564358.865538750775158 ], [ 579191.462564746616408, 2564408.865538750775158 ] ] ] ] } },
{ "type": "Feature", "properties": { "id": 1609.0, "temple": 0.0, "parking": 0.0, "junction": 0.0, "building": 2.0, "hotel": 0.0, "id_2": 9, "GHAT_NAME": "Ram Ghat", "n": 1, "distance": 935.45935619240674, "Demand": 4.0, "Class": "Very Low" }, "geometry": { "type": "MultiPolygon", "coordinates": [ [ [ [ 579191.462564746616408, 2564358.865538750775158 ], [ 579241.462564746616408, 2564358.865538750775158 ], [ 579241.462564746616408, 2564308.865538750775158 ], [ 579191.462564746616408, 2564308.865538750775158 ], [ 579191.462564746616408, 2564358.865538750775158 ] ] ] ] } },
{ "type": "Feature", "properties": { "id": 1610.0, "temple": 0.0, "parking": 0.0, "junction": 0.0, "building": 2.0, "hotel": 0.0, "id_2": 9, "GHAT_NAME": "Ram Ghat", "n": 1, "distance": 946.13736577906673, "Demand": 4.0, "Class": "Very Low" }, "geometry": { "type": "MultiPolygon", "coordinates": [ [ [ [ 579191.462564746616408, 2564308.865538750775158 ], [ 579241.462564746616408, 2564308.865538750775158 ], [ 579241.462564746616408, 2564258.865538750775158 ], [ 579191.462564746616408, 2564258.865538750775158 ], [ 579191.462564746616408, 2564308.865538750775158 ] ] ] ] } },
{ "type": "Feature", "properties": { "id": 1611.0, "temple": 0.0, "parking": 0.0, "junction": 0.0, "building": 2.0, "hotel": 0.0, "id_2": 9, "GHAT_NAME": "Ram Ghat", "n": 1, "distance": 959.15497406624399, "Demand": 4.0, "Class": "Very Low" }, "geometry": { "type": "MultiPolygon", "coordinates": [ [ [ [ 579191.462564746616408, 2564258.865538750775158 ], [ 579241.462564746616408, 2564258.865538750775158 ], [ 579241.462564746616408, 2564208.865538750775158 ], [ 579191.462564746616408, 2564208.865538750775158 ], [ 579191.462564746616408, 2564258.865538750775158 ] ] ] ] } },
{ "type": "Feature", "properties": { "id": 1612.0, "temple": 0.0, "parking": 0.0, "junction": 3.0, "building": 5.0, "hotel": 0.0, "id_2": 9, "GHAT_NAME": "Ram Ghat", "n": 1, "distance": 972.90374376747479, "Demand": 13.0, "Class": "Moderate" }, "geometry": { "type": "MultiPolygon", "coordinates": [ [ [ [ 579191.462564746616408, 2564208.865538750775158 ], [ 579241.462564746616408, 2564208.865538750775158 ], [ 579241.462564746616408, 2564158.865538750775158 ], [ 579191.462564746616408, 2564158.865538750775158 ], [ 579191.462564746616408, 2564208.865538750775158 ] ] ] ] } },
{ "type": "Feature", "properties": { "id": 1613.0, "temple": 0.0, "parking": 0.0, "junction": 0.0, "building": 4.0, "hotel": 0.0, "id_2": 9, "GHAT_NAME": "Ram Ghat", "n": 1, "distance": 988.37312324474965, "Demand": 6.0, "Class": "Low" }, "geometry": { "type": "MultiPolygon", "coordinates": [ [ [ [ 579191.462564746616408, 2564158.865538750775158 ], [ 579241.462564746616408, 2564158.865538750775158 ], [ 579241.462564746616408, 2564108.865538750775158 ], [ 579191.462564746616408, 2564108.865538750775158 ], [ 579191.462564746616408, 2564158.865538750775158 ] ] ] ] } },
{ "type": "Feature", "properties": { "id": 1614.0, "temple": 0.0, "parking": 0.0, "junction": 0.0, "building": 4.0, "hotel": 0.0, "id_2": 9, "GHAT_NAME": "Ram Ghat", "n": 1, "distance": 999.93596628574892, "Demand": 6.0, "Class": "Low" }, "geometry": { "type": "MultiPolygon", "coordinates": [ [ [ [ 579191.462564746616408, 2564108.865538750775158 ], [ 579241.462564746616408, 2564108.865538750775158 ], [ 579241.462564746616408, 2564058.865538750775158 ], [ 579191.462564746616408, 2564058.865538750775158 ], [ 579191.462564746616408, 2564108.865538750775158 ] ] ] ] } },
{ "type": "Feature", "properties": { "id": 1615.0, "temple": 0.0, "parking": 0.0, "junction": 0.0, "building": 1.0, "hotel": 0.0, "id_2": 9, "GHAT_NAME": "Ram Ghat", "n": 1, "distance": 1013.8355106184864, "Demand": 3.0, "Class": "Very Low" }, "geometry": { "type": "MultiPolygon", "coordinates": [ [ [ [ 579191.462564746616408, 2564058.865538750775158 ], [ 579241.462564746616408, 2564058.865538750775158 ], [ 579241.462564746616408, 2564008.865538750775158 ], [ 579191.462564746616408, 2564008.865538750775158 ], [ 579191.462564746616408, 2564058.865538750775158 ] ] ] ] } },
{ "type": "Feature", "properties": { "id": 1616.0, "temple": 0.0, "parking": 0.0, "junction": 0.0, "building": 2.0, "hotel": 3.0, "id_2": 9, "GHAT_NAME": "Ram Ghat", "n": 1, "distance": 1029.2441048429855, "Demand": 10.0, "Class": "Low" }, "geometry": { "type": "MultiPolygon", "coordinates": [ [ [ [ 579191.462564746616408, 2564008.865538750775158 ], [ 579241.462564746616408, 2564008.865538750775158 ], [ 579241.462564746616408, 2563958.865538750775158 ], [ 579191.462564746616408, 2563958.865538750775158 ], [ 579191.462564746616408, 2564008.865538750775158 ] ] ] ] } },
{ "type": "Feature", "properties": { "id": 1617.0, "temple": 0.0, "parking": 0.0, "junction": 0.0, "building": 6.0, "hotel": 1.0, "id_2": 9, "GHAT_NAME": "Ram Ghat", "n": 1, "distance": 1045.9211531301112, "Demand": 10.0, "Class": "Low" }, "geometry": { "type": "MultiPolygon", "coordinates": [ [ [ [ 579191.462564746616408, 2563958.865538750775158 ], [ 579241.462564746616408, 2563958.865538750775158 ], [ 579241.462564746616408, 2563908.865538750775158 ], [ 579191.462564746616408, 2563908.865538750775158 ], [ 579191.462564746616408, 2563958.865538750775158 ] ] ] ] } },
{ "type": "Feature", "properties": { "id": 1618.0, "temple": 0.0, "parking": 0.0, "junction": 0.0, "building": 9.0, "hotel": 0.0, "id_2": 9, "GHAT_NAME": "Ram Ghat", "n": 1, "distance": 1064.6871323426446, "Demand": 11.0, "Class": "Moderate" }, "geometry": { "type": "MultiPolygon", "coordinates": [ [ [ [ 579191.462564746616408, 2563908.865538750775158 ], [ 579241.462564746616408, 2563908.865538750775158 ], [ 579241.462564746616408, 2563858.865538750775158 ], [ 579191.462564746616408, 2563858.865538750775158 ], [ 579191.462564746616408, 2563908.865538750775158 ] ] ] ] } },
{ "type": "Feature", "properties": { "id": 1619.0, "temple": 0.0, "parking": 0.0, "junction": 1.0, "building": 3.0, "hotel": 0.0, "id_2": 9, "GHAT_NAME": "Ram Ghat", "n": 1, "distance": 1085.4337017925079, "Demand": 7.0, "Class": "Low" }, "geometry": { "type": "MultiPolygon", "coordinates": [ [ [ [ 579227.829819294041954, 2563822.956352887675166 ], [ 579214.940907425479963, 2563808.865538750775158 ], [ 579191.462564746616408, 2563808.865538750775158 ], [ 579191.462564746616408, 2563858.865538750775158 ], [ 579241.462564746616408, 2563858.865538750775158 ], [ 579241.462564746616408, 2563852.301773407962173 ], [ 579227.829819294041954, 2563822.956352887675166 ] ] ] ] } },
{ "type": "Feature", "properties": { "id": 1620.0, "temple": 0.0, "parking": 0.0, "junction": 0.0, "building": 0.0, "hotel": 0.0, "id_2": 9, "GHAT_NAME": "Ram Ghat", "n": 1, "distance": 1108.0496163069458, "Demand": 2.0, "Class": "Very Low" }, "geometry": { "type": "MultiPolygon", "coordinates": [ [ [ [ 579191.462564746616408, 2563783.197820148896426 ], [ 579191.462564746616408, 2563808.865538750775158 ], [ 579214.940907425479963, 2563808.865538750775158 ], [ 579191.462564746616408, 2563783.197820148896426 ] ] ] ] } },
{ "type": "Feature", "properties": { "id": 1638.0, "temple": 0.0, "parking": 0.0, "junction": 0.0, "building": 0.0, "hotel": 0.0, "id_2": 8, "GHAT_NAME": "Sumeru Ghat", "n": 1, "distance": 1010.3793758490021, "Demand": 2.0, "Class": "Very Low" }, "geometry": { "type": "MultiPolygon", "coordinates": [ [ [ [ 579246.066516995429993, 2565058.865538750775158 ], [ 579241.462564746616408, 2565058.865538750775158 ], [ 579241.462564746616408, 2565068.50646600779146 ], [ 579246.066516995429993, 2565058.865538750775158 ] ] ] ] } },
{ "type": "Feature", "properties": { "id": 1639.0, "temple": 0.0, "parking": 0.0, "junction": 0.0, "building": 1.0, "hotel": 0.0, "id_2": 8, "GHAT_NAME": "Sumeru Ghat", "n": 1, "distance": 997.57389993596394, "Demand": 3.0, "Class": "Very Low" }, "geometry": { "type": "MultiPolygon", "coordinates": [ [ [ [ 579269.9436406691093, 2565008.865538750775158 ], [ 579241.462564746616408, 2565008.865538750775158 ], [ 579241.462564746616408, 2565058.865538750775158 ], [ 579246.066516995429993, 2565058.865538750775158 ], [ 579269.9436406691093, 2565008.865538750775158 ] ] ] ] } },
{ "type": "Feature", "properties": { "id": 1640.0, "temple": 0.0, "parking": 0.0, "junction": 0.0, "building": 1.0, "hotel": 0.0, "id_2": 8, "GHAT_NAME": "Sumeru Ghat", "n": 1, "distance": 987.13757194217544, "Demand": 3.0, "Class": "Very Low" }, "geometry": { "type": "MultiPolygon", "coordinates": [ [ [ [ 579291.462564746616408, 2564963.803737396840006 ], [ 579291.462564746616408, 2564958.865538750775158 ], [ 579241.462564746616408, 2564958.865538750775158 ], [ 579241.462564746616408, 2565008.865538750775158 ], [ 579269.9436406691093, 2565008.865538750775158 ], [ 579291.462564746616408, 2564963.803737396840006 ] ] ] ] } },
{ "type": "Feature", "properties": { "id": 1641.0, "temple": 0.0, "parking": 0.0, "junction": 0.0, "building": 4.0, "hotel": 0.0, "id_2": 8, "GHAT_NAME": "Sumeru Ghat", "n": 1, "distance": 978.70004271537084, "Demand": 6.0, "Class": "Low" }, "geometry": { "type": "MultiPolygon", "coordinates": [ [ [ [ 579241.462564746616408, 2564958.865538750775158 ], [ 579291.462564746616408, 2564958.865538750775158 ], [ 579291.462564746616408, 2564908.865538750775158 ], [ 579241.462564746616408, 2564908.865538750775158 ], [ 579241.462564746616408, 2564958.865538750775158 ] ] ] ] } },
{ "type": "Feature", "properties": { "id": 1642.0, "temple": 0.0, "parking": 0.0, "junction": 1.0, "building": 1.0, "hotel": 0.0, "id_2": 8, "GHAT_NAME": "Sumeru Ghat", "n": 1, "distance": 971.27281363812142, "Demand": 5.0, "Class": "Very Low" }, "geometry": { "type": "MultiPolygon", "coordinates": [ [ [ [ 579241.462564746616408, 2564908.865538750775158 ], [ 579291.462564746616408, 2564908.865538750775158 ], [ 579291.462564746616408, 2564858.865538750775158 ], [ 579241.462564746616408, 2564858.865538750775158 ], [ 579241.462564746616408, 2564908.865538750775158 ] ] ] ] } },
{ "type": "Feature", "properties": { "id": 1643.0, "temple": 0.0, "parking": 0.0, "junction": 2.0, "building": 3.0, "hotel": 0.0, "id_2": 9, "GHAT_NAME": "Ram Ghat", "n": 1, "distance": 963.36637787872553, "Demand": 9.0, "Class": "Low" }, "geometry": { "type": "MultiPolygon", "coordinates": [ [ [ [ 579241.462564746616408, 2564858.865538750775158 ], [ 579291.462564746616408, 2564858.865538750775158 ], [ 579291.462564746616408, 2564808.865538750775158 ], [ 579241.462564746616408, 2564808.865538750775158 ], [ 579241.462564746616408, 2564858.865538750775158 ] ] ] ] } },
{ "type": "Feature", "properties": { "id": 1644.0, "temple": 0.0, "parking": 0.0, "junction": 0.0, "building": 2.0, "hotel": 0.0, "id_2": 9, "GHAT_NAME": "Ram Ghat", "n": 1, "distance": 957.96813302671035, "Demand": 4.0, "Class": "Very Low" }, "geometry": { "type": "MultiPolygon", "coordinates": [ [ [ [ 579241.462564746616408, 2564808.865538750775158 ], [ 579291.462564746616408, 2564808.865538750775158 ], [ 579291.462564746616408, 2564758.865538750775158 ], [ 579241.462564746616408, 2564758.865538750775158 ], [ 579241.462564746616408, 2564808.865538750775158 ] ] ] ] } },
{ "type": "Feature", "properties": { "id": 1645.0, "temple": 0.0, "parking": 0.0, "junction": 2.0, "building": 6.0, "hotel": 0.0, "id_2": 9, "GHAT_NAME": "Ram Ghat", "n": 1, "distance": 953.35975972814799, "Demand": 12.0, "Class": "Moderate" }, "geometry": { "type": "MultiPolygon", "coordinates": [ [ [ [ 579241.462564746616408, 2564758.865538750775158 ], [ 579291.462564746616408, 2564758.865538750775158 ], [ 579291.462564746616408, 2564708.865538750775158 ], [ 579241.462564746616408, 2564708.865538750775158 ], [ 579241.462564746616408, 2564758.865538750775158 ] ] ] ] } },
{ "type": "Feature", "properties": { "id": 1646.0, "temple": 0.0, "parking": 0.0, "junction": 0.0, "building": 2.0, "hotel": 2.0, "id_2": 9, "GHAT_NAME": "Ram Ghat", "n": 1, "distance": 951.23803760246972, "Demand": 8.0, "Class": "Low" }, "geometry": { "type": "MultiPolygon", "coordinates": [ [ [ [ 579241.462564746616408, 2564708.865538750775158 ], [ 579291.462564746616408, 2564708.865538750775158 ], [ 579291.462564746616408, 2564658.865538750775158 ], [ 579241.462564746616408, 2564658.865538750775158 ], [ 579241.462564746616408, 2564708.865538750775158 ] ] ] ] } },
{ "type": "Feature", "properties": { "id": 1647.0, "temple": 0.0, "parking": 0.0, "junction": 2.0, "building": 4.0, "hotel": 0.0, "id_2": 9, "GHAT_NAME": "Ram Ghat", "n": 1, "distance": 951.11320444615546, "Demand": 10.0, "Class": "Low" }, "geometry": { "type": "MultiPolygon", "coordinates": [ [ [ [ 579241.462564746616408, 2564658.865538750775158 ], [ 579291.462564746616408, 2564658.865538750775158 ], [ 579291.462564746616408, 2564608.865538750775158 ], [ 579241.462564746616408, 2564608.865538750775158 ], [ 579241.462564746616408, 2564658.865538750775158 ] ] ] ] } },
{ "type": "Feature", "properties": { "id": 1648.0, "temple": 0.0, "parking": 0.0, "junction": 1.0, "building": 1.0, "hotel": 0.0, "id_2": 9, "GHAT_NAME": "Ram Ghat", "n": 1, "distance": 951.74196970328217, "Demand": 5.0, "Class": "Very Low" }, "geometry": { "type": "MultiPolygon", "coordinates": [ [ [ [ 579241.462564746616408, 2564608.865538750775158 ], [ 579291.462564746616408, 2564608.865538750775158 ], [ 579291.462564746616408, 2564558.865538750775158 ], [ 579241.462564746616408, 2564558.865538750775158 ], [ 579241.462564746616408, 2564608.865538750775158 ] ] ] ] } },
{ "type": "Feature", "properties": { "id": 1649.0, "temple": 0.0, "parking": 0.0, "junction": 1.0, "building": 3.0, "hotel": 0.0, "id_2": 9, "GHAT_NAME": "Ram Ghat", "n": 1, "distance": 954.01798697239178, "Demand": 7.0, "Class": "Low" }, "geometry": { "type": "MultiPolygon", "coordinates": [ [ [ [ 579241.462564746616408, 2564558.865538750775158 ], [ 579291.462564746616408, 2564558.865538750775158 ], [ 579291.462564746616408, 2564508.865538750775158 ], [ 579241.462564746616408, 2564508.865538750775158 ], [ 579241.462564746616408, 2564558.865538750775158 ] ] ] ] } },
{ "type": "Feature", "properties": { "id": 1650.0, "temple": 0.0, "parking": 0.0, "junction": 1.0, "building": 2.0, "hotel": 0.0, "id_2": 9, "GHAT_NAME": "Ram Ghat", "n": 1, "distance": 957.86326840832396, "Demand": 6.0, "Class": "Low" }, "geometry": { "type": "MultiPolygon", "coordinates": [ [ [ [ 579241.462564746616408, 2564508.865538750775158 ], [ 579291.462564746616408, 2564508.865538750775158 ], [ 579291.462564746616408, 2564458.865538750775158 ], [ 579241.462564746616408, 2564458.865538750775158 ], [ 579241.462564746616408, 2564508.865538750775158 ] ] ] ] } },
{ "type": "Feature", "properties": { "id": 1651.0, "temple": 0.0, "parking": 0.0, "junction": 1.0, "building": 3.0, "hotel": 0.0, "id_2": 9, "GHAT_NAME": "Ram Ghat", "n": 1, "distance": 964.17434091257473, "Demand": 7.0, "Class": "Low" }, "geometry": { "type": "MultiPolygon", "coordinates": [ [ [ [ 579241.462564746616408, 2564458.865538750775158 ], [ 579291.462564746616408, 2564458.865538750775158 ], [ 579291.462564746616408, 2564408.865538750775158 ], [ 579241.462564746616408, 2564408.865538750775158 ], [ 579241.462564746616408, 2564458.865538750775158 ] ] ] ] } },
{ "type": "Feature", "properties": { "id": 1652.0, "temple": 0.0, "parking": 0.0, "junction": 0.0, "building": 3.0, "hotel": 0.0, "id_2": 9, "GHAT_NAME": "Ram Ghat", "n": 1, "distance": 972.99784812325186, "Demand": 5.0, "Class": "Very Low" }, "geometry": { "type": "MultiPolygon", "coordinates": [ [ [ [ 579241.462564746616408, 2564408.865538750775158 ], [ 579291.462564746616408, 2564408.865538750775158 ], [ 579291.462564746616408, 2564358.865538750775158 ], [ 579241.462564746616408, 2564358.865538750775158 ], [ 579241.462564746616408, 2564408.865538750775158 ] ] ] ] } },
{ "type": "Feature", "properties": { "id": 1653.0, "temple": 0.0, "parking": 0.0, "junction": 0.0, "building": 2.0, "hotel": 0.0, "id_2": 9, "GHAT_NAME": "Ram Ghat", "n": 1, "distance": 984.28525602630032, "Demand": 4.0, "Class": "Very Low" }, "geometry": { "type": "MultiPolygon", "coordinates": [ [ [ [ 579241.462564746616408, 2564358.865538750775158 ], [ 579291.462564746616408, 2564358.865538750775158 ], [ 579291.462564746616408, 2564308.865538750775158 ], [ 579241.462564746616408, 2564308.865538750775158 ], [ 579241.462564746616408, 2564358.865538750775158 ] ] ] ] } },
{ "type": "Feature", "properties": { "id": 1654.0, "temple": 0.0, "parking": 0.0, "junction": 1.0, "building": 3.0, "hotel": 0.0, "id_2": 9, "GHAT_NAME": "Ram Ghat", "n": 1, "distance": 994.76271774935753, "Demand": 7.0, "Class": "Low" }, "geometry": { "type": "MultiPolygon", "coordinates": [ [ [ [ 579241.462564746616408, 2564308.865538750775158 ], [ 579291.462564746616408, 2564308.865538750775158 ], [ 579291.462564746616408, 2564258.865538750775158 ], [ 579241.462564746616408, 2564258.865538750775158 ], [ 579241.462564746616408, 2564308.865538750775158 ] ] ] ] } },
{ "type": "Feature", "properties": { "id": 1655.0, "temple": 0.0, "parking": 0.0, "junction": 0.0, "building": 1.0, "hotel": 0.0, "id_2": 9, "GHAT_NAME": "Ram Ghat", "n": 1, "distance": 1007.2956728088966, "Demand": 3.0, "Class": "Very Low" }, "geometry": { "type": "MultiPolygon", "coordinates": [ [ [ [ 579241.462564746616408, 2564258.865538750775158 ], [ 579291.462564746616408, 2564258.865538750775158 ], [ 579291.462564746616408, 2564208.865538750775158 ], [ 579241.462564746616408, 2564208.865538750775158 ], [ 579241.462564746616408, 2564258.865538750775158 ] ] ] ] } },
{ "type": "Feature", "properties": { "id": 1656.0, "temple": 0.0, "parking": 0.0, "junction": 0.0, "building": 4.0, "hotel": 2.0, "id_2": 9, "GHAT_NAME": "Ram Ghat", "n": 1, "distance": 1020.7299360382924, "Demand": 10.0, "Class": "Low" }, "geometry": { "type": "MultiPolygon", "coordinates": [ [ [ [ 579241.462564746616408, 2564208.865538750775158 ], [ 579291.462564746616408, 2564208.865538750775158 ], [ 579291.462564746616408, 2564158.865538750775158 ], [ 579241.462564746616408, 2564158.865538750775158 ], [ 579241.462564746616408, 2564208.865538750775158 ] ] ] ] } },
{ "type": "Feature", "properties": { "id": 1657.0, "temple": 0.0, "parking": 0.0, "junction": 0.0, "building": 3.0, "hotel": 0.0, "id_2": 9, "GHAT_NAME": "Ram Ghat", "n": 1, "distance": 1036.0757852037116, "Demand": 5.0, "Class": "Very Low" }, "geometry": { "type": "MultiPolygon", "coordinates": [ [ [ [ 579241.462564746616408, 2564158.865538750775158 ], [ 579291.462564746616408, 2564158.865538750775158 ], [ 579291.462564746616408, 2564108.865538750775158 ], [ 579241.462564746616408, 2564108.865538750775158 ], [ 579241.462564746616408, 2564158.865538750775158 ] ] ] ] } },
{ "type": "Feature", "properties": { "id": 1658.0, "temple": 0.0, "parking": 0.0, "junction": 0.0, "building": 4.0, "hotel": 0.0, "id_2": 9, "GHAT_NAME": "Ram Ghat", "n": 1, "distance": 1048.3615421675627, "Demand": 6.0, "Class": "Low" }, "geometry": { "type": "MultiPolygon", "coordinates": [ [ [ [ 579241.462564746616408, 2564108.865538750775158 ], [ 579291.462564746616408, 2564108.865538750775158 ], [ 579291.462564746616408, 2564058.865538750775158 ], [ 579241.462564746616408, 2564058.865538750775158 ], [ 579241.462564746616408, 2564108.865538750775158 ] ] ] ] } },
{ "type": "Feature", "properties": { "id": 1659.0, "temple": 0.0, "parking": 0.0, "junction": 2.0, "building": 4.0, "hotel": 0.0, "id_2": 9, "GHAT_NAME": "Ram Ghat", "n": 1, "distance": 1061.6272552149287, "Demand": 10.0, "Class": "Low" }, "geometry": { "type": "MultiPolygon", "coordinates": [ [ [ [ 579241.462564746616408, 2564058.865538750775158 ], [ 579291.462564746616408, 2564058.865538750775158 ], [ 579291.462564746616408, 2564008.865538750775158 ], [ 579241.462564746616408, 2564008.865538750775158 ], [ 579241.462564746616408, 2564058.865538750775158 ] ] ] ] } },
{ "type": "Feature", "properties": { "id": 1660.0, "temple": 0.0, "parking": 0.0, "junction": 0.0, "building": 1.0, "hotel": 0.0, "id_2": 9, "GHAT_NAME": "Ram Ghat", "n": 1, "distance": 1076.7877645096974, "Demand": 3.0, "Class": "Very Low" }, "geometry": { "type": "MultiPolygon", "coordinates": [ [ [ [ 579290.967961555346847, 2563958.865538750775158 ], [ 579241.462564746616408, 2563958.865538750775158 ], [ 579241.462564746616408, 2564008.865538750775158 ], [ 579291.462564746616408, 2564008.865538750775158 ], [ 579291.462564746616408, 2563959.93020607624203 ], [ 579290.967961555346847, 2563958.865538750775158 ] ] ] ] } },
{ "type": "Feature", "properties": { "id": 1661.0, "temple": 0.0, "parking": 0.0, "junction": 1.0, "building": 3.0, "hotel": 2.0, "id_2": 9, "GHAT_NAME": "Ram Ghat", "n": 1, "distance": 1092.812550247789, "Demand": 11.0, "Class": "Moderate" }, "geometry": { "type": "MultiPolygon", "coordinates": [ [ [ [ 579267.739898691070266, 2563908.865538750775158 ], [ 579241.462564746616408, 2563908.865538750775158 ], [ 579241.462564746616408, 2563958.865538750775158 ], [ 579290.967961555346847, 2563958.865538750775158 ], [ 579267.739898691070266, 2563908.865538750775158 ] ] ] ] } },
{ "type": "Feature", "properties": { "id": 1662.0, "temple": 0.0, "parking": 0.0, "junction": 0.0, "building": 4.0, "hotel": 0.0, "id_2": 9, "GHAT_NAME": "Ram Ghat", "n": 1, "distance": 1110.7866137067278, "Demand": 6.0, "Class": "Low" }, "geometry": { "type": "MultiPolygon", "coordinates": [ [ [ [ 579244.51183582667727, 2563858.865538750775158 ], [ 579241.462564746616408, 2563858.865538750775158 ], [ 579241.462564746616408, 2563908.865538750775158 ], [ 579267.739898691070266, 2563908.865538750775158 ], [ 579244.51183582667727, 2563858.865538750775158 ] ] ] ] } },
{ "type": "Feature", "properties": { "id": 1663.0, "temple": 0.0, "parking": 0.0, "junction": 0.0, "building": 0.0, "hotel": 0.0, "id_2": 9, "GHAT_NAME": "Ram Ghat", "n": 1, "distance": 1130.6876369718748, "Demand": 2.0, "Class": "Very Low" }, "geometry": { "type": "MultiPolygon", "coordinates": [ [ [ [ 579241.462564746616408, 2563852.301773407962173 ], [ 579241.462564746616408, 2563858.865538750775158 ], [ 579244.51183582667727, 2563858.865538750775158 ], [ 579241.462564746616408, 2563852.301773407962173 ] ] ] ] } },
{ "type": "Feature", "properties": { "id": 1684.0, "temple": 0.0, "parking": 0.0, "junction": 0.0, "building": 0.0, "hotel": 0.0, "id_2": 8, "GHAT_NAME": "Sumeru Ghat", "n": 1, "distance": 1036.320220190586, "Demand": 2.0, "Class": "Very Low" }, "geometry": { "type": "MultiPolygon", "coordinates": [ [ [ [ 579293.820764342672192, 2564958.865538750775158 ], [ 579291.462564746616408, 2564958.865538750775158 ], [ 579291.462564746616408, 2564963.803737396840006 ], [ 579293.820764342672192, 2564958.865538750775158 ] ] ] ] } },
{ "type": "Feature", "properties": { "id": 1685.0, "temple": 0.0, "parking": 0.0, "junction": 0.0, "building": 0.0, "hotel": 0.0, "id_2": 8, "GHAT_NAME": "Sumeru Ghat", "n": 1, "distance": 1028.0164294314068, "Demand": 2.0, "Class": "Very Low" }, "geometry": { "type": "MultiPolygon", "coordinates": [ [ [ [ 579317.697888016235083, 2564908.865538750775158 ], [ 579291.462564746616408, 2564908.865538750775158 ], [ 579291.462564746616408, 2564958.865538750775158 ], [ 579293.820764342672192, 2564958.865538750775158 ], [ 579317.697888016235083, 2564908.865538750775158 ] ] ] ] } },
{ "type": "Feature", "properties": { "id": 1686.0, "temple": 0.0, "parking": 0.0, "junction": 0.0, "building": 3.0, "hotel": 0.0, "id_2": 9, "GHAT_NAME": "Ram Ghat", "n": 1, "distance": 1020.4996103472496, "Demand": 5.0, "Class": "Very Low" }, "geometry": { "type": "MultiPolygon", "coordinates": [ [ [ [ 579341.462564746616408, 2564859.101008786354214 ], [ 579341.462564746616408, 2564858.865538750775158 ], [ 579291.462564746616408, 2564858.865538750775158 ], [ 579291.462564746616408, 2564908.865538750775158 ], [ 579317.697888016235083, 2564908.865538750775158 ], [ 579341.462564746616408, 2564859.101008786354214 ] ] ] ] } },
{ "type": "Feature", "properties": { "id": 1687.0, "temple": 0.0, "parking": 0.0, "junction": 1.0, "building": 4.0, "hotel": 0.0, "id_2": 9, "GHAT_NAME": "Ram Ghat", "n": 1, "distance": 1012.9400873627195, "Demand": 8.0, "Class": "Low" }, "geometry": { "type": "MultiPolygon", "coordinates": [ [ [ [ 579291.462564746616408, 2564858.865538750775158 ], [ 579341.462564746616408, 2564858.865538750775158 ], [ 579341.462564746616408, 2564808.865538750775158 ], [ 579291.462564746616408, 2564808.865538750775158 ], [ 579291.462564746616408, 2564858.865538750775158 ] ] ] ] } },
{ "type": "Feature", "properties": { "id": 1688.0, "temple": 0.0, "parking": 0.0, "junction": 0.0, "building": 3.0, "hotel": 0.0, "id_2": 9, "GHAT_NAME": "Ram Ghat", "n": 1, "distance": 1007.7436078689074, "Demand": 5.0, "Class": "Very Low" }, "geometry": { "type": "MultiPolygon", "coordinates": [ [ [ [ 579291.462564746616408, 2564808.865538750775158 ], [ 579341.462564746616408, 2564808.865538750775158 ], [ 579341.462564746616408, 2564758.865538750775158 ], [ 579291.462564746616408, 2564758.865538750775158 ], [ 579291.462564746616408, 2564808.865538750775158 ] ] ] ] } },
{ "type": "Feature", "properties": { "id": 1689.0, "temple": 0.0, "parking": 0.0, "junction": 0.0, "building": 2.0, "hotel": 0.0, "id_2": 9, "GHAT_NAME": "Ram Ghat", "n": 1, "distance": 1003.2478018483408, "Demand": 4.0, "Class": "Very Low" }, "geometry": { "type": "MultiPolygon", "coordinates": [ [ [ [ 579291.462564746616408, 2564758.865538750775158 ], [ 579341.462564746616408, 2564758.865538750775158 ], [ 579341.462564746616408, 2564708.865538750775158 ], [ 579291.462564746616408, 2564708.865538750775158 ], [ 579291.462564746616408, 2564758.865538750775158 ] ] ] ] } },
{ "type": "Feature", "properties": { "id": 1690.0, "temple": 0.0, "parking": 0.0, "junction": 0.0, "building": 7.0, "hotel": 0.0, "id_2": 9, "GHAT_NAME": "Ram Ghat", "n": 1, "distance": 1001.2318036430991, "Demand": 9.0, "Class": "Low" }, "geometry": { "type": "MultiPolygon", "coordinates": [ [ [ [ 579291.462564746616408, 2564708.865538750775158 ], [ 579341.462564746616408, 2564708.865538750775158 ], [ 579341.462564746616408, 2564658.865538750775158 ], [ 579291.462564746616408, 2564658.865538750775158 ], [ 579291.462564746616408, 2564708.865538750775158 ] ] ] ] } },
{ "type": "Feature", "properties": { "id": 1691.0, "temple": 0.0, "parking": 0.0, "junction": 1.0, "building": 0.0, "hotel": 0.0, "id_2": 9, "GHAT_NAME": "Ram Ghat", "n": 1, "distance": 1001.1132044461555, "Demand": 4.0, "Class": "Very Low" }, "geometry": { "type": "MultiPolygon", "coordinates": [ [ [ [ 579291.462564746616408, 2564658.865538750775158 ], [ 579341.462564746616408, 2564658.865538750775158 ], [ 579341.462564746616408, 2564608.865538750775158 ], [ 579291.462564746616408, 2564608.865538750775158 ], [ 579291.462564746616408, 2564658.865538750775158 ] ] ] ] } },
{ "type": "Feature", "properties": { "id": 1692.0, "temple": 0.0, "parking": 0.0, "junction": 0.0, "building": 4.0, "hotel": 0.0, "id_2": 9, "GHAT_NAME": "Ram Ghat", "n": 1, "distance": 1001.710585618071, "Demand": 6.0, "Class": "Low" }, "geometry": { "type": "MultiPolygon", "coordinates": [ [ [ [ 579291.462564746616408, 2564608.865538750775158 ], [ 579341.462564746616408, 2564608.865538750775158 ], [ 579341.462564746616408, 2564558.865538750775158 ], [ 579291.462564746616408, 2564558.865538750775158 ], [ 579291.462564746616408, 2564608.865538750775158 ] ] ] ] } },
{ "type": "Feature", "properties": { "id": 1693.0, "temple": 0.0, "parking": 0.0, "junction": 0.0, "building": 6.0, "hotel": 0.0, "id_2": 9, "GHAT_NAME": "Ram Ghat", "n": 1, "distance": 1003.9565077943581, "Demand": 8.0, "Class": "Low" }, "geometry": { "type": "MultiPolygon", "coordinates": [ [ [ [ 579291.462564746616408, 2564558.865538750775158 ], [ 579341.462564746616408, 2564558.865538750775158 ], [ 579341.462564746616408, 2564508.865538750775158 ], [ 579291.462564746616408, 2564508.865538750775158 ], [ 579291.462564746616408, 2564558.865538750775158 ] ] ] ] } },
{ "type": "Feature", "properties": { "id": 1694.0, "temple": 0.0, "parking": 0.0, "junction": 0.0, "building": 3.0, "hotel": 0.0, "id_2": 9, "GHAT_NAME": "Ram Ghat", "n": 1, "distance": 1007.611230108947, "Demand": 5.0, "Class": "Very Low" }, "geometry": { "type": "MultiPolygon", "coordinates": [ [ [ [ 579291.462564746616408, 2564508.865538750775158 ], [ 579341.462564746616408, 2564508.865538750775158 ], [ 579341.462564746616408, 2564458.865538750775158 ], [ 579291.462564746616408, 2564458.865538750775158 ], [ 579291.462564746616408, 2564508.865538750775158 ] ] ] ] } },
{ "type": "Feature", "properties": { "id": 1695.0, "temple": 0.0, "parking": 0.0, "junction": 0.0, "building": 2.0, "hotel": 0.0, "id_2": 9, "GHAT_NAME": "Ram Ghat", "n": 1, "distance": 1013.6266112223077, "Demand": 4.0, "Class": "Very Low" }, "geometry": { "type": "MultiPolygon", "coordinates": [ [ [ [ 579291.462564746616408, 2564458.865538750775158 ], [ 579341.462564746616408, 2564458.865538750775158 ], [ 579341.462564746616408, 2564408.865538750775158 ], [ 579291.462564746616408, 2564408.865538750775158 ], [ 579291.462564746616408, 2564458.865538750775158 ] ] ] ] } },
{ "type": "Feature", "properties": { "id": 1696.0, "temple": 0.0, "parking": 0.0, "junction": 0.0, "building": 3.0, "hotel": 0.0, "id_2": 9, "GHAT_NAME": "Ram Ghat", "n": 1, "distance": 1022.0232677176681, "Demand": 5.0, "Class": "Very Low" }, "geometry": { "type": "MultiPolygon", "coordinates": [ [ [ [ 579291.462564746616408, 2564408.865538750775158 ], [ 579341.462564746616408, 2564408.865538750775158 ], [ 579341.462564746616408, 2564358.865538750775158 ], [ 579291.462564746616408, 2564358.865538750775158 ], [ 579291.462564746616408, 2564408.865538750775158 ] ] ] ] } },
{ "type": "Feature", "properties": { "id": 1697.0, "temple": 0.0, "parking": 0.0, "junction": 2.0, "building": 3.0, "hotel": 1.0, "id_2": 9, "GHAT_NAME": "Ram Ghat", "n": 1, "distance": 1032.7750057658159, "Demand": 11.0, "Class": "Moderate" }, "geometry": { "type": "MultiPolygon", "coordinates": [ [ [ [ 579291.462564746616408, 2564358.865538750775158 ], [ 579341.462564746616408, 2564358.865538750775158 ], [ 579341.462564746616408, 2564308.865538750775158 ], [ 579291.462564746616408, 2564308.865538750775158 ], [ 579291.462564746616408, 2564358.865538750775158 ] ] ] ] } },
{ "type": "Feature", "properties": { "id": 1698.0, "temple": 0.0, "parking": 0.0, "junction": 0.0, "building": 2.0, "hotel": 0.0, "id_2": 9, "GHAT_NAME": "Ram Ghat", "n": 1, "distance": 1043.5179990420984, "Demand": 4.0, "Class": "Very Low" }, "geometry": { "type": "MultiPolygon", "coordinates": [ [ [ [ 579291.462564746616408, 2564308.865538750775158 ], [ 579341.462564746616408, 2564308.865538750775158 ], [ 579341.462564746616408, 2564258.865538750775158 ], [ 579291.462564746616408, 2564258.865538750775158 ], [ 579291.462564746616408, 2564308.865538750775158 ] ] ] ] } },
{ "type": "Feature", "properties": { "id": 1699.0, "temple": 0.0, "parking": 0.0, "junction": 0.0, "building": 3.0, "hotel": 0.0, "id_2": 9, "GHAT_NAME": "Ram Ghat", "n": 1, "distance": 1055.4721797187572, "Demand": 5.0, "Class": "Very Low" }, "geometry": { "type": "MultiPolygon", "coordinates": [ [ [ [ 579291.462564746616408, 2564258.865538750775158 ], [ 579341.462564746616408, 2564258.865538750775158 ], [ 579341.462564746616408, 2564208.865538750775158 ], [ 579291.462564746616408, 2564208.865538750775158 ], [ 579291.462564746616408, 2564258.865538750775158 ] ] ] ] } },
{ "type": "Feature", "properties": { "id": 1700.0, "temple": 0.0, "parking": 0.0, "junction": 3.0, "building": 1.0, "hotel": 0.0, "id_2": 9, "GHAT_NAME": "Ram Ghat", "n": 1, "distance": 1068.7551216310985, "Demand": 9.0, "Class": "Low" }, "geometry": { "type": "MultiPolygon", "coordinates": [ [ [ [ 579291.462564746616408, 2564208.865538750775158 ], [ 579341.462564746616408, 2564208.865538750775158 ], [ 579341.462564746616408, 2564158.865538750775158 ], [ 579291.462564746616408, 2564158.865538750775158 ], [ 579291.462564746616408, 2564208.865538750775158 ] ] ] ] } },
{ "type": "Feature", "properties": { "id": 1701.0, "temple": 0.0, "parking": 0.0, "junction": 0.0, "building": 3.0, "hotel": 0.0, "id_2": 9, "GHAT_NAME": "Ram Ghat", "n": 1, "distance": 1083.4209432964897, "Demand": 5.0, "Class": "Very Low" }, "geometry": { "type": "MultiPolygon", "coordinates": [ [ [ [ 579291.462564746616408, 2564158.865538750775158 ], [ 579341.462564746616408, 2564158.865538750775158 ], [ 579341.462564746616408, 2564108.865538750775158 ], [ 579291.462564746616408, 2564108.865538750775158 ], [ 579291.462564746616408, 2564158.865538750775158 ] ] ] ] } },
{ "type": "Feature", "properties": { "id": 1702.0, "temple": 0.0, "parking": 0.0, "junction": 0.0, "building": 4.0, "hotel": 0.0, "id_2": 9, "GHAT_NAME": "Ram Ghat", "n": 1, "distance": 1096.9283976267943, "Demand": 6.0, "Class": "Low" }, "geometry": { "type": "MultiPolygon", "coordinates": [ [ [ [ 579337.424087284016423, 2564058.865538750775158 ], [ 579291.462564746616408, 2564058.865538750775158 ], [ 579291.462564746616408, 2564108.865538750775158 ], [ 579341.462564746616408, 2564108.865538750775158 ], [ 579341.462564746616408, 2564067.558638744056225 ], [ 579337.424087284016423, 2564058.865538750775158 ] ] ] ] } },
{ "type": "Feature", "properties": { "id": 1703.0, "temple": 0.0, "parking": 0.0, "junction": 0.0, "building": 5.0, "hotel": 0.0, "id_2": 9, "GHAT_NAME": "Ram Ghat", "n": 1, "distance": 1109.6136334054841, "Demand": 7.0, "Class": "Low" }, "geometry": { "type": "MultiPolygon", "coordinates": [ [ [ [ 579314.196024419739842, 2564008.865538750775158 ], [ 579291.462564746616408, 2564008.865538750775158 ], [ 579291.462564746616408, 2564058.865538750775158 ], [ 579337.424087284016423, 2564058.865538750775158 ], [ 579314.196024419739842, 2564008.865538750775158 ] ] ] ] } },
{ "type": "Feature", "properties": { "id": 1704.0, "temple": 0.0, "parking": 0.0, "junction": 0.0, "building": 0.0, "hotel": 0.0, "id_2": 9, "GHAT_NAME": "Ram Ghat", "n": 1, "distance": 1124.3811281583094, "Demand": 2.0, "Class": "Very Low" }, "geometry": { "type": "MultiPolygon", "coordinates": [ [ [ [ 579291.462564746616408, 2563959.93020607624203 ], [ 579291.462564746616408, 2564008.865538750775158 ], [ 579314.196024419739842, 2564008.865538750775158 ], [ 579291.462564746616408, 2563959.93020607624203 ] ] ] ] } },
{ "type": "Feature", "properties": { "id": 1730.0, "temple": 0.0, "parking": 0.0, "junction": 0.0, "building": 0.0, "hotel": 0.0, "id_2": 9, "GHAT_NAME": "Ram Ghat", "n": 1, "distance": 1069.7627294302724, "Demand": 2.0, "Class": "Very Low" }, "geometry": { "type": "MultiPolygon", "coordinates": [ [ [ [ 579341.575011689797975, 2564858.865538750775158 ], [ 579341.462564746616408, 2564858.865538750775158 ], [ 579341.462564746616408, 2564859.101008786354214 ], [ 579341.575011689797975, 2564858.865538750775158 ] ] ] ] } },
{ "type": "Feature", "properties": { "id": 1731.0, "temple": 0.0, "parking": 0.0, "junction": 1.0, "building": 1.0, "hotel": 0.0, "id_2": 9, "GHAT_NAME": "Ram Ghat", "n": 1, "distance": 1062.5537460032842, "Demand": 5.0, "Class": "Very Low" }, "geometry": { "type": "MultiPolygon", "coordinates": [ [ [ [ 579365.452135363360867, 2564808.865538750775158 ], [ 579341.462564746616408, 2564808.865538750775158 ], [ 579341.462564746616408, 2564858.865538750775158 ], [ 579341.575011689797975, 2564858.865538750775158 ], [ 579365.452135363360867, 2564808.865538750775158 ] ] ] ] } },
{ "type": "Feature", "properties": { "id": 1732.0, "temple": 0.0, "parking": 0.0, "junction": 0.0, "building": 4.0, "hotel": 0.0, "id_2": 9, "GHAT_NAME": "Ram Ghat", "n": 1, "distance": 1057.430139368676, "Demand": 6.0, "Class": "Low" }, "geometry": { "type": "MultiPolygon", "coordinates": [ [ [ [ 579366.515797886997461, 2564806.638171379920095 ], [ 579373.770943455980159, 2564758.865538750775158 ], [ 579341.462564746616408, 2564758.865538750775158 ], [ 579341.462564746616408, 2564808.865538750775158 ], [ 579365.452135363360867, 2564808.865538750775158 ], [ 579366.515797886997461, 2564806.638171379920095 ] ] ] ] } },
{ "type": "Feature", "properties": { "id": 1733.0, "temple": 0.0, "parking": 0.0, "junction": 1.0, "building": 2.0, "hotel": 1.0, "id_2": 9, "GHAT_NAME": "Ram Ghat", "n": 1, "distance": 1053.1464629186878, "Demand": 8.0, "Class": "Low" }, "geometry": { "type": "MultiPolygon", "coordinates": [ [ [ [ 579381.364355384139344, 2564708.865538750775158 ], [ 579341.462564746616408, 2564708.865538750775158 ], [ 579341.462564746616408, 2564758.865538750775158 ], [ 579373.770943455980159, 2564758.865538750775158 ], [ 579381.364355384139344, 2564708.865538750775158 ] ] ] ] } },
{ "type": "Feature", "properties": { "id": 1734.0, "temple": 0.0, "parking": 0.0, "junction": 2.0, "building": 3.0, "hotel": 0.0, "id_2": 9, "GHAT_NAME": "Ram Ghat", "n": 1, "distance": 1051.2261626648324, "Demand": 9.0, "Class": "Low" }, "geometry": { "type": "MultiPolygon", "coordinates": [ [ [ [ 579388.957767312414944, 2564658.865538750775158 ], [ 579341.462564746616408, 2564658.865538750775158 ], [ 579341.462564746616408, 2564708.865538750775158 ], [ 579381.364355384139344, 2564708.865538750775158 ], [ 579388.957767312414944, 2564658.865538750775158 ] ] ] ] } },
{ "type": "Feature", "properties": { "id": 1735.0, "temple": 0.0, "parking": 0.0, "junction": 0.0, "building": 1.0, "hotel": 0.0, "id_2": 9, "GHAT_NAME": "Ram Ghat", "n": 1, "distance": 1051.1132044461556, "Demand": 3.0, "Class": "Very Low" }, "geometry": { "type": "MultiPolygon", "coordinates": [ [ [ [ 579391.462564746616408, 2564642.372311082202941 ], [ 579391.462564746616408, 2564608.865538750775158 ], [ 579341.462564746616408, 2564608.865538750775158 ], [ 579341.462564746616408, 2564658.865538750775158 ], [ 579388.957767312414944, 2564658.865538750775158 ], [ 579391.462564746616408, 2564642.372311082202941 ] ] ] ] } },
{ "type": "Feature", "properties": { "id": 1736.0, "temple": 0.0, "parking": 0.0, "junction": 0.0, "building": 5.0, "hotel": 0.0, "id_2": 9, "GHAT_NAME": "Ram Ghat", "n": 1, "distance": 1051.6821847801332, "Demand": 7.0, "Class": "Low" }, "geometry": { "type": "MultiPolygon", "coordinates": [ [ [ [ 579341.462564746616408, 2564608.865538750775158 ], [ 579391.462564746616408, 2564608.865538750775158 ], [ 579391.462564746616408, 2564558.865538750775158 ], [ 579341.462564746616408, 2564558.865538750775158 ], [ 579341.462564746616408, 2564608.865538750775158 ] ] ] ] } },
{ "type": "Feature", "properties": { "id": 1737.0, "temple": 0.0, "parking": 0.0, "junction": 0.0, "building": 4.0, "hotel": 0.0, "id_2": 9, "GHAT_NAME": "Ram Ghat", "n": 1, "distance": 1053.9008585338715, "Demand": 6.0, "Class": "Low" }, "geometry": { "type": "MultiPolygon", "coordinates": [ [ [ [ 579341.462564746616408, 2564558.865538750775158 ], [ 579391.462564746616408, 2564558.865538750775158 ], [ 579391.462564746616408, 2564508.865538750775158 ], [ 579341.462564746616408, 2564508.865538750775158 ], [ 579341.462564746616408, 2564558.865538750775158 ] ] ] ] } },
{ "type": "Feature", "properties": { "id": 1738.0, "temple": 0.0, "parking": 0.0, "junction": 0.0, "building": 5.0, "hotel": 0.0, "id_2": 9, "GHAT_NAME": "Ram Ghat", "n": 1, "distance": 1057.3829680477427, "Demand": 7.0, "Class": "Low" }, "geometry": { "type": "MultiPolygon", "coordinates": [ [ [ [ 579341.462564746616408, 2564508.865538750775158 ], [ 579391.462564746616408, 2564508.865538750775158 ], [ 579391.462564746616408, 2564458.865538750775158 ], [ 579341.462564746616408, 2564458.865538750775158 ], [ 579341.462564746616408, 2564508.865538750775158 ] ] ] ] } },
{ "type": "Feature", "properties": { "id": 1739.0, "temple": 0.0, "parking": 0.0, "junction": 0.0, "building": 3.0, "hotel": 1.0, "id_2": 9, "GHAT_NAME": "Ram Ghat", "n": 1, "distance": 1063.1301210490844, "Demand": 7.0, "Class": "Low" }, "geometry": { "type": "MultiPolygon", "coordinates": [ [ [ [ 579341.462564746616408, 2564458.865538750775158 ], [ 579391.462564746616408, 2564458.865538750775158 ], [ 579391.462564746616408, 2564408.865538750775158 ], [ 579341.462564746616408, 2564408.865538750775158 ], [ 579341.462564746616408, 2564458.865538750775158 ] ] ] ] } },
{ "type": "Feature", "properties": { "id": 1740.0, "temple": 0.0, "parking": 0.0, "junction": 0.0, "building": 3.0, "hotel": 0.0, "id_2": 9, "GHAT_NAME": "Ram Ghat", "n": 1, "distance": 1071.1387898214321, "Demand": 5.0, "Class": "Very Low" }, "geometry": { "type": "MultiPolygon", "coordinates": [ [ [ [ 579341.462564746616408, 2564408.865538750775158 ], [ 579391.462564746616408, 2564408.865538750775158 ], [ 579391.462564746616408, 2564358.865538750775158 ], [ 579341.462564746616408, 2564358.865538750775158 ], [ 579341.462564746616408, 2564408.865538750775158 ] ] ] ] } },
{ "type": "Feature", "properties": { "id": 1741.0, "temple": 0.0, "parking": 0.0, "junction": 0.0, "building": 1.0, "hotel": 1.0, "id_2": 9, "GHAT_NAME": "Ram Ghat", "n": 1, "distance": 1081.402311740826, "Demand": 5.0, "Class": "Very Low" }, "geometry": { "type": "MultiPolygon", "coordinates": [ [ [ [ 579341.462564746616408, 2564358.865538750775158 ], [ 579391.462564746616408, 2564358.865538750775158 ], [ 579391.462564746616408, 2564308.865538750775158 ], [ 579341.462564746616408, 2564308.865538750775158 ], [ 579341.462564746616408, 2564358.865538750775158 ] ] ] ] } },
{ "type": "Feature", "properties": { "id": 1742.0, "temple": 0.0, "parking": 0.0, "junction": 0.0, "building": 4.0, "hotel": 0.0, "id_2": 9, "GHAT_NAME": "Ram Ghat", "n": 1, "distance": 1092.3858128086254, "Demand": 6.0, "Class": "Low" }, "geometry": { "type": "MultiPolygon", "coordinates": [ [ [ [ 579388.398045271169394, 2564258.865538750775158 ], [ 579341.462564746616408, 2564258.865538750775158 ], [ 579341.462564746616408, 2564308.865538750775158 ], [ 579391.462564746616408, 2564308.865538750775158 ], [ 579391.462564746616408, 2564280.602772417012602 ], [ 579388.398045271169394, 2564258.865538750775158 ] ] ] ] } },
{ "type": "Feature", "properties": { "id": 1743.0, "temple": 0.0, "parking": 0.0, "junction": 1.0, "building": 4.0, "hotel": 0.0, "id_2": 9, "GHAT_NAME": "Ram Ghat", "n": 1, "distance": 1103.8108859134343, "Demand": 8.0, "Class": "Low" }, "geometry": { "type": "MultiPolygon", "coordinates": [ [ [ [ 579381.349035441991873, 2564208.865538750775158 ], [ 579341.462564746616408, 2564208.865538750775158 ], [ 579341.462564746616408, 2564258.865538750775158 ], [ 579388.398045271169394, 2564258.865538750775158 ], [ 579381.349035441991873, 2564208.865538750775158 ] ] ] ] } },
{ "type": "Feature", "properties": { "id": 1744.0, "temple": 0.0, "parking": 0.0, "junction": 0.0, "building": 3.0, "hotel": 0.0, "id_2": 9, "GHAT_NAME": "Ram Ghat", "n": 1, "distance": 1116.9536327442927, "Demand": 5.0, "Class": "Very Low" }, "geometry": { "type": "MultiPolygon", "coordinates": [ [ [ [ 579374.300025612814352, 2564158.865538750775158 ], [ 579341.462564746616408, 2564158.865538750775158 ], [ 579341.462564746616408, 2564208.865538750775158 ], [ 579381.349035441991873, 2564208.865538750775158 ], [ 579374.300025612814352, 2564158.865538750775158 ] ] ] ] } },
{ "type": "Feature", "properties": { "id": 1745.0, "temple": 0.0, "parking": 0.0, "junction": 0.0, "building": 2.0, "hotel": 0.0, "id_2": 9, "GHAT_NAME": "Ram Ghat", "n": 1, "distance": 1130.9946277774372, "Demand": 4.0, "Class": "Very Low" }, "geometry": { "type": "MultiPolygon", "coordinates": [ [ [ [ 579370.126058508642018, 2564129.25877691200003 ], [ 579360.652150148293003, 2564108.865538750775158 ], [ 579341.462564746616408, 2564108.865538750775158 ], [ 579341.462564746616408, 2564158.865538750775158 ], [ 579374.300025612814352, 2564158.865538750775158 ], [ 579370.126058508642018, 2564129.25877691200003 ] ] ] ] } },
{ "type": "Feature", "properties": { "id": 1746.0, "temple": 0.0, "parking": 0.0, "junction": 0.0, "building": 1.0, "hotel": 0.0, "id_2": 9, "GHAT_NAME": "Ram Ghat", "n": 1, "distance": 1145.6185647693665, "Demand": 3.0, "Class": "Very Low" }, "geometry": { "type": "MultiPolygon", "coordinates": [ [ [ [ 579341.462564746616408, 2564067.558638744056225 ], [ 579341.462564746616408, 2564108.865538750775158 ], [ 579360.652150148293003, 2564108.865538750775158 ], [ 579341.462564746616408, 2564067.558638744056225 ] ] ] ] } },
{ "type": "Feature", "properties": { "id": 1779.0, "temple": 0.0, "parking": 0.0, "junction": 0.0, "building": 0.0, "hotel": 0.0, "id_2": 9, "GHAT_NAME": "Ram Ghat", "n": 1, "distance": 1101.1137369939468, "Demand": 2.0, "Class": "Very Low" }, "geometry": { "type": "MultiPolygon", "coordinates": [ [ [ [ 579396.551179240574129, 2564608.865538750775158 ], [ 579391.462564746616408, 2564608.865538750775158 ], [ 579391.462564746616408, 2564642.372311082202941 ], [ 579396.551179240574129, 2564608.865538750775158 ] ] ] ] } },
{ "type": "Feature", "properties": { "id": 1780.0, "temple": 0.0, "parking": 0.0, "junction": 0.0, "building": 3.0, "hotel": 0.0, "id_2": 9, "GHAT_NAME": "Ram Ghat", "n": 1, "distance": 1101.656361225464, "Demand": 5.0, "Class": "Very Low" }, "geometry": { "type": "MultiPolygon", "coordinates": [ [ [ [ 579404.144591168849729, 2564558.865538750775158 ], [ 579391.462564746616408, 2564558.865538750775158 ], [ 579391.462564746616408, 2564608.865538750775158 ], [ 579396.551179240574129, 2564608.865538750775158 ], [ 579404.144591168849729, 2564558.865538750775158 ] ] ] ] } },
{ "type": "Feature", "properties": { "id": 1781.0, "temple": 0.0, "parking": 0.0, "junction": 0.0, "building": 2.0, "hotel": 0.0, "id_2": 9, "GHAT_NAME": "Ram Ghat", "n": 1, "distance": 1103.8502478571174, "Demand": 4.0, "Class": "Very Low" }, "geometry": { "type": "MultiPolygon", "coordinates": [ [ [ [ 579411.738003097008914, 2564508.865538750775158 ], [ 579391.462564746616408, 2564508.865538750775158 ], [ 579391.462564746616408, 2564558.865538750775158 ], [ 579404.144591168849729, 2564558.865538750775158 ], [ 579411.738003097008914, 2564508.865538750775158 ] ] ] ] } },
{ "type": "Feature", "properties": { "id": 1782.0, "temple": 0.0, "parking": 0.0, "junction": 0.0, "building": 3.0, "hotel": 0.0, "id_2": 9, "GHAT_NAME": "Ram Ghat", "n": 1, "distance": 1107.1752757324568, "Demand": 5.0, "Class": "Very Low" }, "geometry": { "type": "MultiPolygon", "coordinates": [ [ [ [ 579416.594084587879479, 2564458.865538750775158 ], [ 579391.462564746616408, 2564458.865538750775158 ], [ 579391.462564746616408, 2564508.865538750775158 ], [ 579411.738003097008914, 2564508.865538750775158 ], [ 579417.91186312737409, 2564468.212798660155386 ], [ 579416.594084587879479, 2564458.865538750775158 ] ] ] ] } },
{ "type": "Feature", "properties": { "id": 1783.0, "temple": 0.0, "parking": 0.0, "junction": 0.0, "building": 1.0, "hotel": 0.0, "id_2": 9, "GHAT_NAME": "Ram Ghat", "n": 1, "distance": 1112.6780314114512, "Demand": 3.0, "Class": "Very Low" }, "geometry": { "type": "MultiPolygon", "coordinates": [ [ [ [ 579409.545074758701958, 2564408.865538750775158 ], [ 579391.462564746616408, 2564408.865538750775158 ], [ 579391.462564746616408, 2564458.865538750775158 ], [ 579416.594084587879479, 2564458.865538750775158 ], [ 579409.545074758701958, 2564408.865538750775158 ] ] ] ] } },
{ "type": "Feature", "properties": { "id": 1784.0, "temple": 0.0, "parking": 0.0, "junction": 0.0, "building": 0.0, "hotel": 0.0, "id_2": 9, "GHAT_NAME": "Ram Ghat", "n": 1, "distance": 1120.3325641808076, "Demand": 2.0, "Class": "Very Low" }, "geometry": { "type": "MultiPolygon", "coordinates": [ [ [ [ 579402.496064929524437, 2564358.865538750775158 ], [ 579391.462564746616408, 2564358.865538750775158 ], [ 579391.462564746616408, 2564408.865538750775158 ], [ 579409.545074758701958, 2564408.865538750775158 ], [ 579402.496064929524437, 2564358.865538750775158 ] ] ] ] } },
{ "type": "Feature", "properties": { "id": 1785.0, "temple": 0.0, "parking": 0.0, "junction": 0.0, "building": 0.0, "hotel": 0.0, "id_2": 9, "GHAT_NAME": "Ram Ghat", "n": 1, "distance": 1130.1494180603838, "Demand": 2.0, "Class": "Very Low" }, "geometry": { "type": "MultiPolygon", "coordinates": [ [ [ [ 579395.447055100346915, 2564308.865538750775158 ], [ 579391.462564746616408, 2564308.865538750775158 ], [ 579391.462564746616408, 2564358.865538750775158 ], [ 579402.496064929524437, 2564358.865538750775158 ], [ 579395.447055100346915, 2564308.865538750775158 ] ] ] ] } },
{ "type": "Feature", "properties": { "id": 1786.0, "temple": 0.0, "parking": 0.0, "junction": 0.0, "building": 0.0, "hotel": 0.0, "id_2": 9, "GHAT_NAME": "Ram Ghat", "n": 1, "distance": 1141.3517046582519, "Demand": 2.0, "Class": "Very Low" }, "geometry": { "type": "MultiPolygon", "coordinates": [ [ [ [ 579391.462564746616408, 2564280.602772417012602 ], [ 579391.462564746616408, 2564308.865538750775158 ], [ 579395.447055100346915, 2564308.865538750775158 ], [ 579391.462564746616408, 2564280.602772417012602 ] ] ] ] } }
]
}
